<?xml version="1.0" encoding="UTF-8"?>
<!DOCTYPE task PUBLIC "-//IBM//DTD DITA Composite//EN" "c:/dtd/ditabase.dtd">
<task id="accesspubrec_hdi" otherprops="pub">
	<title>How do I access public records data?</title>
	<prolog>
		<author>Barb Bruns</author>
		<copyright>
			<copyryear year="2007"/>
			<copyrholder>Lexisnexis</copyrholder>
		</copyright>
		<critdates>
			<created date="2006-10-03"/>
		</critdates>
		<metadata>
			<prodinfo>
				<prodname>Lexis Advance</prodname>
				<vrmlist>
					<vrm version="1"/>
				</vrmlist>
			</prodinfo>
		</metadata>
	</prolog>
	<taskbody>
		<context>
			<p>Access to public records data is available from the <uicontrol>Research</uicontrol> menu for users who have a public records ID and password. To access public records data:</p>
		</context>
		<steps>
			<step>
				<cmd>Sign in to <ph keyref="prodnamefirst"/> using an ID and password that are valid for access to public records data.</cmd>
			</step>
			<step>
				<cmd>On the top navigation bar, select <uicontrol>Research</uicontrol>.</cmd>
			</step>
			<step>
				<cmd>Select <uicontrol>Public Records</uicontrol>.</cmd>
			</step>
			<step>
				<cmd>Select a default DPPA use and a default GLBA use, and select <uicontrol>Confirm</uicontrol>.</cmd>
			</step>
		</steps>
		<result>
			<note type="note">If your <ph keyref="prodname"/> ID and password are not valid for access to public records data, you can contact your sales representative for more information.</note>
		</result>
	</taskbody>
</task>