<?xml version="1.0" encoding="UTF-8"?>
<!DOCTYPE task PUBLIC "-//IBM//DTD DITA Composite//EN" "c:/dtd/ditabase.dtd">
<task id="addnote_hdi" otherprops="folders">
	<title><ph audience="hide">1</ph>How do I add a note to an item in one of my folders?</title>
	<prolog>
		<author>Barb Bruns</author>
		<author>Christina Stommel (GDSI Release)</author>
		<copyright>
			<copyryear year="2007"/>
			<copyrholder>Lexisnexis</copyrholder>
		</copyright>
		<critdates>
			<created date="2006-10-03"/>
		</critdates>
		<metadata>			
			<prodinfo>
				<prodname>Lexis Advance</prodname>
				<vrmlist>
					<vrm version="1"/>
				</vrmlist>
			</prodinfo>
		</metadata>
	</prolog>
	<taskbody>
		<context>
			<p>You can add notes to any item, such as a document or a section of text, that you have stored in a folder. To add a note, follow the steps below.</p>
			<p>To do this:</p>
		</context>
		<steps>
			<step><cmd>On the <ph keyref="prodnamefirst"/> home page, select a folder from the <uicontrol>Folders</uicontrol> pod, or select the <uicontrol>Folders</uicontrol> link from <uicontrol>More</uicontrol> drop-down list at the top of any page.</cmd></step>
			<step><cmd>Select a folder from the list on the left side of the page.</cmd></step>
			<step><cmd>Open the item (for example, the document, alert, etc.) you want to add a note to.</cmd></step>
			 <step><cmd>Select the <uicontrol>Add note</uicontrol> link at the top left side of the item. The Add Notes dialog box appears.</cmd></step>
			<step><cmd>Type the text of the note in the box and format it using the formatting options available above the text box.</cmd></step>
			<step><cmd>If this is a shared item, and you want the notes to be visible to the other users you have shared it with, select <uicontrol>Allow recipients to view your note</uicontrol>.</cmd></step>
			<step><cmd>Click the <uicontrol>Save</uicontrol> button.</cmd></step>
		</steps>		
	</taskbody>
</task>