<?xml version="1.0" encoding="UTF-8"?>
<!DOCTYPE task PUBLIC "-//IBM//DTD DITA Composite//EN" "c:/dtd/ditabase.dtd">
<task id="advancedsearch_hdi" otherprops="practicepage" audience="res">
	<title>How do I search using the <ph keyref="prodnamefirst"/> advanced search form?</title>
	<prolog>
		<author>Barb Bruns</author>
		<copyright>
			<copyryear year="2010"/>
			<copyrholder>Lexisnexis</copyrholder>
		</copyright>
		<critdates>
			<created date="2010-01-17"/>
		</critdates>
		<metadata>			
			<prodinfo>
				<prodname>Lexis Advance</prodname>
				<vrmlist>
					<vrm version="1"/>
				</vrmlist>
			</prodinfo>
		</metadata>
	</prolog>
	
<taskbody>
		<context>
<p>With the <ph keyref="prodnamefirst"/> advanced search form, you can use the search box and select filters as usual, or you can create a search by completing some or all of the sections of the form. You can also narrow your search to a specific content type, or to specific segments (or both).</p>
<p>The right side of the page has a number of tips for searching and links to more information.</p>
<p>To begin your research, select <uicontrol>Client</uicontrol> at the top of the page to associate your research with a specific client or matter.  Then search using one of the methods below.</p>
</context>
	</taskbody>

<task id="searchbox">
		<title>To use the search box:</title>
		<taskbody>
		
			<steps>
				<step>
                    <cmd>Enter your search terms in the search box at the top of the page, using either <xref href="developnaturalsearch_ref.xml" scope="peer"> natural language</xref> or <xref href="connectors_group_ref.xml" scope="peer">Boolean</xref> search construction.</cmd>
					</step>
					<step>
					<cmd>Select the button to the left of the search button ( <image href="redmagnifyglass.png" alt="Search" placement="inline"/> ) and select the filters you want to use to narrow your search.
					</cmd>
					<!--<note><p>If you select the &quot;Add to search&quot; (<image href="addtosearch.png" alt="Add to search" placement="inline"/>) icon next to another source, favorite, or topic, your selection will replace the filter that's already in effect as a result of searching from a practice center.</p></note>-->
					</step>
					<step>
                    <cmd>Select the search button ( <image href="redmagnifyglass.png" alt="Search" placement="inline"/> ).</cmd>
                </step>
            </steps>
</taskbody>
    </task> 

<task id="searchform">
		<title>To search by completing fields on the form:</title>
		<taskbody>
		
			<steps>
			<step>
			<cmd>Click <uicontrol>Select a specific content type</uicontrol> to narrow your search to that content type, or leave the form as it is to search all content types.</cmd> 
			</step>
				<step>
                    <cmd>Enter your search terms in one of the fields (<uicontrol>All of these terms</uicontrol>, <uicontrol>Any of these terms</uicontrol>, <uicontrol>This exact phrase</uicontrol>, or <uicontrol>Exclude these terms</uicontrol>) and select <uicontrol>Add</uicontrol>. The search terms will be displayed in the search box at the top of the form.</cmd>
					</step>
					<step>
<cmd>Select a date from the <uicontrol>Date</uicontrol> drop-down list if you want to limit your search to a specific date or date range.</cmd>
</step>
<step>
<cmd>Enter terms in any of the segment fields to search for them in a specific segment.  For example, enter <userinput>reversed</userinput> in the <uicontrol>Outcome</uicontrol> segment field to find cases with an outcome of &quot;Reversed&quot;.</cmd>
<stepresult><note>Each content type will have different segments that you can select from to narrow your search further if you wish.</note></stepresult>
</step>
					<step>
                    <cmd>Select the search button ( <image href="redmagnifyglass.png" alt="Search" placement="inline"/> ).</cmd>
                </step>
            </steps>
</taskbody>
    </task> 
</task>