<?xml version="1.0" encoding="UTF-8"?>
<!DOCTYPE task PUBLIC "-//IBM//DTD DITA Composite//EN" "c:/dtd/ditabase.dtd">
<task id="alertupdate_hdi" otherprops="alerts">
	<title>How do I update a <ph keyref="shepalert"/>?</title>
	<prolog>
		<author>Barb Bruns</author>
		<copyright>
			<copyryear year="2007"/>
			<copyrholder>Lexisnexis</copyrholder>
		</copyright>
		<critdates>
			<created date="2006-10-03"/>
		</critdates>
		<metadata>		
			<prodinfo>
				<prodname>Lexis Advance</prodname>
				<vrmlist>
					<vrm version="1"/>
				</vrmlist>
			</prodinfo>
		</metadata>
	</prolog>
	<taskbody>
		<context>
			<note type="note">Only <ph keyref="shepalertplural"/> can be updated manually. Search alerts are updated automatically according to the update schedule you set up when you created the alert.</note>
			<p>You can update, or run, a <ph keyref="shepalert"/> to check for changes in between dates it is scheduled to run automatically.  To update an alert:</p>
		</context>
			<steps>
			<step>
				<cmd>On the <ph keyref="prodnamefirst"/> home page, select <uicontrol>View all alerts</uicontrol> from the <uicontrol>Alerts</uicontrol> pod, or select the <uicontrol>Alerts</uicontrol> link from the <uicontrol>More</uicontrol> drop-down list at the top of any page.</cmd>
			<info><note type="note">When you first view the alerts list, it is filtered based on which experience you are working in when you view all alerts. For example, if you are working in <ph keyref="vsanamefirst"/> and you view your alerts, the list is limited to show only <ph keyref="vsaname"/>-related alerts. You can clear this filter and view all of your available alerts (regardless of which experience you are working in) by clicking the X next to the filter name, above the <uicontrol>Narrow By</uicontrol> pane. </note></info>
			</step>
			<step><cmd>Locate the alert you want to update.</cmd></step>
			<step>
				<cmd>Select the <uicontrol>Update Now</uicontrol> button (<image href="update.png" alt="Refresh"/>) under the title of the alert you want to update.</cmd>
			</step>
			<step>
				<cmd>When the <uicontrol>Update Shepard's Alert</uicontrol> box appears, select <uicontrol>Update Now</uicontrol>.</cmd>
			</step>
		</steps>
	</taskbody>
</task>