<?xml version="1.0" encoding="UTF-8"?>
<!DOCTYPE task PUBLIC "-//IBM//DTD DITA Composite//EN" "c:/dtd/ditabase.dtd">
<task id="alertdocsearch_hdi" otherprops="alerteditips;alerteditopictips;alerteditlegislativetips;alerteditpendinglegislativetips;alerteditpubtips;alerts">
	<title>How do I search in a document found by an alert I created?</title>
	<prolog>		
		<author>Christina Stommel</author>
		<copyright>
			<copyryear year="2016"/>
			<copyrholder>Lexisnexis</copyrholder>
		</copyright>
		<critdates>
			<created date="2016-10-03"/>
		</critdates>
		<metadata>
			<prodinfo>
				<prodname>Lexis Advance</prodname>
				<vrmlist>
					<vrm version="1"/>
				</vrmlist>
			</prodinfo>
		</metadata>
	</prolog>
	<taskbody>		
		<context>		
		<p>When you view a document that appears in your alerts results list, you can search the text of the document for any search terms. You can also navigate using the document's reporter pagination.</p>
		<p>To do this:</p>
		</context>
		<steps>
		<step><cmd>Select a document from your alerts results list to view it.</cmd></step>
		<step><cmd>Complete any of the following steps to navigate through the text of the document:</cmd>
		<choicetable>
		<chhead>
		<choptionhd>To...</choptionhd>
		<chdeschd>Do This</chdeschd>
		</chhead>
		<chrow>
		<choption>Display specific parts or sections of the document that you can navigate to quickly</choption>
		<chdesc>Click the <uicontrol>Go to</uicontrol> drop-down list  and choose the section of the document you want to view. (Which sections appear depends on the document.)</chdesc>
		</chrow>

		<chrow audience="future">
		<choption>Navigate through your search terms within the document text</choption>
		<chdesc>Select <uicontrol>All Terms</uicontrol> or select one of your search terms from the drop-down list and select the up or down arrows to go backward or forward in the document to specific search terms. </chdesc>
		</chrow>

		<chrow>
		<choption>Page through the document using the pagination of the reporter that is currently selected</choption>
		<chdesc>Select the up or down arrows (<image href="TriangleUp.png" alt="Up"/> and <image href="TriangleDown.png" alt="Down"/>) or enter the page number in the box and press Enter.</chdesc>
		</chrow>

		<chrow>
		<choption>Search the document for specific search terms </choption>
		<chdesc>Enter the terms for which you'd like to search and click the <uicontrol>Search</uicontrol> button. Terms are highlighted in the document, and you can use the up or down arrows (<image href="TriangleUp.png" alt="Up"/> and <image href="TriangleDown.png" alt="Down"/>) to navigate between them. If you click these buttons and you are viewing the first or last term in the document, you will be taken to the previous or next document in your results list.</chdesc>
		</chrow>
		</choicetable></step>
		</steps>
		
		
			

	</taskbody>
</task>