<?xml version="1.0" encoding="UTF-8"?>
<!DOCTYPE task PUBLIC "-//IBM//DTD DITA Composite//EN" "c:/dtd/ditabase.dtd">
<task id="alertedit_hdi" otherprops="alerteditips;alerteditopictips;alerteditlegislativetips;alerteditpendinglegislativetips;alerteditpubtips;alerts">
	<title>How do I edit an alert?</title>
	<prolog>
		<author>Barb Bruns</author>
		<author>Christina Stommel (GDSI Release)</author>
		<copyright>
			<copyryear year="2007"/>
			<copyrholder>Lexisnexis</copyrholder>
		</copyright>
		<critdates>
			<created date="2006-10-03"/>
		</critdates>
		<metadata>
			<prodinfo>
				<prodname>Lexis Advance</prodname>
				<vrmlist>
					<vrm version="1"/>
				</vrmlist>
			</prodinfo>
		</metadata>
	</prolog>
	<taskbody>		
		<context>		
		<p>You can edit an existing alert and change your selections for the following options:</p>
			<ul>
				<li>Title</li>
				<li>Changes the alert is monitoring for (<ph keyref="shepalertplural"/> only)</li>
				<li>Client</li>
				<li>How you want this citation to be monitored</li>
				<li>How often you want to be notified of any results</li>
				<li>Duration of the alert</li>
				<li>Delivery options</li>
				<li>Sharing options</li>
			</ul>
			<p>To edit an alert:</p>
			</context>

			<steps>
			<step><cmd>While viewing your alerts results list, locate the alert you want to edit.</cmd>
			<info><note type="note">When you first view the alerts list, it is filtered based on which experience you are working in when you view all alerts. For example, if you are working in <ph keyref="vsanamefirst"/> and you view your alerts, the list is limited to show only <ph keyref="vsaname"/>-related alerts. You can clear this filter and view all of your available alerts (regardless of which experience you are working in) by clicking the X next to the filter name, above the <uicontrol>Narrow By</uicontrol> pane. </note></info>
			</step>
			<step><cmd>Click the <uicontrol>Edit</uicontrol> button under the title of the alert. The Alert dialog box appears.</cmd></step>
			<step><cmd>Make whatever changes you need and select <uicontrol>Save</uicontrol>.</cmd>
			<info>
			<note type="note">See <xref href="alerteditips.xml" scope="peer"/> for a description of the options available at this dialog box.</note></info></step>			
			</steps>

	</taskbody>
</task>