<?xml version="1.0" encoding="UTF-8"?>
<!DOCTYPE task PUBLIC "-//IBM//DTD DITA Composite//EN" "c:/dtd/ditabase.dtd">
<task id="alertviewresults_hdi" otherprops="alertlistips;alertresultips;alerts">
	<title>How do I view the results of an alert?</title>
	<prolog>
		<author>Barb Bruns</author>
		<author>Christina Stommel (GDSI release)</author>
		<copyright>
			<copyryear year="2007"/>
			<copyrholder>Lexisnexis</copyrholder>
		</copyright>
		<critdates>
			<created date="2006-10-03"/>
		</critdates>
		<metadata>		
			<prodinfo>
				<prodname>Lexis Advance</prodname>
				<vrmlist>
					<vrm version="1"/>
				</vrmlist>
			</prodinfo>
		</metadata>
	</prolog>
	<taskbody>
		<context>		
			<p>After you've created an alert, you can view the results of any searches that alert performs for you. </p>
			<p>To view your results:</p>
			<ul>
			<li>Do one of the following:
			<ul>
			<li>On the <ph keyref="prodnamefirst"/> home page, select the <uicontrol>View all alerts</uicontrol> link in the <uicontrol>Alerts</uicontrol> pod. (The number next to the alert title shows the number of unread results.) The Alerts page appears.</li>
			<li>Choose <uicontrol>Alerts</uicontrol> from the <uicontrol>More</uicontrol> drop-down list at the top of any page. The Alerts page appears.</li>
			</ul></li></ul></context>
				<result><note type="note">
				<ul>
				<li>When you first view the alerts list, it is filtered based on which experience you are working in when you view all alerts. For example, if you are working in <ph keyref="vsanamefirst"/> and you view your alerts, the list is limited to show only <ph keyref="vsaname"/>-related alerts. You can clear this filter and view all of your available alerts (regardless of which experience you are working in) by clicking the X next to the filter name, above the <uicontrol>Narrow By</uicontrol> pane. </li>
				<li>Once you are viewing your alert results, select the alert name for which you want to view the results.</li>
				</ul>
				</note></result>
		
	</taskbody>
</task>