<?xml version="1.0" encoding="UTF-8"?>
<!DOCTYPE task PUBLIC "-//IBM//DTD DITA Composite//EN" "c:/dtd/ditabase.dtd">
<task id="alertdelete_hdi" otherprops="alertlistips">
	<title>How do I delete an alert?</title>
	<prolog>
		<author>Barb Bruns</author>
		<author>Christina Stommel (GDSI Release)</author>	
		<copyright>
			<copyryear year="2007"/>
			<copyrholder>Lexisnexis</copyrholder>
		</copyright>
		<critdates>
			<created date="2006-10-03"/>
		</critdates>
		<metadata>			
			<prodinfo>
				<prodname>Lexis Advance</prodname>
				<vrmlist>
					<vrm version="1"/>
				</vrmlist>
			</prodinfo>
		</metadata>
	</prolog>
	<taskbody>
		<context>		
		<!--pre63- p>You can delete an alert you no longer want to run. When you delete an alert, you will no longer receive notifications about it and it will be removed from your list of alerts.</p-->
		<p>You can delete an alert you no longer want to run or is no longer available. When you delete an alert, you will no longer receive notifications about it and it will be removed from your list of alerts.</p>
		<p>To do this:</p>
		</context>

		<steps>
		<step><cmd>On the <ph keyref="prodnamefirst"/> Home page, either select <uicontrol>View all alerts</uicontrol> from the <uicontrol>Alerts</uicontrol> pod, or choose <uicontrol>Alerts</uicontrol> from the <uicontrol>More</uicontrol> drop-down list at the top of any page. The Alerts page appears.</cmd>
		<info><note type="note">When you first view the alerts list, it is filtered based on which experience you are working in when you view all alerts. For example, if you are working in <ph keyref="vsanamefirst"/> and you view your alerts, the list is limited to show only <ph keyref="vsaname"/>-related alerts. You can clear this filter and view all of your available alerts (regardless of which experience you are working in) by clicking the X next to the filter name, above the <uicontrol>Narrow By</uicontrol> pane. </note></info>
			</step>
			<step><cmd>In the list of alerts, locate and select the alert you want to delete.</cmd></step>
			<step><cmd>Select the <uicontrol>Delete</uicontrol> icon (<image href="closeremove.png" alt="Delete Alert"/>) in the toolbar above the alerts list. The Delete Alerts dialog box appears.</cmd></step>
			<step><cmd>Confirm you want to delete the alert by selecting <uicontrol>Delete Alert</uicontrol>.</cmd></step>
			</steps>

	</taskbody>
</task>