<?xml version="1.0" encoding="UTF-8"?>
<!DOCTYPE task PUBLIC "-//IBM//DTD DITA Composite//EN" "c:/dtd/ditabase.dtd">
<task id="alertcreate_hdi" otherprops="alerts;alertcomparetips;alertcreatelegislativetips;alertcreatependinglegislativetips;alertcreatepubtips;alertcreatetips;alertcreatetopictips;alertshepcreatetips">
	<title>How do I create an alert?</title>
	<prolog>
		<author>Barb Bruns</author>
		<author>Christina Stommel (GDSI Release)</author>
		<copyright>
			<copyryear year="2009"/>
			<copyrholder>Lexisnexis</copyrholder>
		</copyright>
		<critdates>
			<created date="2009-11-13"/>
		</critdates>
		<metadata>
			<prodinfo>
				<prodname>Lexis Advance</prodname>
				<vrmlist>
					<vrm version="1"/>
				</vrmlist>
			</prodinfo>
		</metadata>
	</prolog>
	<taskbody>
		
		<context>		
		<p>You can create an alert, which is a search that runs automatically and notifies you of any results. You can specify how often the alert is run.</p>
		<note type="tip">To get the best, on-target alert results, refine your search before saving it as an alert. Here are some suggestions:
				
				<ul>
					<li>Use search terms that are specific to your research, joined by connectors to define the relationships of the search terms. For example, <userinput>medical negligence or clinical negligence</userinput></li>
					<li>Avoid terms that are too general, such as <userinput>illness</userinput> or <userinput>behavior</userinput>.</li>
					<li>Filter your results before creating your alert. On the results page, select from the filters in the left pane to specify the jurisdiction, time frame, practice area, and so on, that you want to focus on.</li>
				</ul>
			</note>
			<p>To create an alert:</p>			
			</context>

			<steps>
			<step><cmd>Run a search or <ph keyref="shepardizefirst"/> a citation.</cmd></step>
			<step><cmd>When you have the results you want, complete one of the following steps:</cmd>
			<choices>
			<choice>From your search results, select the alert icon (<image href="Alerts.png" alt="Alert" placement="inline"/>) above your results.</choice>
			<choice>From a <ph keyref="shepardsfirst"/> report, select the alert icon (<image href="Alerts.png" alt="Alert" placement="inline"/>).</choice></choices>
			<stepresult><p>The Alert dialog box appears.</p></stepresult></step>
			<step><cmd>Provide the information required on the form. (Using this form, you can specify how often you want to be notified of any results, how you want to receive the results, and other options.  See <xref href="alertcreatetips.xml" scope="peer"/> for information about each of the fields on this form.)</cmd></step>
			</steps>
			<result>
			<p>You can review all of your alerts by choosing the <uicontrol>View all alerts</uicontrol> in the <uicontrol>Alerts</uicontrol> pod on the <ph keyref="prodnamefirst"/> home page. You can also choose <uicontrol>Alerts</uicontrol> from the <uicontrol>More</uicontrol> drop-down list, located at the top of any page.</p></result>
			
		
	</taskbody>
</task>