<?xml version="1.0" encoding="UTF-8"?>
<!DOCTYPE task PUBLIC "-//IBM//DTD DITA Composite//EN" "c:/dtd/ditabase.dtd">
<task id="alertrestart_hdi" otherprops="alerts">
	<title>How do I restart an alert?</title>
	<prolog>
		<author>Barb Bruns</author>
		<author>Christina Stommel (GDSI Release)</author>
		<copyright>
			<copyryear year="2007"/>
			<copyrholder>Lexisnexis</copyrholder>
		</copyright>
		<critdates>
			<created date="2006-10-03"/>
		</critdates>
		<metadata>		
			<prodinfo>
				<prodname>Lexis Advance</prodname>
				<vrmlist>
					<vrm version="1"/>
				</vrmlist>
			</prodinfo>
		</metadata>
	</prolog>
	<taskbody>
		<context>		
		<p>You can restart <xref href="alertpause_hdi.xml" scope="peer">an alert you have paused</xref> to begin receiving notifications about it again. You can also start a new alert you've created using an existing alert.</p>
			<p>To do this:</p>			
		</context>
		
		<steps>
			<step><cmd>On the <ph keyref="prodnamefirst"/> home page, either select <uicontrol>View all alerts</uicontrol> from the <uicontrol>Alerts</uicontrol> pod, or choose <uicontrol>Alerts</uicontrol> from the <uicontrol>More</uicontrol> drop-down list at the top of any page.</cmd>
			<info><note type="note">When you first view the alerts list, it is filtered based on which experience you are working in when you view all alerts. For example, if you are working in <ph keyref="vsanamefirst"/> and you view your alerts, the list is limited to show only <ph keyref="vsaname"/>-related alerts. You can clear this filter and view all of your available alerts (regardless of which experience you are working in) by clicking the X next to the filter name, above the <uicontrol>Narrow By</uicontrol> pane. </note></info>
			</step>
			<step><cmd>Do one of the following:</cmd>
				<info>
					<ul>
						<li>Click the <uicontrol>Start</uicontrol> icon under the title of the alert you want to restart.</li>
						<li>Select the alert you want to start, and then select the <uicontrol>Start</uicontrol> icon (<image href="alertplay.png" alt="Start Alert"/>) in the toolbar above the results list.</li>
					</ul>
				</info>
				<stepresult><p>The Start Alert dialog box appears.</p></stepresult>
			</step>
			<step><cmd>Review the information in the dialog box and select <uicontrol>Start</uicontrol>.</cmd></step>
		</steps>


	</taskbody>
</task>