<?xml version="1.0" encoding="UTF-8"?>
<!DOCTYPE task PUBLIC "-//IBM//DTD DITA Composite//EN" "c:/dtd/ditabase.dtd">
<task id="alertsearch_hdi" otherprops="alerts">
	<title>How do I find a specific alert?</title>
	<prolog>
		<author>Barb Bruns</author>
		<author>Christina Stommel (GDSI Release)</author>
		<copyright>
			<copyryear year="2007"/>
			<copyrholder>Lexisnexis</copyrholder>
		</copyright>
		<critdates>
			<created date="2006-10-03"/>
		</critdates>
		<metadata>			
			<prodinfo>
				<prodname>Lexis Advance</prodname>
				<vrmlist>
					<vrm version="1"/>
				</vrmlist>
			</prodinfo>
		</metadata>
	</prolog>
	<taskbody>
		<context>		
			<p>You can search your saved alerts to find a particular alert, search terms, or other words or phrases. </p>
			<p>To search your alerts:</p>
		</context>
		
		<steps>
			<step><cmd>Choose <uicontrol>Alerts</uicontrol> from the <uicontrol>More</uicontrol> drop-down list at the top of any page.</cmd>
			<info><note type="note">When you first view the alerts list, it is filtered based on which experience you are working in when you view all alerts. For example, if you are working in <ph keyref="vsanamefirst"/> and you view your alerts, the list is limited to show only <ph keyref="vsaname"/>-related alerts. You can clear this filter and view all of your available alerts (regardless of which experience you are working in) by clicking the X next to the filter name, above the <uicontrol>Narrow By</uicontrol> pane. </note></info>
			</step>
			<step><cmd>In the <uicontrol>Search Within Alerts</uicontrol> box at the top left of the page, type the words you want to search for and select <uicontrol>Search</uicontrol>. For example, you can enter the name (or part of the name) of an alert, a term or terms from a previous search, a client ID, and so on.  Your results list is filtered to show only those results that contain the term on which you searched.</cmd>
			<info><note type="note">To return to the alerts page you were viewing prior to your search, select the <uicontrol>Clear search</uicontrol> link, located near the top of the page.</note></info></step>
		</steps>
	</taskbody>
</task>