<?xml version="1.0" encoding="UTF-8"?>
<!DOCTYPE task PUBLIC "-//IBM//DTD DITA Composite//EN" "c:/dtd/ditabase.dtd">
<task id="alertpause_hdi" otherprops="alerts">
	<title>How do I pause an alert?</title>
	<prolog>
		<author>Barb Bruns</author>
		<author>Christina Stommel (GDSI Release)</author>
		<copyright>
			<copyryear year="2007"/>
			<copyrholder>Lexisnexis</copyrholder>
		</copyright>
		<critdates>
			<created date="2006-10-03"/>
		</critdates>
		<metadata>			
			<prodinfo>
				<prodname>Lexis Advance</prodname>
				<vrmlist>
					<vrm version="1"/>
				</vrmlist>
			</prodinfo>
		</metadata>
	</prolog>
	<taskbody>	
		<context>		
			<p>You can temporarily stop an alert and start it again later.  If you pause an alert, you won't receive notifications about it during the period it is paused.  Details for paused alerts are shown in grayed-out text in your list of alerts. </p>
			<p>To pause an alert:</p>
		</context>
		<steps>
			<step><cmd>On the <ph keyref="prodnamefirst"/> home page, either select <uicontrol>View all alerts</uicontrol> from the <uicontrol>Alerts</uicontrol> pod, or choose <uicontrol>Alerts</uicontrol> from the <uicontrol>More</uicontrol> drop-down list at the top of any page. The Alerts page appears.</cmd>
			<info><note type="note">When you first view the alerts list, it is filtered based on which experience you are working in when you view all alerts. For example, if you are working in <ph keyref="vsanamefirst"/> and you view your alerts, the list is limited to show only <ph keyref="vsaname"/>-related alerts. You can clear this filter and view all of your available alerts (regardless of which experience you are working in) by clicking the X next to the filter name, above the <uicontrol>Narrow By</uicontrol> pane. </note></info>
			</step>
			<step><cmd>In the list of alerts, locate and select the alert you want to pause.</cmd></step>
			<step><cmd>Click the <uicontrol>Pause</uicontrol> icon (<image href="alertpause.png" alt="Pause Alert"/>) in the toolbar above the alerts list. The Pause Alerts dialog box appears.</cmd></step>
			<step><cmd>Confirm you want to temporarily pause the alert by selecting <uicontrol>Pause</uicontrol>.</cmd></step>
			</steps>			
			
	</taskbody>
</task>