<?xml version="1.0" encoding="UTF-8"?>
<!DOCTYPE task PUBLIC "-//IBM//DTD DITA Composite//EN" "c:/dtd/ditabase.dtd">
<task id="archivedcodesearch_hdi" otherprops="searchbrowse">
	<title>How do I search archived codes?</title>
	<prolog>
		<author>Barb Bruns</author>
		<copyright>
			<copyryear year="2015"/>
			<copyrholder>Lexisnexis</copyrholder>
		</copyright>
		<critdates>
			<created date="2006-10-03"/>
		</critdates>
		<metadata>			
			<prodinfo>
				<prodname>Lexis Advance</prodname>
				<vrmlist>
					<vrm version="1"/>
				</vrmlist>
			</prodinfo>
		</metadata>
	</prolog>
	<taskbody>
		<context>		
			<p>You can search a collection of archived codes, including statutory codes, constitutions, administrative codes, municipal codes, and court rules.</p>
			<p>On the home page:</p>
		</context>
		
		<steps>
			<step><cmd>Select <uicontrol>Archived Codes Search</uicontrol> on the <uicontrol>Archives</uicontrol> pod.</cmd></step>
			<step><cmd>In the <uicontrol>Enter search terms</uicontrol> box on the <uicontrol>Search:Archived codes</uicontrol> page, type the words you want to search for.</cmd>
			</step>
			<step>
			<cmd>Under <uicontrol>Narrow by</uicontrol>, select the category for the codes you want to search, the year or years to include in the search, and the jurisdiction, if desired.</cmd>
			</step>
			<step>
			<cmd>Select <uicontrol>Search</uicontrol>.</cmd>
			</step>
			 
		</steps>
	</taskbody>
</task>