<?xml version="1.0" encoding="UTF-8"?>
<!DOCTYPE task PUBLIC "-//IBM//DTD DITA Composite//EN" "c:/dtd/ditabase.dtd">
<task id="assignclientidinfolder_hdi" otherprops="clientid;setclientIDtips">
	<title>How do I assign a client ID to a document saved in a folder?</title>
	<prolog>
		<author>Barb Bruns</author>
		<author>Christina Stommel (GDSI Release)</author>
		<copyright>
			<copyryear year="2007"/>
			<copyrholder>Lexisnexis</copyrholder>
		</copyright>
		<critdates>
			<created date="2006-10-03"/>
		</critdates>
		<metadata>			
			<prodinfo>
				<prodname>Lexis Advance</prodname>
				<vrmlist>
					<vrm version="1"/>
				</vrmlist>
			</prodinfo>
		</metadata>
	</prolog>
	<taskbody>
		<context>
			<p>You can assign a client ID to associate with a document you have saved in a folder.</p>
			<p>To do this:</p>
		</context>
		<steps>
			<step>
				<cmd>Select a folder from the <uicontrol>Folders</uicontrol> pod, or select the <uicontrol>Folders</uicontrol> link from <uicontrol>More</uicontrol> drop-down list at the top of any page and select a folder.</cmd>
			</step>
			<step><cmd>Open the document you want to assign a client ID to.</cmd></step>
			<step><cmd>Click the <uicontrol>Edit</uicontrol> icon to the right of the document name (near the top of the page). The Edit Document Properties dialog box appears.</cmd>
			</step>	<step><cmd>From the <uicontrol>Client</uicontrol> options, select the client you want to use. For example, to select a recent client ID, select <uicontrol>Recent client IDs</uicontrol> and then choose the ID from the drop-down list. Or select a new client by selecting <uicontrol>New client ID</uicontrol> and entering the ID in the box. </cmd></step>					
			<!--step><cmd>Optionally, enter a <uicontrol>Research Description</uicontrol> up to 1,000 characters long.</cmd></step-->
			<step><cmd>Click the <uicontrol>Save</uicontrol> button.</cmd></step>
		</steps>
	</taskbody>
</task>