<?xml version="1.0" encoding="UTF-8"?>
<!DOCTYPE task PUBLIC "-//IBM//DTD DITA Composite//EN" "c:/dtd/ditabase.dtd">
<task id="assignclientid_hdi" otherprops="clientid;setclientIDtips;changeclientIDtips;costrecoverytips;docinvalidIDtips;editclientIDtips;selectresdesctips;setclientIDtips;setidcostrectips">
	<title>How do I assign a client ID to my research?</title>
	<prolog>
		<author>Barb Bruns</author>
		<copyright>
			<copyryear year="2007"/>
			<copyrholder>Lexisnexis</copyrholder>
		</copyright>
		<critdates>
			<created date="2006-10-03"/>
		</critdates>
		<metadata>		
			<prodinfo>
				<prodname>Lexis Advance</prodname>
				<vrmlist>
					<vrm version="1"/>
				</vrmlist>
			</prodinfo>
		</metadata>
	</prolog>
	<taskbody>
		<context>

			<p>You can assign a client ID to associate with a search. The Client ID you assign "stays" with the search in your search history and folders, identifying the client for whom you were doing the research.  The active client ID is always displayed at the top of every page. If you don't assign a client ID, the client ID associated with your current research is "None".</p>

			<p>All your research is assigned to the active client ID, until you assign a new one (which then becomes the active one).</p>
			<p>To assign a client ID from any page:</p>
		</context>
		<steps>
			<step>
				<cmd>Click <uicontrol>Client ID</uicontrol> in the top navigation bar.</cmd>
			</step>

			<step>
				<cmd>Select a client ID from the list, or select <uicontrol>Set Client</uicontrol> to enter a new client ID.</cmd>
			</step>
			<step>
				<cmd>(Optional) Enter a <uicontrol>Research Description</uicontrol> up to 1,000 characters long.</cmd>
			</step>
			<step>
				<cmd>Click the <uicontrol>OK</uicontrol> button.</cmd>
			</step>
		</steps>
	</taskbody>
</task>