<?xml version="1.0" encoding="UTF-8"?>
<!DOCTYPE task PUBLIC "-//IBM//DTD DITA Composite//EN" "c:/dtd/ditabase.dtd">
<task id="browsetopics_hdi" otherprops="searchbrowse">
	<title>How do I browse through all available topics?</title>
	<prolog>
		<author>Barb Bruns</author>
		<copyright>
			<copyryear year="2012"/>
			<copyrholder>Lexisnexis</copyrholder>
		</copyright>
		<critdates>
			<created date="2012-06-29"/>
		</critdates>
		<metadata>			
			<prodinfo>
				<prodname>Lexis Advance</prodname>
				<vrmlist>
					<vrm version="1"/>
				</vrmlist>
			</prodinfo>
		</metadata>
	</prolog>
	
<taskbody>
			<steps>
				<step>
				<cmd>On the <ph keyref="prodnamefirst"/> home page, select the <uicontrol>Browse</uicontrol> drop-down menu at the top of the page.</cmd>
				</step>
				<step><cmd>Select <uicontrol>Topics</uicontrol>.</cmd></step>
				<step><cmd>Select a practice area, such as <uicontrol>Administrative Law</uicontrol>, <uicontrol>Family Law</uicontrol>, etc. from the list.</cmd></step>
				<step><cmd>Continue to expand the selections until you see the topic you want.</cmd><info><note type="tip">To find a topic faster, enter it in the <uicontrol>Search for a topic</uicontrol> box and click the search icon.</note></info>
				</step>
				<step><cmd>Select the topic you want to use.</cmd></step>
				<step><cmd>Choose one of the following options for how you want to use the topic:</cmd>
				<choicetable>
				<chrow>
				<choption>Get documents</choption>
				<chdesc>Choose this option if you want to view the documents associated with the topic.  </chdesc>
				</chrow>
				<chrow>
				<choption>Add topic as a search filter</choption>
				<chdesc>Choose this option to include items in your search that are associated with this topic.</chdesc>
				</chrow>
				<chrow>
				<choption>Create a topic alert</choption>
				<chdesc>Choose this option if you want to be notified when updates to this topic are available.</chdesc>
				</chrow>
				<chrow>
				<choption>View topic summary report</choption>
				<chdesc>Choose this option if you want to view high-level information about the topic. </chdesc>
				</chrow>
				</choicetable></step>

</steps>
</taskbody>
</task>
