<?xml version="1.0" encoding="UTF-8"?>
<!DOCTYPE task PUBLIC "-//IBM//DTD DITA Composite//EN" "c:/dtd/ditabase.dtd">
<task id="cbusefilters_hdi" otherprops="cb;cbhourlyratesbycosizetips;cbhourlyratesbyindustrytips;cbhourlyratesbylfsizetips;cbhourlyratesbymattertips;cbhourlyratesbyroletips;cbhourlyratestrendstips;cbmattersbyafatips;cbmatterstatisticstips" audience="cb">
	<title>How do I use filters in Counsel Benchmarking?</title>
	<prolog>
		<author>Robin Stubbart</author>
		<copyright>
			<copyryear year="2013"/>
			<copyrholder>Lexisnexis</copyrholder>
		</copyright>
		<critdates>
			<created date="2013-08-12"/>
		</critdates>
		<metadata>
			<prodinfo>
				<prodname>Lexis Advance</prodname>
				<vrmlist>
					<vrm version="1"/>
				</vrmlist>
			</prodinfo>
		</metadata>
	</prolog>
	<taskbody>
		<context>
			<note type="tip">
				<ul>
					<li>Pick a matter category or several matter categories when filtering on hourly rates or matter statistics. Matter category can drive significant variations in rates paid.</li>
					<li>Expanding the search criteria will expand the data set and give a more robust answer based on a larger set of matters and timekeepers. You want to strike a balance that will allow for the most robust data set possible, while still filtering on the variables that are most important for your search.</li>
					<li>The law firm city and law firm state filters operate as alternatives. You can filter by law firm state or by law firm city, but not both.</li>
				</ul>
			</note>
			<p><b>Filter Definitions</b></p>
			<p>
				<u>Timeline</u>
			</p>
			<p>Based on the date work was performed or the date associated with each individual invoice line item.</p>
			<p>
				<u>Matter Category</u>
			</p>
			<p>Matters have been mapped into these categories based on matter descriptions and practice groups within corporate users of the CounselLink product:</p>
			<ol>
				<li>Commercial and contracts include matters on contracting of deal terms on non-M&amp;A transactions.</li>
				<li>Insurance includes medical malpractice, workers compensation, auto claims, title insurance claims, and similar matters.</li>
				<li>Mergers and acquisitions is narrowly defined to encompass M&amp;A transactions.</li>
				<li>Real Estate includes real estate transactions from companies not in the real estate business. The average outside counsel spends on real estate transactions in the system is approximately $30K/matter.</li>
				<li>Regulatory and compliance contain all matters that companies define as regulatory, compliance, or government affairs or a government action/investigation.</li>
				<li>Litigation – general is a broad category of litigation including patent litigation, personal injury litigation, breach of contract litigation, product liability, and others.</li>
				<li>IP-Trademark includes all matters classified as Trademark matters, including trademark registration and trademark protection.</li>
				<li>IP-Patent includes all patent work, including filings, in the U.S. and internationally, and patent protection.</li>
				<li>IP-Other includes all IP matters not classified as Patent or trademark.</li>
				<li>Finance, Loans and Investments includes securities, credit and collections, and other funding activities.</li>
				<li>Environmental includes all matters defined as environmental, including environmental litigation.</li>
				<li>Employment and Labor includes immigration, non-compete, benefits and general human resources related matters.</li>
				<li>Corporate, General &amp; Tax includes antitrust, restructuring, bankruptcy, and other matters defined as general corporate or tax work.</li>
				<li>Other includes all other matters and bills not included into the other categories.</li>
			</ol>
			<p>
				<u>Total Matter Cost</u>
			</p>
			<p>The lifetime accumulated cost of the matter is used to map it into a size bucket.</p>
			<p>
				<u>Company Size (Annual Revenue)</u>
			</p>
			<p>Mapping is based on publicly available information about each company’s prior year revenue.</p>
			<p>
				<u>Industry</u>
			</p>
			<p>Mapping is based on publicly available information regarding each company's industry. Industry is based on the highest level of NAICS codes. Industries with significant populations of CounselLink customers will be available for selection, such as:</p>
			<ul>
				<li>Finance and insurance industry includes xyz…</li>
				<li>Manufacturing includes NAICS codes…</li>
			</ul>
			<p>
				<u>Law Firm Size</u>
			</p>
			<p>Based on the number of lawyers at the firm per publicly available information.</p>
			<p>
				<u>State</u>
			</p>
			<p>Based on the law firm office state.</p>
			<p>
				<u>Top Cities</u>
			</p>
			<p>Based on the law firm office location. A top city is defined as the most relevant "metropolitan division" based on US Census bureau definitions. For example, New York City is the New York-Jersey City-White Plains area. It does not include Nassau or Suffolk County, or Newark, NJ.</p>
			<!--p>
				<u>Timekeeper Level</u>
			</p>
			<p>Timekeepers have been mapped into the Partner, Associate, and Paralegal levels as follows:</p>
			<ul>
				<li>Partner – Partner, Senior Partner</li>
				<li>Associate – Associate, Senior Associate, Of Counsel</li>
				<li>Paralegal – Paralegal, Legal Assistant, Nurse Paralegal</li>
			</ul-->
		</context>
	</taskbody>
</task>