<?xml version="1.0" encoding="UTF-8"?>
<!DOCTYPE task PUBLIC "-//IBM//DTD DITA Composite//EN" "c:/dtd/ditabase.dtd">
<task id="comparesults_hdi" otherprops="history;alertcomparetips" audience="res;lps;vsa;med">
	<title>How do I find documents that are common to the results sets of 2 or more searches?</title>
	<prolog>
		<author>Barb Bruns</author>
		<copyright>
			<copyryear year="2007"/>
			<copyrholder>Lexisnexis</copyrholder>
		</copyright>
		<critdates>
			<created date="2006-10-03"/>
		</critdates>
		<metadata>			
			<prodinfo>
				<prodname>Lexis Advance</prodname>
				<vrmlist>
					<vrm version="1"/>
				</vrmlist>
			</prodinfo>
		</metadata>
	</prolog>
	<taskbody>
		<context>
			<p>Use the <uicontrol>Compare Search Results</uicontrol> feature of the Research Map to find all the documents of the same content type that are common to the results sets of up to 3 searches.</p>
		</context>
		<steps>
			<step>
				<cmd>To start, do one of the following:</cmd>
				<info>
					<ul>
						<li>On the <ph keyref="prodnamefirst"/> home page, select the <uicontrol>History</uicontrol> pod, then select the <uicontrol>Research Map</uicontrol> link at the bottom of the pod.</li>
						<li>From the top of any page, select <uicontrol>History</uicontrol>, then <uicontrol>Research Map</uicontrol>.</li>
					</ul>
				</info>
			</step>
			<step>
				<cmd>In the left pane, filter the list of searches you want to see by selecting options from the <uicontrol>View by</uicontrol>, <uicontrol>Client</uicontrol>, and <uicontrol>Date</uicontrol> links.</cmd>
			</step>
			<step>
				<cmd>In the <uicontrol>Trails</uicontrol>  list (also located in the left pane), select the checkboxes for the searches you want to view. </cmd>
			</step>
			<step>
				<cmd>In the map, select a results box (<image href="mapresultsbox.png" alt="Results box"/>) under a content type (for example, under <uicontrol>Cases</uicontrol>).</cmd>
			</step>
			<step>
				<cmd>Under <uicontrol>Actions</uicontrol> in the <uicontrol>Content Type</uicontrol> box that appears, select <uicontrol>Select search to compare search results</uicontrol>. The search will be added to the <uicontrol>Compare Search Results</uicontrol> box above the map.</cmd>
			</step>
			<step>
				<cmd>Repeat these steps to select up to two more searches for comparison (three total).</cmd>
				<info>
					<note type="note">
					<ul>
					<li>To remove a search you selected for comparison, select the <uicontrol>Compare Search Results</uicontrol> tray and select the <uicontrol>X</uicontrol> next to the search you want to remove.</li>
					<li>To find documents that are common, you must select from the same content type box on the map for each search.  For example, select from the <uicontrol>Cases</uicontrol> content type.</li></ul></note>
				</info>
			</step>
			<step>
				<cmd>Click the <uicontrol>Compare Search Results (N)</uicontrol> button. The Compare Search Results For dialog box appears.</cmd>
			</step>
			<step><cmd>Click the <uicontrol>Compare Search Results</uicontrol> button. The comparison is opened.</cmd></step>
		</steps>
	</taskbody>
</task>