<?xml version="1.0" encoding="UTF-8"?>
<!DOCTYPE task PUBLIC "-//IBM//DTD DITA Composite//EN" "c:/dtd/ditabase.dtd">
<task id="copytexttoclipboard_hdi" otherprops="fulldoctools" audience="res;lps;lpa">
	<title>How do I copy text to the clipboard?</title>
	<prolog>
		<author>Christina Stommel</author>
		<copyright>
			<copyryear year="2009"/>
			<copyrholder>Lexisnexis</copyrholder>
		</copyright>
		<critdates>
			<created date="2009-12-15"/>
		</critdates>
		<metadata>			
			<prodinfo>
				<prodname>Lexis Advance</prodname>
				<vrmlist>
					<vrm version="1"/>
				</vrmlist>
			</prodinfo>
		</metadata>
	</prolog>
	<taskbody>
		<context>			
			<p>You can copy a section of text to the clipboard, to paste into a word processor or other document.  If the text is part of a legal document, you can save the document citation (including the pinpoint cite, if any) as a link to the document.  From the full document view:</p>
		</context>
		<steps>
			<step><cmd>While viewing a full document, use your mouse to select the text you want to copy.  A shortcut menu of options appears. </cmd></step>
			<step><cmd>Select one of the following options:</cmd>
			<choices>
			<choice>Choose <uicontrol>Copy (Quick)</uicontrol> to apply the system's default settings for either the style guide you last selected and used (which is the suggested style guide) or the style guide you select when you click the arrow next to the option. <b>The text is copied to your Windows clipboard so you can paste it in another application, and no further steps are required.</b> </choice>
			<choice>Choose <uicontrol>Copy (Advanced)</uicontrol> to select the options you want to apply to the text you are copying. <b>The Copy Selected Text to Clipboard dialog box appears. Proceed to Step 3.</b></choice></choices></step>
			<step><cmd>While viewing the <uicontrol>Copy Selected Text to Clipboard</uicontrol> dialog box, review the citation format you want assigned to the copied text. <uicontrol>Current format</uicontrol> shows the last format used, or you can select a new format from the <uicontrol>New format</uicontrol> drop-down list and then click <uicontrol>Apply</uicontrol>.</cmd></step>			
			<step><cmd>To include references in your citation, select <uicontrol>Include these references</uicontrol> followed by the individual reporters for your style guide.</cmd></step>
			<step><cmd>To copy the citation as a hyperlink that you can paste into a document, select <uicontrol>Copy citation as a hyperlink</uicontrol>.</cmd></step>
				<step><cmd>If it's available, select the <uicontrol>Include parallel citations</uicontrol> checkbox to include the parallel reporters in the citation.</cmd></step>				
			<step><cmd>Depending on which browser you are using, do one of the following to copy the text  and close the dialog box:</cmd>
			<choices>
			<choice>If the dialog box has only a <uicontrol>Close</uicontrol> button, use your browser tools to copy the text in the <uicontrol>Preview</uicontrol> box and then paste the text into a word processor or other text editor. For example, right-click on the highlighted text and choose <uicontrol>Copy</uicontrol> from the browser's shortcut menu. Then, click <uicontrol>Close</uicontrol> to close the dialog box.</choice>
			<choice>If the dialog box has a <uicontrol>Copy &amp; Close</uicontrol> button, click the <uicontrol>Copy &amp; Close</uicontrol> button to copy the text and close the dialog box. Then, paste the text into a word processor or other text editor.</choice>
			</choices></step>				
				
		</steps>		
	</taskbody>
</task>
