<?xml version="1.0" encoding="UTF-8"?>
<!DOCTYPE task PUBLIC "-//IBM//DTD DITA Composite//EN" "c:/dtd/ditabase.dtd">
<task id="copycitation_hdi" otherprops="fulldoctools;copycitationtips" audience="res;lps;lpa">
	<title>How do I copy a citation to the clipboard?</title>
	<prolog>
		<author>Barb Bruns</author>
		<copyright>
			<copyryear year="2009"/>
			<copyrholder>Lexisnexis</copyrholder>
		</copyright>
		<critdates>
			<created date="2009-12-15"/>
		</critdates>
		<metadata>			
			<prodinfo>
				<prodname>Lexis Advance</prodname>
				<vrmlist>
					<vrm version="1"/>
				</vrmlist>
			</prodinfo>
		</metadata>
	</prolog>
	<taskbody>
		<context>
			<p>You can copy a document citation (including the pinpoint cite, if any) and/or a section of text to the clipboard, to paste into a word processor or other document.  If you wish, you can save the document citation as a link to the document.</p>
			<p>	To copy only the citation:</p>		
			</context>
			<steps>
			<step><cmd>While viewing a full document, select <uicontrol>Copy citation</uicontrol> at the top of the document. The <uicontrol>Copy Citation to Clipboard</uicontrol> dialog box appears with the document citation displayed.  </cmd>
			<info><p>The last citation format you used is listed next to <uicontrol>Current format</uicontrol>.</p></info></step>
			<step><cmd>Continue to use the current format, or select a different format from the <uicontrol>New format</uicontrol> drop-down list and click <uicontrol>Apply</uicontrol> to apply the format to the citation. </cmd>
				<info><note type="note">For source information for the formats that are listed, see <xref href="stylesourceinfo_ref.xml" scope="peer">About source format</xref></note></info></step>								
				<step><cmd>Next to <uicontrol>Include these references</uicontrol>, select the reporters you want to use. The reporters are added to the citation in the <uicontrol>Preview</uicontrol> area. </cmd></step>
				<step><cmd>Select the <uicontrol>Copy citation as hyperlink</uicontrol> checkbox to copy the citation as a link that can be selected to display the full document.</cmd></step>
				<step><cmd>Select whether you want to <uicontrol>Underline</uicontrol> or <uicontrol>Italicize</uicontrol> the case name when you paste the citation you are copying in the text editing application you are using.</cmd></step>			
				<step><cmd>If it's available, select the <uicontrol>Include parallel citations</uicontrol> checkbox to include the parallel reporters in the citation.</cmd></step>				
			<step><cmd>Depending on which browser you are using, do one of the following to copy the citation and close the dialog box:</cmd>
			<choices>
			<choice>If the dialog box has only a <uicontrol>Close</uicontrol> button, use your browser tools to copy the citation in the <uicontrol>Preview</uicontrol> box and then paste it into a word processor or other text editor. For example, right-click on the highlighted citation and choose <uicontrol>Copy</uicontrol> from the browser's shortcut menu. Then, click <uicontrol>Close</uicontrol> to close the dialog box.</choice>
			<choice>If the dialog box has a <uicontrol>Copy &amp; Close</uicontrol> button, click the <uicontrol>Copy &amp; Close</uicontrol> button to copy the citation and close the dialog box. Then, paste the text into a word processor or other text editor.</choice>
			</choices></step>								
				</steps>
			<result><note type="note">To copy document text along with the citation, see <xref href="copytexttoclipboard_hdi.xml" scope="peer"/></note></result>
		</taskbody>
	</task>
