<?xml version="1.0" encoding="UTF-8"?>
<!DOCTYPE task PUBLIC "-//IBM//DTD DITA Composite//EN" "c:/dtd/ditabase.dtd">
<task id="createannotation_hdi" otherprops="fulldoctools;annocreatetips" audience="res;lps;lpa">
	<title>How do I make annotations in a document?</title>
	<prolog>
		<author>Barb Bruns</author>
		<author>Christina Stommel (GDSI Release)</author>
		<copyright>
			<copyryear year="2009"/>
			<copyrholder>Lexisnexis</copyrholder>
		</copyright>
		<critdates>
			<created date="2009-12-15"/>
		</critdates>
		<metadata>			
			<prodinfo>
				<prodname>Lexis Advance</prodname>
				<vrmlist>
					<vrm version="1"/>
				</vrmlist>
			</prodinfo>
		</metadata>
	</prolog>
	<taskbody>
		<context>
			<p>You can annotate documents you are viewing.</p>
			<p>To do this:</p>
		</context>
		<steps>
		<step><cmd>While viewing a full document, highlight the text you want to annotate. A shortcut menu appears with several options for working with the document.</cmd></step>
		<step><cmd>Choose <uicontrol>Annotate</uicontrol>. The Annotate Text dialog box appears.</cmd></step>
		<step><cmd>Enter the text in the text box, and format the text if you want to.</cmd></step>
		<step><cmd>Choose the color you want associated with the highlight in the document.</cmd></step>
		<step><cmd>If you have shared the document with someone, select <uicontrol>Allow recipients to view your note</uicontrol> to allow other viewers to view the annotations.</cmd></step>
		<step><cmd>Select <uicontrol>Annotate</uicontrol> to save the annotation. The annotation will be highlighted and underscored.</cmd></step>
		<step><cmd>Save the document to a folder. </cmd></step>
		</steps>
		<result>
			<p>You can access your folders from the <uicontrol>Folders</uicontrol> link in <uicontrol>More</uicontrol> drop-down list at the top of any page, or from the <uicontrol>Folders</uicontrol> pod of the <ph keyref="prodnamefirst"/> home page.</p>
			<note type="note">You can create annotations within an annotation by selecting the annotated text in the document and selecting <uicontrol>Create annotation</uicontrol>.</note>
		</result>
	</taskbody>
</task>