<?xml version="1.0" encoding="UTF-8"?>
<!DOCTYPE task PUBLIC "-//IBM//DTD DITA Composite//EN" "c:/dtd/ditabase.dtd">
<task id="createfolder_hdi" otherprops="folders">
	<title>How do I create a new folder?</title>
	<prolog>
		<author>Barb Bruns</author>
		<author>Christina Stommel (GDSI Release)</author>
		<copyright>
			<copyryear year="2009"/>
			<copyrholder>Lexisnexis</copyrholder>
		</copyright>
		<critdates>
			<created date="2009-11-13"/>
		</critdates>
		<metadata>			
			<prodinfo>
				<prodname>Lexis Advance</prodname>
				<vrmlist>
					<vrm version="1"/>
				</vrmlist>
			</prodinfo>
		</metadata>
	</prolog>
	<taskbody>
		<context>
			<p>You can create a new client or project folder from the <ph keyref="prodnamefirst"/> home page, from your results, or from your folders.</p>
		</context>
	</taskbody>
	<task id="fromsearch">
		<title>From the <ph keyref="prodname"/> home page:</title>
		<taskbody>
			<steps>
				<step>
					<cmd>Select <uicontrol>View all folders</uicontrol> from the <uicontrol>Folders</uicontrol> pod, and navigate to the level where you want to create the new folder.</cmd>
				</step>
				<step><cmd>Click on the folder where you want to create the new folder.</cmd></step>
				<step><cmd>Click the <uicontrol>Create New Folder</uicontrol> button. A text field appears.</cmd></step>
				<step><cmd>Type a name for the folder in this field.</cmd></step>
				<step><cmd>Click <uicontrol>Create</uicontrol>.</cmd></step>
			</steps>
		</taskbody>
	</task>
	<task id="fromresults">
		<title>From a results page:</title>
		<taskbody>
			<steps>
				<step><cmd>Select the checkbox next to the document you want to save to a folder, and select the <uicontrol>Add to Folder</uicontrol> icon at the top of your results. The <uicontrol>Save selected documents to</uicontrol> drop-down list appears.</cmd></step>
				<step><cmd>Choose <uicontrol>Choose a folder</uicontrol> from the list options. The Add to Folder dialog box appears.</cmd></step>
				<step><cmd>On the <uicontrol>Save Options</uicontrol> tab, click on the folder where you want to create the new folder.</cmd></step>
				<step><cmd>Select the <uicontrol>Create New Folder</uicontrol> button. A text field appears.</cmd></step>
				<step><cmd>Type a name for the folder and click <uicontrol>Create</uicontrol>.</cmd></step>
				<step><cmd>Click <uicontrol>Save</uicontrol>.</cmd></step>
			</steps>
		</taskbody>
	</task>
	<task id="fromfolders">
		<title>From the <uicontrol>Folders</uicontrol> page:</title>
		<taskbody>
			<steps>
				<step><cmd>While viewing the <uicontrol>Folders</uicontrol> page, in the left pane, select the location in your folder structure for this new folder.</cmd></step>
				<step><cmd>Click the <uicontrol>Create Folder</uicontrol> button. A text field appears where you can type the new folder name.</cmd></step>
				<step><cmd>Type a name for the folder.</cmd></step>					
				<step><cmd>Click <uicontrol>Create</uicontrol>. The folder is created.</cmd></step>
			</steps>
		</taskbody>
	</task>
</task>