<?xml version="1.0" encoding="UTF-8"?>
<!DOCTYPE task PUBLIC "-//IBM//DTD DITA Composite//EN" "c:/dtd/ditabase.dtd">
<task id="custompageshare_hdi" otherprops="res;custompage" audience="res;R7.6">
	<title>How do I share a <ph keyref="prodnamefirst"/> custom page I have created?</title>
	<prolog>
		<author>Barb Bruns</author>
		<copyright>
			<copyryear year="2010"/>
			<copyrholder>Lexisnexis</copyrholder>
		</copyright>
		<critdates>
			<created date="2010-01-17"/>
		</critdates>
		<metadata>			
			<prodinfo>
				<prodname>Lexis Advance</prodname>
				<vrmlist>
					<vrm version="1"/>
				</vrmlist>
			</prodinfo>
		</metadata>
	</prolog>
	
<taskbody>

<context>
			<p>You can share a custom page with other <ph keyref="prodnamefirst"/> users. To do this:</p>
		</context>
		<steps>
			<step>
				<cmd>On the <ph keyref="prodname"/> home page, select the custom page you want from the <uicontrol>Custom Pages</uicontrol> pod.</cmd>
				<stepresult>The custom page opens.</stepresult>
			</step>
			
				<step>
					<cmd>From the <uicontrol>Actions</uicontrol> drop-down menu at the top left of the page, select <uicontrol>Share page</uicontrol>. </cmd>
			
			</step>
				
		</steps>
</taskbody>
    </task> 

