<?xml version="1.0" encoding="UTF-8"?>
<!DOCTYPE task PUBLIC "-//IBM//DTD DITA Composite//EN" "c:/dtd/ditabase.dtd">
<task id="custompagecreate_hdi" otherprops="res;custompage" audience="res">
	<title>How do I create a <ph keyref="prodnamefirst"/> custom page?</title>
	<prolog>
		<author>Barb Bruns</author>
		<copyright>
			<copyryear year="2010"/>
			<copyrholder>Lexisnexis</copyrholder>
		</copyright>
		<critdates>
			<created date="2010-01-17"/>
		</critdates>
		<metadata>			
			<prodinfo>
				<prodname>Lexis Advance</prodname>
				<vrmlist>
					<vrm version="1"/>
				</vrmlist>
			</prodinfo>
		</metadata>
	</prolog>
	
<taskbody>

<context>
			<p>You can create a custom page with the sources and tools you use most often. You can create as many custom pages as you wish - one for each focus of your practice. Once you create them, your custom pages will be available from the <uicontrol>Custom Pages</uicontrol> pod on the <ph keyref="prodname"/> landing page.  You can also set one to be the first page you see when you sign in <xref href="custompagesetstart_hdi.xml" scope="peer"></xref>.</p>
<p>A custom page is created one pod at a time.  Each pod can contain sources, tools, favorite links, or other items. For a list of pods you can include on your custom page, see <xref href="custompagepods_ref.xml" scope="peer"/></p>
		</context>

		
			<steps>
				<step>
				<cmd>On the <ph keyref="prodname"/> Home page, select the <uicontrol>Create a custom page</uicontrol> from the <uicontrol>Custom Pages</uicontrol> pod.</cmd>
				</step>
					<step>
					<cmd>On the <uicontrol>Create Custom Page</uicontrol> pop-up, enter a name for the page (for example, &quot;Family Law&quot;) and select <uicontrol>Create Page</uicontrol>. A new (blank) custom page opens.
					</cmd>
					
<info>
<note type="note">To edit the name, place your cursor over the title and select the edit icon <image href="iconpencil.png" alt="Edit" placement="inline"/>.</note>
</info>
					</step>
					<step>
                    <cmd>Select <uicontrol>Add Content</uicontrol>. You will be selecting the content you want in the first pod on the page.</cmd>
					<stepresult>A page opens displaying the same tabs you see on the <ph keyref="prodname"/> Home page.</stepresult>
                </step>
				<step>
				<cmd>Using the tabs, select the content type, or the Federal, state, practice or industry, or international sources you want in this pod. You can select sources that are within your subscription plan or outside of it. </cmd>
			
				<stepresult>Your selections are displayed on the right side of the page as you make them.</stepresult>
				</step>
				<step>
				<cmd>If you wish, change the order of your selections by dragging and dropping them (click on a source name and drag it to the position in the list where you want it, then release the mouse button).
				</cmd>
				</step>
				<step>
				<cmd>When you are finished adding and re-ordering the sources, enter a name for the pod. </cmd>
<info>
					<note type="note">To edit the pod name, select the tools icon <image href="Icontools.png" alt="Tools" placement="inline"/> and select <uicontrol>Edit</uicontrol>.</note>
				</info>

				</step> 
				<step>
				<cmd>Select <uicontrol>Save</uicontrol>.</cmd>
				<stepresult>Your custom page is displayed with the pod you created containing the sources you selected.</stepresult>
				</step>
				<step>
				<cmd>Select <uicontrol>Add Tools</uicontrol>.</cmd>
				</step>
				<step>
				<cmd>Select the tools you want.</cmd>
				</step>
<step>
<cmd>Select <uicontrol>Save</uicontrol> to see the custom page.</cmd>
<info>
					<note type="note">You may want to create several pods for the page, each with specific content or tools.  For example, you might create one pod for sources, one for related news sources, and so on, as well as pods for several tools. </note>
					</info> 

</step>
<step>
<cmd>If you wish to make this custom page the first page you see when you open <ph keyref="prodname"/>, 
select <uicontrol>Make this my research start page</uicontrol> from the <uicontrol>Actions</uicontrol> drop-down menu at the top left of the page. </cmd>
			
				<info>
					<note type="note">To change your start page again, go to <uicontrol>Settings</uicontrol> and select <uicontrol>General</uicontrol>, then select the page you want to be your start page.  <br></br> 
					<image href="startpage.png" alt="Set start page" placement="inline"/>.</note>
				</info>
			</step>
            </steps>
			<info>
			<p>You can add new pods to a custom page at any time (not just while you're creating the page).  Just select the page you want to add to from the <uicontrol>Custom Pages</uicontrol> pod on the <ph keyref="prodname"/> landing page. When the page opens, select <image href="addropdown.png" alt="Add" placement="inline"/> at the top of the page and add content or tools.</p>
			<p>For more information about editing a custom page, see <xref href="custompagedit_hdi.xml" scope="peer"></xref>.</p>
			</info> 
</taskbody>
    </task> 

