<?xml version="1.0" encoding="UTF-8"?>
<!DOCTYPE task PUBLIC "-//IBM//DTD DITA Composite//EN" "c:/dtd/ditabase.dtd">
<task id="custompagesetstart_hdi" otherprops="res;custompage" audience="res">
	<title>How do I make a custom page my start page?</title>
	<prolog>
		<author>Barb Bruns</author>
		<copyright>
			<copyryear year="2007"/>
			<copyrholder>Lexisnexis</copyrholder>
		</copyright>
		<critdates>
			<created date="2006-10-03"/>
		</critdates>
		<metadata>		
			<prodinfo>
				<prodname>Lexis Advance</prodname>
				<vrmlist>
					<vrm version="1"/>
				</vrmlist>
			</prodinfo>
		</metadata>
	</prolog>
	<taskbody>
		<context>
			<p>You can make one of your custom pages the page you see when you sign into  <ph keyref="prodname"/>.  To do this:</p>
		</context>
		<steps>
			<step>
				<cmd>On the <ph keyref="prodname"/> home page, select the custom page you want from the <uicontrol>Custom Pages</uicontrol> pod.</cmd>
				<stepresult>The custom page opens.</stepresult>
			</step>
			
				<step>
					<cmd>From the <uicontrol>Actions</uicontrol> drop-down menu at the top left of the page, select <uicontrol>Make this my research start page</uicontrol>. </cmd>
			
				<info>
					<note type="note">To change your start page again, go to <uicontrol>Settings</uicontrol> and select <uicontrol>General</uicontrol>, then select the page you want to be your start page.  <br></br> 
					<image href="startpage.png" alt="Set start page" placement="inline"/>.</note>
				</info>
			</step>
				
		</steps>
	</taskbody>
</task>