<?xml version="1.0" encoding="UTF-8"?>
<!DOCTYPE task PUBLIC "-//IBM//DTD DITA Composite//EN" "c:/dtd/ditabase.dtd">
<task id="custompagedit_hdi" otherprops="res;custompage" audience="res">
	<title>How do I edit a custom page I have created?</title>
	<prolog>
		<author>Barb Bruns</author>
		
		<copyright>
			<copyryear year="2007"/>
			<copyrholder>Lexisnexis</copyrholder>
		</copyright>
		<critdates>
			<created date="2017-08-28"/>
		</critdates>
		<metadata>			
			<prodinfo>
				<prodname>Lexis Advance</prodname>
				<vrmlist>
					<vrm version="1"/>
				</vrmlist>
			</prodinfo>
		</metadata>
	</prolog>
	<taskbody>
		<context>
		<p>You can edit a custom page you have created at any time. </p>
		</context>
		<steps>
		<step><cmd>Select the custom page from the <uicontrol>Custom Pages</uicontrol> pod on the <ph keyref="prodname"/> landing page.</cmd></step>
		<step><cmd>Choose one of the options below to edit it:</cmd>
		<choicetable>						
		<chrow>
							<choption>To remove a custom page</choption>
							<chdesc>Select <uicontrol>Delete</uicontrol> from the <uicontrol>Actions</uicontrol> menu at the top of the page. </chdesc>
							</chrow>
							<chrow>
							<choption>To edit the name of a custom page</choption>
							<chdesc>Place your cursor over the title and select the edit icon <image href="iconpencil.png" alt="Edit" placement="inline"/></chdesc>
							</chrow>
							<chrow>
							<choption>To edit the name of a pod on the page</choption>
							<chdesc>Select the tools icon <image href="Icontools.png" alt="Tools" placement="inline"/> inside the pod name and select <uicontrol>Edit</uicontrol>. </chdesc>
							</chrow>
							<chrow>
							<choption>To add more pods</choption>
							<chdesc>Select <image href="addropdown.png" alt="Add" placement="inline"/> at the top of the page and select <uicontrol>content</uicontrol> or <uicontrol>tools</uicontrol>.</chdesc>
							</chrow>
							<chrow>
							<choption>To change the order of the sources in a pod</choption>
							<chdesc>Select the tools icon <image href="Icontools.png" alt="Tools" placement="inline"/> inside the pod name and select <uicontrol>Edit</uicontrol>. The content for that pod will display with the sources you selected displayed on the right side.  Drag and drop the sources until they are in the order you want, and then select <uicontrol>Save</uicontrol>.</chdesc>
							</chrow>
							<chrow>
<choption>To remove a pod from the page</choption>
							<chdesc>Select the tools icon <image href="Icontools.png" alt="Tools" placement="inline"/> inside the pod name and select <uicontrol>Delete</uicontrol>.</chdesc>
							</chrow>
							</choicetable>
				</step>
            </steps>
			
</taskbody>
    </task> 

