<?xml version="1.0" encoding="UTF-8"?>
<!DOCTYPE task PUBLIC "-//IBM//DTD DITA Composite//EN" "c:/dtd/ditabase.dtd">
<task id="deletefavorite_hdi" otherprops="searchfilter;faveselectopictips" audience="res">
	<title>How do I remove a source or topic from the <uicontrol>Favorites</uicontrol> pod?</title>
	<prolog>
		<author>Barb Bruns</author>
		<copyright>
			<copyryear year="2012"/>
			<copyrholder>Lexisnexis</copyrholder>
		</copyright>
		<critdates>
			<created date="2012-07-10"/>
		</critdates>
		<metadata>		
			<prodinfo>
				<prodname>Lexis Advance</prodname>
				<vrmlist>
					<vrm version="1"/>
				</vrmlist>
			</prodinfo>
		</metadata>
	</prolog>
	<taskbody>
		
		<context>
			<p>To remove a filter from the Recent &amp; Favorite pod, follow these steps.</p>
		</context>
		<steps>
			<step>
				<cmd>On the search form, select <uicontrol>Filters</uicontrol>.</cmd>
			</step>
			<step>
				<cmd>Select <uicontrol>Recent &amp; Favorite</uicontrol> from the left pane.</cmd>
				
			</step>
			<step>
				<cmd>Locate the item you want to remove.</cmd>
			</step>
			<step>
				<cmd>Click the <image href="#CloseRemove.png" alt="Remove favorite" placement="inline"/> to its right.</cmd>
				<stepresult>The item you selected is removed from the list.</stepresult>
			</step>
			<step>
				<cmd>Click <uicontrol>Save</uicontrol> to confirm.</cmd>
			</step>

		</steps>
	</taskbody>
</task>
