<?xml version="1.0" encoding="UTF-8"?>
<!DOCTYPE task PUBLIC "-//IBM//DTD DITA Composite//EN" "c:/dtd/ditabase.dtd">
<task id="deletefilter_hdi" otherprops="searchfilter">
	<title>How do I remove a filter I have saved as a favorite?</title>
	<prolog>
		<author>Barb Bruns</author>
		<copyright>
			<copyryear year="2009"/>
			<copyrholder>Lexisnexis</copyrholder>
		</copyright>
		<critdates>
			<created date="2009-12-15"/>
		</critdates>
		<metadata>		
			<prodinfo>
				<prodname>Lexis Advance</prodname>
				<vrmlist>
					<vrm version="1"/>
				</vrmlist>
			</prodinfo>
		</metadata>
	</prolog>
	<taskbody>
		<context>
<p>To remove a filter you have saved as a favorite, follow the steps below.</p>
		</context>
		<steps>
		<step>
<cmd>On the search form, select <uicontrol>Search Everything</uicontrol>.</cmd>
		</step>
		<step>
		<cmd>Select <uicontrol>Recent &amp; Favorites</uicontrol> from the left pane.</cmd>
		</step>
<step>
				<cmd>Locate the filter you want to remove.</cmd>
			</step>
			<step>
				<cmd>Click the <image href="#CloseRemove.png" alt="Remove favorite" placement="inline"/> to its right.</cmd>
			</step>
<step>
				<cmd>Click <uicontrol>Save</uicontrol> to confirm.</cmd>
			</step>
		</steps>
	</taskbody>
</task>
