<?xml version="1.0" encoding="UTF-8"?>
<!DOCTYPE task PUBLIC "-//IBM//DTD DITA Composite//EN" "c:/dtd/ditabase.dtd">
<task id="deletenote_hdi" otherprops="folders">
	<title>How do I delete a note in one of my folders?</title>
	<prolog>
		<author>Barb Bruns</author>
		<author>Christina Stommel (GDSI Release)</author>
		<copyright>
			<copyryear year="2007"/>
			<copyrholder>Lexisnexis</copyrholder>
		</copyright>
		<critdates>
			<created date="2006-10-03"/>
		</critdates>
		<metadata>			
			<prodinfo>
				<prodname>Lexis Advance</prodname>
				<vrmlist>
					<vrm version="1"/>
				</vrmlist>
			</prodinfo>
		</metadata>
	</prolog>
	<taskbody>
		<context>
			<p>You can delete notes you have added to any item, such as a document or a section of text, that you have stored in a folder. To delete a note, follow the steps below.</p>
		</context>
		<steps>
			<step>
				<cmd>On the <ph keyref="prodnamefirst"/> home page, select a folder from the <uicontrol>Folders</uicontrol> pod, or select the <uicontrol>Folders</uicontrol> link from <uicontrol>More</uicontrol> drop-down list at the top of any page and select a folder.</cmd>
			</step>
			<step>
				<cmd>Open the item with the note you want to delete.</cmd>
			</step>
			<step><cmd>Click the <uicontrol>View all notes</uicontrol> link in the document information bar, located above the document. The page is scrolled to the bottom of the document.</cmd></step>
			<step>
				<cmd>Click the <uicontrol>Delete</uicontrol> button for the note you want to remove.</cmd>
			</step>
			<step>
				<cmd>Confirm the deletion by selecting <uicontrol>Delete</uicontrol>.</cmd>
			</step>
		</steps>
		<result>
			<note type="note">You can also delete a note by selecting <uicontrol>Delete</uicontrol> from the <uicontrol>Actions</uicontrol> drop-down list while viewing the full text of an item in your folder.</note>
		</result>
	</taskbody>
</task>