<?xml version="1.0" encoding="UTF-8"?>
<!DOCTYPE task PUBLIC "-//IBM//DTD DITA Composite//EN" "c:/dtd/ditabase.dtd">
<task id="deliverattachments_hdi" otherprops="delivery">
	<title>How do I download, print, email, and send to Dropbox the document attachments associated with my results?</title>	
	<prolog>		
		<author>Christina Stommel </author>
		<copyright>
			<copyryear year="2015"/>
			<copyrholder>Lexisnexis</copyrholder>
		</copyright>
		<critdates>
			<created date="2015-03-15"/>
		</critdates>
		<metadata>			
			<prodinfo>
				<prodname>Lexis Advance</prodname>				
				<vrmlist>
					<vrm version="1"/>
					<!--new with LA 5.1-->
				</vrmlist>
			</prodinfo>
		</metadata>
	</prolog>
	<taskbody>
		<context>
			<p>When downloading, printing, emailing, or sending to Dropbox documents that have attachments, you can choose to deliver <i>only</i> those attachments, or just include them with their associated documents.</p>
			<p>To do this:</p>
		</context>
<steps>
				<step><cmd>Select the document or results list you want to deliver (download, print, email, or send to Dropbox):</cmd>
					<choicetable>						
						<chrow>					
							<choption>To deliver the results list</choption>
							<chdesc>While viewing your results list, select the documents you want to deliver (or don't select any results to deliver the full list of results).											
							<note type="tip">You can easily clear items from your delivery tray by selecting the delivery count drop-down list and then by either clicking the <uicontrol>Clear All</uicontrol> button located in the upper-right corner of the list, or by clicking the <uicontrol>X</uicontrol> next to the specific item you want to remove.</note></chdesc>
						</chrow>						
						<chrow>
							<choption>To deliver a single document</choption>
							<chdesc>While viewing the results list, open the specific document you want to deliver.</chdesc>
						</chrow>
					</choicetable>
				</step>				
				<step><cmd>Click the <image href="deliverysettings.png" alt="Delivery Settings"/> next to the delivery task you want to perform. (For example, click the image next to one of the following: <uicontrol>Download</uicontrol> (<image href="Download.png" alt="Download"/>), <uicontrol>Print</uicontrol> (<image href="print.png" alt="Print"/>), <uicontrol>Email</uicontrol> (<image href="email.png" alt="Email"/>) or <uicontrol>Send to Dropbox</uicontrol> (<image href="dropbox.png" alt="Send to Dropbox"/>). The appropriate delivery dialog box appears.</cmd></step>
					<step><cmd>Click the <uicontrol>Basic Options</uicontrol> tab. The view changes to show your options for delivering your research.</cmd></step>
					<step><cmd>In the <uicontrol>What do you want to download/print/email/send to Dropbox?</uicontrol> group, select one of the following options, depending on whether you want to deliver documents with their attachments or just attachments:</cmd>
					<choices>
					<choice><uicontrol>Full documents</uicontrol>, followed by <uicontrol>Include document attachments, where available</uicontrol> - Select these options to deliver the documents along with any attachments associated with the documents.</choice>
					<choice><uicontrol>Full document attachments only (where available)</uicontrol> - Select this option to deliver just the attachments for the documents or results you are viewing.</choice>
					</choices></step>
					<step><cmd>Select any other delivery-related options you want and complete the delivery.</cmd></step>					
			</steps>				
		</taskbody>	
</task>