<?xml version="1.0" encoding="UTF-8"?>
<!DOCTYPE task PUBLIC "-//IBM//DTD DITA Composite//EN" "c:/dtd/ditabase.dtd">
<task id="displaylegalissuetrail_hdi" otherprops="fulldocrhp;legalissuetrailtips" audience="res;lps;lpa">
	<title>How do I display the <ph keyref="litnamefirst"/>?</title>
	<prolog>
		<author>Barbara Bruns</author>
		<copyright>
			<copyryear year="2007"/>
			<copyrholder>Lexisnexis</copyrholder>
		</copyright>
		<critdates>
			<created date="2006-10-03"/>
		</critdates>
		<metadata>			
			<prodinfo>
				<prodname>Lexis Advance</prodname>
				<vrmlist>
					<vrm version="1"/>
				</vrmlist>
			</prodinfo>
		</metadata>
	</prolog>
	<taskbody>
		<context/>
		<steps>
			<step>
				<cmd>From the <ph keyref="prodnamefirst"/> search form, run a search.</cmd>
			</step>
			<step>
				<cmd>From the results list view, select a case law document to display it in the full view.</cmd>
			</step>
			<step>
				<cmd>Click <uicontrol>Activate Passages</uicontrol> under <uicontrol><ph keyref="litname"/></uicontrol> in the right pane. (To remove the passage outlines, select <uicontrol>Deactivate Passages</uicontrol> in the right pane.)</cmd>
			</step>
			<step>
				<cmd>Click an outlined passage in the text of the document in the left pane to display the <ph keyref="litname"/> for it.</cmd>
			</step>
		</steps>
	</taskbody>
</task>