<?xml version="1.0" encoding="UTF-8"?>
<!DOCTYPE task PUBLIC "-//IBM//DTD DITA Composite//EN" "c:/dtd/ditabase.dtd">
<task id="downloadresults_hdi" otherprops="delivery;attachdownloadtips;deliveryrangetips">
	<title>How do I download my results or documents?</title>	
	<prolog>
		<author>Barb Bruns</author>		
		<author>Christina Stommel</author>
		<copyright>
			<copyryear year="2009"/>
			<copyrholder>Lexisnexis</copyrholder>
		</copyright>
		<critdates>
			<created date="2009-12-15"/>
		</critdates>
		<metadata>			
			<prodinfo>
				<prodname>Lexis Advance</prodname>				
				<vrmlist>
					<vrm version="1"/>
				</vrmlist>
			</prodinfo>
		</metadata>
	</prolog>
	<taskbody>
		<context>
			<p>You can download documents selected from your results list, or download a document you have open. </p>
			<note type="note">See <xref href="deliverattachments_hdi.xml" scope="peer"/> for details on downloading any attachments associated with your delivery.</note>
			<p>To do this:</p>
		</context>
		<steps>									
				<step><cmd>Choose whether you want to download a single document, or download the results list:</cmd>
					<choicetable>						
						<chrow>
							<choption>To download the results list</choption>
							<chdesc>While viewing your results list, select the specific results you want to download, or don't select any results to download 250 of the first 1,000 results in your list.						
							<note type="tip">You can easily clear items from your delivery tray by selecting the delivery count	drop-down list and then by either clicking the <uicontrol>Clear All</uicontrol> button located in the upper-right corner of the list, or by clicking the <uicontrol>X</uicontrol> next to the specific item you want to remove.</note>
							<note type="note">Public Records delivers up to 200 consecutive as well as non-consecutive items; not 250.</note>
							</chdesc>
							</chrow>
						<chrow>
							<choption>To download a single document</choption>
							<chdesc>While viewing the results list, open the specific document you want to download.</chdesc>
						</chrow>
					</choicetable>
				</step>

				<step><cmd>Choose whether you want to download your delivery immediately (using your last-used download settings), or select new download settings before completing the request: </cmd>
					<choicetable>
					<chrow>
					<choption>To download your selection immediately </choption>
					<chdesc>Click the <uicontrol>Download</uicontrol> icon (<image href="download.png" alt="Download"/>) in the delivery toolbar. The downloading process is started immediately and no further steps are required. </chdesc>
					</chrow>
					<chrow>
					<choption>To select new settings before downloading your selection</choption>
					<chdesc>Click the <uicontrol>Settings</uicontrol> icon (<image href="deliverysettings.png" alt="Delivery Settings"/>) next to the Download icon (<image href="download.png" alt="Download"/>) and provide the required information on the Download dialog box. (See <xref href="attachdownloadtips.xml" scope="peer"/>.)</chdesc>
					</chrow></choicetable></step>					
						</steps>

		</taskbody>	
</task>