<?xml version="1.0" encoding="UTF-8"?>
<!DOCTYPE task PUBLIC "-//IBM//DTD DITA Composite//EN" "c:/dtd/ditabase.dtd">
<task id="downloadfullreport_hdi" otherprops="vsadelivery">
	<title>How do I download a full report?</title>
	<prolog>
		<author>Paul Claggett</author>
		<copyright>
			<copyryear year="2017"/>
			<copyrholder>Lexisnexis</copyrholder>
		</copyright>
		<critdates>
			<created date="2017-06-16"/>
		</critdates>
		<metadata>			
			<prodinfo>
				<prodname>Lexis Advance</prodname>
				<vrmlist>
					<vrm version="1"/>
				</vrmlist>
			</prodinfo>
		</metadata>
	</prolog>
	<taskbody>
		<context>	
			<p>Take the following steps to download a full report that contains all results list, graphs, and charts.</p>
		</context>
		<steps>
			<step><cmd>Run a search and view your results.</cmd></step>

			<step><cmd>Locate the Download button at the top of the results page.</cmd></step>
			<step><cmd>Click <image href="dowloadoptions.png" alt="Download Full Report Options"/> to open the <xref href="attachdownloadfullreporttips.xml" scope="peer">Download Full Reports options page.</xref></cmd></step>
			<step><cmd>Use the boxes and buttons on the options page to customize your report.</cmd></step>
			<step><cmd>Click <uicontrol>Download</uicontrol> to begin the download process.</cmd></step>
		</steps>
		<postreq><p>To download a full report using the default options, click <uicontrol> Download</uicontrol> on the results page. The download process often takes a few minutes.</p></postreq>
		</taskbody>
</task>

