<?xml version="1.0" encoding="UTF-8"?>
<!DOCTYPE task PUBLIC "-//IBM//DTD DITA Composite//EN" "c:/dtd/ditabase.dtd">
<task id="dropboxresults_hdi" otherprops="delivery;attachdropboxtips;deliveryrangetips">
	<title>How do I send my results or documents to Dropbox?</title>	
	<prolog>		
		<author>Christina Stommel </author>
		<copyright>
			<copyryear year="2015"/>
			<copyrholder>Lexisnexis</copyrholder>
		</copyright>
		<critdates>
			<created date="2015-12-15"/>
		</critdates>
		<metadata>			
			<prodinfo>
				<prodname>Lexis Advance</prodname>
				<vrmlist>
					<vrm version="1"/>
				</vrmlist>
			</prodinfo>
		</metadata>
	</prolog>
	<taskbody>
		<context>
			<p><ph keyref="prodnamefirst"/> allows you to send either documents you have open, or selected documents from a results list, to Dropbox, which is a third-party cloud storage application. (If you do not have a Dropbox account, visit <xref href="http://www.dropbox.com" scope="external">www.dropbox.com</xref> to create a free account, or <xref href="https://www.dropbox.com/tour" scope="external">take a Dropbox tour</xref>.)</p>			
			<p>To do this:</p>
		</context>
			<steps>
				<step><cmd>Choose whether you want to send a single document to Dropbox, or send the results list:</cmd>
					<choicetable>						
						<chrow>
							<choption>To send results list items to Dropbox</choption>
							<chdesc>While viewing your results list, select the specific results you want to send to Dropbox, or don't select anything to send 250 results from the first 1,000 in your list.							
							<note type="tip">You can easily clear items from your delivery tray by selecting the delivery count	drop-down list and then by either clicking the <uicontrol>Clear All</uicontrol> button located in the upper-right corner of the list, or by clicking the <uicontrol>X</uicontrol> next to the specific item you want to remove.</note>
							<note type="note">Public Records delivers up to 200 consecutive as well as non-consecutive items; not 250.</note>
							</chdesc></chrow>
						<chrow>
							<choption>To send a single document to Dropbox</choption>
							<chdesc>While viewing the results list, open the specific document you want to send.</chdesc>
						</chrow>
					</choicetable>
				</step>

				<step><cmd>Choose whether to send your selections to Dropbox immediately (using your last-used Dropbox settings), or to select new Dropbox settings before completing the delivery:</cmd>
					<choicetable>
					<chrow>
					<choption>To send your selections to Dropbox immediately</choption>
					<chdesc>Click the <uicontrol>Send to Dropbox</uicontrol> delivery icon (<image href="dropbox.png" alt="Send to Dropbox"/>) on the delivery toolbar. The delivery is started immediately and no further steps are required.</chdesc>
					</chrow>
					<chrow>
					<choption>To select new Dropbox settings before delivery </choption>
					<chdesc>Click the <uicontrol>Settings</uicontrol> icon (<image href="deliverysettings.png" alt="Delivery Settings"/>) next to the <uicontrol>Send to Dropbox</uicontrol> icon (<image href="dropbox.png" alt="Send to Dropbox"/>) and provide the required information on the Send to Dropbox dialog box. (See <xref href="attachdropboxtips.xml" scope="peer"/> for instructions on working with this dialog box.)</chdesc>
					</chrow></choicetable></step>					
			</steps>		
			<result><note type="note">See <xref href="deliverattachments_hdi.xml" scope="peer"/> for details on including attachments with your delivery to Dropbox.</note></result>

		</taskbody>
</task>