<?xml version="1.0" encoding="UTF-8"?>
<!DOCTYPE task PUBLIC "-//IBM//DTD DITA Composite//EN" "c:/dtd/ditabase.dtd">
<task id="editdeleteannotation_hdi" otherprops="fulldoctools;annovieweditips" audience="res;lpa">
	<title>How do I edit or delete annotations I've made in a document?</title>
	<prolog>
		<author>Barb Bruns</author>
		<author>Christina Stommel (GDSI Release)</author>
		<copyright>
			<copyryear year="2009"/>
			<copyrholder>Lexisnexis</copyrholder>
		</copyright>
		<critdates>
			<created date="2009-12-15"/>
		</critdates>
		<metadata>			
			<prodinfo>
				<prodname>Lexis Advance</prodname>
				<vrmlist>
					<vrm version="1"/>
				</vrmlist>
			</prodinfo>
		</metadata>
	</prolog>
	<taskbody>
		<context>
			<p>You can edit or delete annotations you have made in a document.</p>
			<p>To do this:</p>
		</context>
		<steps>
			<step>
				<cmd>Open the document from the folder where it is stored.</cmd>
			</step>
			<step>
				<cmd>Locate the annotation you want to edit or delete (the text you annotated is highlighted and underscored).</cmd>
			</step>
			<step>
				<cmd>Click the highlighted text.</cmd>
				<stepresult>The <uicontrol>Notes</uicontrol> tab opens, displaying the annotations you made for this text.</stepresult>
			</step>
			<step><cmd>Click on the annotation you want to edit or delete.</cmd>
			</step>

			<step>
				<cmd>Do one of the following and then click <uicontrol>Save</uicontrol>:</cmd>
				<info>
					<ul>
					<li>To edit the text of the annotation, click the pencil icon (<image href="pencil.png" alt="Edit" placement="inline"/>) and make your changes in the notes text box that displays. </li>
					<li>To change the color of the highlight, click on the new color under <uicontrol>Choose your highlight color</uicontrol>.</li>
					<li>To change the highlight you've assigned to the text you've annotated, select <uicontrol>Edit Highlight</uicontrol> and then reapply the highlighting to the text in the document.</li>				
					<li>To delete the annotation, select the trash can icon (<image href="trashcan.png" alt="Delete" placement="inline"/>). Then confirm the action.</li>									</ul>
				</info>
			</step>
		</steps>		
	</taskbody>
</task>