<?xml version="1.0" encoding="UTF-8"?>
<!DOCTYPE task PUBLIC "-//IBM//DTD DITA Composite//EN" "c:/dtd/ditabase.dtd">
<task id="editnote_hdi" otherprops="folders">
	<title><ph audience="hide">1</ph>How do I edit a note in one of my folders?</title>
	<prolog>
		<author>Barb Bruns</author>
		<author>Christina Stommel (GDSI Release)</author>
		<copyright>
			<copyryear year="2007"/>
			<copyrholder>Lexisnexis</copyrholder>
		</copyright>
		<critdates>
			<created date="2006-10-03"/>
		</critdates>
		<metadata>		
			<prodinfo>
				<prodname>Lexis Advance</prodname>
				<vrmlist>
					<vrm version="1"/>
				</vrmlist>
			</prodinfo>
		</metadata>
	</prolog>
	<taskbody>
			<context>
			<p>You can edit notes you have added to any item, such as a document or a section of text, that you have stored in a  folder, or you can add new notes. To edit a note, follow the steps below.</p>
		</context>
		<steps>
			<step><cmd>Select a folder from the <uicontrol>Folders</uicontrol> pod of the <ph keyref="prodnamefirst"/> home page, or select the <uicontrol>Folders</uicontrol> link from the <uicontrol>More</uicontrol> drop-down list at the top of any page. The Folders page appears.</cmd></step>			
			<step><cmd>Click the link for the item whose note you want to edit. The item is opened.</cmd></step>
			<step><cmd>Click the <uicontrol>View all notes</uicontrol> link below the document title. The Document Notes box is displayed at the bottom of the document.</cmd></step>
			<step><cmd>Click the <uicontrol>Edit</uicontrol> button. The Edit Notes dialog box appears.</cmd></step>			
			<step id="editoradd"><cmd>Edit the text in the box.</cmd></step>
			<step><cmd>Optionally, if this is a shared item, select <uicontrol>Allow recipients to view your notes</uicontrol> if you want the notes to be visible to users you have shared it with. (Clear this option if the notes should be visible only to you.)</cmd></step>			
			<step><cmd>Click <uicontrol>Save</uicontrol>.</cmd></step>
		</steps>		
	</taskbody>
</task>