<?xml version="1.0" encoding="UTF-8"?>
<!DOCTYPE task PUBLIC "-//IBM//DTD DITA Composite//EN" "c:/dtd/ditabase.dtd">
<task id="emailresults_hdi" otherprops="delivery;attachemailtips;deliveryrangetips">
	<title>How do I email my results or documents?</title>
	<prolog>
		<author>Barb Bruns</author>
		<author>Christina Stommel (GDSI Release)</author>		
		<copyright>
			<copyryear year="2009"/>
			<copyrholder>Lexisnexis</copyrholder>
		</copyright>
		<critdates>
			<created date="2009-12-15"/>
		</critdates>
		<metadata>			
			<prodinfo>
				<prodname>Lexis Advance</prodname>
				<vrmlist>
					<vrm version="1"/>
				</vrmlist>
			</prodinfo>
		</metadata>
	</prolog>
	<taskbody>
		<context>
			<p>You can email documents selected from your results list, or a document you have open, to yourself or others. </p>
			<note type="note">See <xref href="deliverattachments_hdi.xml" scope="peer"/> for details on emailing any attachments associated with your delivery.</note>
			<p>To do this:</p>
		</context>
			<steps>
				<step><cmd>Choose whether you want to email a single document, or email the results list:</cmd>
					<choicetable>						
						<chrow>
							<choption>To email the results list</choption>
							<chdesc>While viewing your results list, select the specific results you want to email, or don't select any results to email 250 of the first 1,000 results in your list.
							<note type="tip">You can easily clear items from your delivery tray by selecting the delivery count	drop-down list and then by either clicking the <uicontrol>Clear All</uicontrol> button located in the upper-right corner of the list, or by clicking the <uicontrol>X</uicontrol> next to the specific item you want to remove.</note>
							<note type="note">Public Records delivers up to 200 consecutive as well as non-consecutive items; not 250.</note>
						</chdesc></chrow>
	
						<chrow>
							<choption>To email a single document</choption>
							<chdesc>While viewing the results list, open the specific document you want to email.</chdesc>
						</chrow>
					</choicetable>
				</step>

				<step><cmd>Click the email icon on the delivery toolbar. </cmd></step>				
				<step><cmd>Complete the email form and select <uicontrol>Email</uicontrol>. For detailed information about completing the form, see <xref href="attachemailtips.xml" scope="peer">email documents page</xref>.</cmd></step>
			</steps>		
								
		</taskbody>	
	</task>