<?xml version="1.0" encoding="UTF-8"?>
<!DOCTYPE task PUBLIC "-//IBM//DTD DITA Composite//EN" "c:/dtd/ditabase.dtd">
<task id="findresearchitem_hdi" otherprops="history;folders">
	<title>How do I find an item from my previous research?</title>
	<prolog>
		<author>Barb Bruns</author>
		<copyright>
			<copyryear year="2007"/>
			<copyrholder>Lexisnexis</copyrholder>
		</copyright>
		<critdates>
			<created date="2006-10-03"/>
		</critdates>
		<metadata>			
			<prodinfo>
				<prodname>Lexis Advance</prodname>
				<vrmlist>
					<vrm version="1"/>
				</vrmlist>
			</prodinfo>
		</metadata>
	</prolog>
	<taskbody>
		<context>
			<p>You can find a document, a section of text, a search, a note, an item you printed, or other items from your previous research activities.  To find an item from up to the last 90 days, search in <uicontrol>History</uicontrol>.  To find an item you have saved to one of your folders, search in <uicontrol>Folders</uicontrol>.</p>
		</context>
	</taskbody>
	
	<task id="searchhistory">
		<title>To search <uicontrol>History</uicontrol>:</title>
		<taskbody>
			<steps>
				<step>
					<cmd>Select the <uicontrol>History</uicontrol> drop-down list at the top of any page, then select <uicontrol>View all history</uicontrol>.</cmd>
				</step>
				<step>
					<cmd>Select <uicontrol>List</uicontrol> to view your searches in a results list, or select <uicontrol>Research Map</uicontrol> to view your searches graphically.</cmd>
				</step>
				
					<step>
					<cmd>Select <uicontrol>Search Within History</uicontrol>.</cmd>
					</step>
<step>
<cmd>Type the words you want to search for and select the search icon (<image href="Search.png" alt="Search" placement="inline"/> ).  For example, you can enter the name (or part of the name) of a document, a document citation, a term or terms from a previous search, a client/matter ID, and so on. Select the <uicontrol>Date</uicontrol>, <uicontrol>Type</uicontrol>, or <uicontrol>Client</uicontrol> headings if you want your results to be sorted by those criteria.</cmd>
				</step>
				</steps>
		</taskbody>
	</task>
	<task id="searchfolders">
		<title>To search <uicontrol>Folders</uicontrol>:</title>
		<taskbody>
			<steps>
				<step>
					<cmd>Select <uicontrol>Folders</uicontrol> from the <uicontrol>More</uicontrol> drop-down menu at the top of any page.</cmd>
				</step>
				<step>
					<cmd>In the <uicontrol>Search Within All Folders</uicontrol> box at the top left of the page that appears, type the words you want to search for and select the search icon (<image href="Search.png" alt="Search" placement="inline"/> ).  For example, you can enter the name (or part of the name) of a document, a document citation, a term or terms from a previous search, a client/matter ID, and so on.</cmd>
				</step>
				<step>
					<cmd>To return to the folder page you were viewing before searching your history, select <uicontrol>Clear search</uicontrol> at the top of the page.</cmd>
				</step>
			</steps>
			<result>
				<note type="note">You can also search your folders from an open item in one of your folders, at the top left of the page.</note>
			</result>
		</taskbody>
		
	</task>
</task>
