<?xml version="1.0" encoding="UTF-8"?>
<!DOCTYPE task PUBLIC "-//IBM//DTD DITA Composite//EN" "c:/dtd/ditabase.dtd">
<task id="findsimilar_hdi" otherprops="history" audience="res;lps;vsa;med">
	<title>How do I find documents that are similar to documents I select from my results?</title>
	<prolog>
		<author>Barb Bruns</author>
		<copyright>
			<copyryear year="2007"/>
			<copyrholder>Lexisnexis</copyrholder>
		</copyright>
		<critdates>
			<created date="2006-10-03"/>
		</critdates>
		<metadata>		
			<prodinfo>
				<prodname>Lexis Advance</prodname>
				<vrmlist>
					<vrm version="1"/>
				</vrmlist>
			</prodinfo>
		</metadata>
	</prolog>
	<taskbody>
		<context>
			<p>Use the <uicontrol>Find Similar Documents</uicontrol> feature of the Research Map to find documents in a set of results that are similar to up to 3 documents listed on the map. Similarity is determined based on characteristics of the documents, such as legal topic.  Typically, these are documents you viewed or delivered.</p>
		</context>
		<steps>
			<step>
				<cmd>To start, do one of the following:</cmd>
				<info>
					<ul>
						<li>On the <ph keyref="prodnamefirst"/> home page, select the <uicontrol>History</uicontrol> pod, then select the <uicontrol>Research Map</uicontrol> link at the bottom of the pod.</li>
						<li>From the top of any page, select <uicontrol>History</uicontrol>, then <uicontrol>Research Map</uicontrol>.</li>
					</ul>
				</info>
			</step>
			<step>
				<cmd>In the left pane, filter the list of searches you want to see by selecting options from the <uicontrol>View by</uicontrol>, <uicontrol>Client</uicontrol>, and <uicontrol>Date</uicontrol> links.</cmd>
			</step>
			<step>
				<cmd>In the <uicontrol>Trails</uicontrol>  list (also located in the left pane), select the checkboxes for the searches you want to view. </cmd>
			</step>
			<step>
				<cmd>In the map, select an &quot;open&quot; icon (<image href="List Toggle.png" alt="Open/Close list" placement="inline"/>) in your results.</cmd>
			</step>
			<step>
				<cmd>Click the link for the document you want to view. The Document box is displayed.</cmd>
			</step>
			<step>
				<cmd>Under <uicontrol>Actions</uicontrol> in the Document box, select <uicontrol>Select this document to find similar</uicontrol>.  This adds the document to the <uicontrol>Find Similar Documents</uicontrol> box above the map.</cmd>
			</step>
			<step>
				<cmd>Repeat these steps to select up to two more documents for comparison (three total).</cmd>
				<info>
					<note type="note">To remove a document you selected for comparison, select the <uicontrol>Find Similar Documents</uicontrol> tray and select the <uicontrol>X</uicontrol> next to the search you want to remove.</note>
				</info>
			</step>
			<step>
				<cmd>Click the <uicontrol>Find Similar Documents</uicontrol> button. The Find Similar Documents For dialog box appears.</cmd>
			</step>
			<step><cmd>Select <uicontrol>Find Similar Documents</uicontrol>. The list of similar documents or items appears.</cmd></step>
		</steps>
	</taskbody>
</task>