<?xml version="1.0" encoding="UTF-8"?>
<!DOCTYPE task PUBLIC "-//IBM//DTD DITA Composite//EN" "c:/dtd/ditabase.dtd">
<task id="fulldocworkwith_hdi" otherprops="fulldocmain;results">
	<title>How do I view a document in reading view?</title>
	<prolog>		
		<author>Christina Stommel</author>
		<copyright>
			<copyryear year="2015"/>
			<copyrholder>Lexisnexis</copyrholder>
		</copyright>
		<critdates>
			<created date="2015-03-15"/>
		</critdates>
		<metadata>
			<prodinfo>
				<prodname>Lexis Advance</prodname>
				<vrmlist>
					<vrm version="1"/>
				</vrmlist>
			</prodinfo>
		</metadata>
	</prolog>
	<taskbody>	
		<context>
			<p>While viewing a full document, you can change your view to reading view, which removes most of the extra tools you use to work with the document.</p>
			<p>To do this:</p>
		</context>
		<steps>
			<step><cmd>While viewing a full document, click the <uicontrol>Reading View</uicontrol> icon (<image href="docreadingview.png" alt="Reading View"/>). The document appears in reading view.</cmd></step>
			<step><cmd>Complete any of the following optional tasks:</cmd>
			<choicetable>
			<chhead>
			<choptionhd>To...</choptionhd>
			<chdeschd>Do This</chdeschd>
			</chhead>
			<chrow>
			<choption>Shepardize the document</choption>
			<chdesc>If available, click the Shepard's Signal indicator.</chdesc>
			</chrow>
			<chrow>
			<choption>Copy the citation associated with the document</choption>
			<chdesc>Click the <uicontrol>Copy Citation</uicontrol> button. See <xref href="copycitation_hdi.xml" scope="peer"/> for details.</chdesc>
			</chrow>
			<chrow>
			<choption>Change the font size to be larger or smaller</choption>
			<chdesc>Click the appropriate button (<image href="doctextsize.png" alt="Larger/Smaller Text"/>) (located in the upper-right corner of the page)</chdesc>
			</chrow>			
			</choicetable></step>
			<step><cmd>When you are finished viewing the document in reading view, click the <image href="docfullview.png" alt="Return to Full Document"/> button to return to the full document.</cmd></step>
			</steps>

	</taskbody>
</task>