<?xml version="1.0" encoding="UTF-8"?>
<!DOCTYPE task PUBLIC "-//IBM//DTD DITA Composite//EN" "c:/dtd/ditabase.dtd">
<task id="getandprint_hdi" otherprops="searchbrowse" audience="res">
	<title>How do I retrieve a document when I know the citation, docket number, or party names?</title>
	<prolog>
		<author>Barb Bruns</author>
		<copyright>
			<copyryear year="2012"/>
			<copyrholder>Lexisnexis</copyrholder>
		</copyright>
		<critdates>
			<created date="2006-10-03"/>
		</critdates>
		<metadata>			
			<prodinfo>
				<prodname>Lexis Advance</prodname>
				<vrmlist>
					<vrm version="1"/>
				</vrmlist>
			</prodinfo>
		</metadata>
	</prolog>
	<taskbody>
		<context>
			<p>To retrieve a document when you know the citation, docket number, or party names, follow these steps.</p>
		</context>
				<steps>
				<step>
				<cmd>From the home page, select <uicontrol>Get a Doc Assistance</uicontrol>.</cmd>
				</step>
				<step>
				<cmd>Select <uicontrol>By Citation</uicontrol>, <uicontrol>Cases By Party Name</uicontrol>, or <uicontrol>Cases by Docket Number</uicontrol>.</cmd>
				</step>
				<step>
				<cmd>Follow the instructions on the screen to complete the form and retrieve the documents you want.</cmd>
				</step>
				</steps>
			</taskbody>
	</task>