<?xml version="1.0" encoding="UTF-8"?>
<!DOCTYPE task PUBLIC "-//IBM//DTD DITA Composite//EN" "c:/dtd/ditabase.dtd">
<task id="hideshowdeletehighlight_hdi" otherprops="fulldoctools;edithighlightrangetips" audience="res;lps;lpa">
	<title>How do I hide or delete highlighting in a document?</title>
	<prolog>
		<author>Barb Bruns</author>
		<author>Christina Stommel (GDSI Release)</author>
		<copyright>
			<copyryear year="2009"/>
			<copyrholder>Lexisnexis</copyrholder>
		</copyright>
		<critdates>
			<created date="2009-12-15"/>
		</critdates>
		<metadata>			
			<prodinfo>
				<prodname>Lexis Advance</prodname>
				<vrmlist>
					<vrm version="1"/>
				</vrmlist>
			</prodinfo>
		</metadata>
	</prolog>
	<taskbody>
		<context>
			<p>You can hide, show, or delete highlighting you have made to text in a document stored in one of your folders.  If you "hide" the highlighting, the text is no longer highlighted, but the location of the highlighted text in the document is indicated with a gray highlighter <image href="highlight.png" alt="Highlighted text" placement="inline"/> icon.</p>
		</context>
		<steps> 
			<step><cmd>Open the document from the folder where it is stored.  Documents that have highlighted text display a highlighter icon (<image href="highlight.png" alt="Highlighted text" placement="inline"/>) below the document name in the list.</cmd></step>
			<step><cmd>Locate the highlighting you want to hide, delete, or show. </cmd></step>
			<step><cmd>Select the highlighter icon (<image href="highlight.png" alt="Highlighted text" placement="inline"/>) in the margin of the document. The <uicontrol>Edit Highlight</uicontrol> dialog box is displayed.</cmd></step>
			<step><cmd>Complete any of the following optional tasks:</cmd>
			<choices>
			<choice>To change the highlight color, select it from the <uicontrol>Choose your highlight color</uicontrol> options.</choice>
			<choice>To share the highlight with users you've shared the document with, select <uicontrol>Allow recipients to view your note</uicontrol>.</choice>
			<choice>To hide (but not permanently remove) the highlight, select <uicontrol>Hide highlight</uicontrol>. <!--(To hide all highlights throughout the document, select <uicontrol>Hide all highlights</uicontrol>.)--></choice>
			<choice>To permanently remove the highlighting, select <uicontrol>Delete Highlight</uicontrol>.</choice>
			</choices></step>			
		</steps>
	</taskbody>
</task>