<?xml version="1.0" encoding="UTF-8"?>
<!DOCTYPE task PUBLIC "-//IBM//DTD DITA Composite//EN" "c:/dtd/ditabase.dtd">
<task id="highlightext_hdi" otherprops="fulldoctools" audience="res;lps;lpa">
	<title>How do I highlight text in a document?</title>
	<prolog>
		<author>Barb Bruns</author>
		<author>Christina Stommel (GDSI Release)</author>
		<copyright>
			<copyryear year="2009"/>
			<copyrholder>Lexisnexis</copyrholder>
		</copyright>
		<critdates>
			<created date="2009-12-15"/>
		</critdates>
		<metadata>			
			<prodinfo>
				<prodname>Lexis Advance</prodname>
				<vrmlist>
					<vrm version="1"/>
				</vrmlist>
			</prodinfo>
		</metadata>
	</prolog>
	<taskbody>
		<context>
			<p>You can highlight text in a document stored in one of your folders and save the document to retrieve and review later.</p>
			<p>To do this:</p>			
		</context>
		<steps>
			<step>
				<cmd>From a full document you are viewing, use your mouse to select the text you want to highlight (there is no limit to the amount of text you can select). A shortcut menu appears at the end of the selection, showing the options for the selected text.</cmd>
			</step>
			<step>
				<cmd>Navigate to <uicontrol>Highlight</uicontrol> and click the drop-down list next to the label. A list of highlight colors appears.</cmd>
			</step>
			<step><cmd>Choose the color you want to use as the highlight.</cmd>
			<note type="note">When choosing your highlight color, the last highlight color you used appears next to the <uicontrol>Highlight</uicontrol> label. If you want to use this color for a new highlight, select it. </note></step>

		</steps>
		<result>
			<p>The text is highlighted in the document and its location indicated by a highlighter <image href="highlight.png" alt="Highlighted text" placement="inline"/> icon in the margin.</p>			
			<note type="note">You can edit, hide, or delete existing highlights. See <xref href="hideshowdeletehighlight_hdi.xml" scope="peer"/> for details.</note>
		</result>
	</taskbody>
</task>