<?xml version="1.0" encoding="UTF-8"?>
<!DOCTYPE task PUBLIC "-//IBM//DTD DITA Composite//EN" "c:/dtd/ditabase.dtd">
<task id="icwchangeprofessor_hdi" otherprops="icwprofessor" audience="icw">
	<title>How do I select my professors in <ph keyref="icwnamefirst"/>?</title>
	<prolog>
		<author>Garth Lewis</author>
		<author>Paul Claggett</author>
		<copyright>
			<copyryear year="2016"/>
			<copyrholder>Lexisnexis</copyrholder>
		</copyright>
		<critdates>
			<created date="2014-04-22"/>
		</critdates>
		<metadata>
			<prodinfo>
				<prodname>Lexis Advance</prodname>
				<vrmlist>
					<vrm version="1"/>
				</vrmlist>
			</prodinfo>
		</metadata>
	</prolog>
	<taskbody>
		<context>
			<p><ph keyref="prodnamefirst"/> Settings allow you to select the professors who will receive your exercise results, and with whom you will work.  Follow these steps.<!--ALWD stands for Association of Legal Writing Directors--></p>
		</context>
		<steps>
			<step>
				<cmd>At the bottom of the Professor Settings pod on your <ph keyref="icwnamefirst"/> home page, click <uicontrol>Edit Professor Settings</uicontrol>. </cmd>
				<stepresult><ph keyref="icwname"/> takes you to the <uicontrol>Citation Exercises</uicontrol> tab on the Settings page.</stepresult>
			</step>
			<step>
				<cmd>In the field, begin typing the name of the professor you want to add. A list of names that begin with the letters you've typed appears. The list changes as you type.</cmd>
				<info>
					<note type="note">You can only have ten professors assigned at a given time. If more than nine names appear in the <uicontrol>Added Professors</uicontrol> box, you need to remove one by clicking <image href="CloseRemove.png" alt="X icon"/> to the right of a professor's name before you add a new one.</note>
				</info>
			</step>
			<step>
				<cmd>From the list, select the name of the professor you want to add.</cmd>
				<stepresult>The full name of the selected professor appears in the field, and the list disappears.</stepresult>
			</step>
			<step>
				<cmd>Click the <uicontrol>Add</uicontrol> button. The professor's name moves to the <uicontrol>Added Professors</uicontrol> box.</cmd>
				<info>
					<note type="note">The new professor will be the added to the list as a Secondary professor. To promote the new professor to Primary, select <uicontrol>Primary</uicontrol> to the left of the professor's name.</note>
				</info>
			</step>
		</steps>
	</taskbody>
</task>