<?xml version="1.0" encoding="UTF-8"?>
<!DOCTYPE task PUBLIC "-//IBM//DTD DITA Composite//EN" "c:/dtd/ditabase.dtd">
<task id="icwresetexercise_hdi" otherprops="icwprofessor" audience="icw">
	<title>How do I change <ph keyref="icwnamefirst"/>'s exercise settings?</title>
	<prolog>
		<author>Garth Lewis</author>
		<copyright>
			<copyryear year="2014"/>
			<copyrholder>Lexisnexis</copyrholder>
		</copyright>
		<critdates>
			<created date="2014-04-22"/>
		</critdates>
		<metadata>
			<prodinfo>
				<prodname>Lexis Advance</prodname>
				<vrmlist>
					<vrm version="1"/>
				</vrmlist>
			</prodinfo>
		</metadata>
	</prolog>
	<taskbody>
		<context>
			<p><ph keyref="prodnamefirst"/> Settings allow you to set the number of times students are allowed to try to solve each exercise problem before <ph keyref="icwnamefirst"/> marks the problem wrong and moves on. Follow these steps to assign that number.</p>
		</context>
		<steps>
			<step>
				<cmd>From the <uicontrol>More</uicontrol> drop-down in the top right corner of any <ph keyref="icwname"/> page, select <uicontrol>Settings</uicontrol>.</cmd>
				<stepresult><ph keyref="icwname"/> takes you to the Settings page.</stepresult>
			</step>
			<step>
				<cmd>From the list on the left, select <uicontrol>Lexis <ph keyref="icwnamefirst"/></uicontrol>.</cmd>
				<stepresult>The Lexis <ph keyref="icwnamefirst"/> form appears.</stepresult>
			</step>
			<step>
				<cmd>From the <uicontrol>Maximum Attempts</uicontrol> drop-down list, select the number of chances you want your students to have with a given exercise.</cmd>
			</step>
			<step>
				<cmd>Select the <uicontrol>Save Settings &amp; Close</uicontrol> button.</cmd>
				<stepresult><ph keyref="icwname"/> saves your selections and returns you to the last page you were viewing.</stepresult>
			</step>
		</steps>
	</taskbody>
</task>