<?xml version="1.0" encoding="UTF-8"?>
<!DOCTYPE task PUBLIC "-//IBM//DTD DITA Composite//EN" "c:/dtd/ditabase.dtd">
<task id="icwresetexercise_hdi" otherprops="icwprofessor" audience="icw">
	<title>How do I grade <ph keyref="icwnamefirst"/> exercises by manual?</title>
	<prolog>
		<author>Garth Lewis</author>
		<copyright>
			<copyryear year="2014"/>
			<copyrholder>Lexisnexis</copyrholder>
		</copyright>
		<critdates>
			<created date="2014-04-22"/>
		</critdates>
		<metadata>
			<prodinfo>
				<prodname>Lexis Advance</prodname>
				<vrmlist>
					<vrm version="1"/>
				</vrmlist>
			</prodinfo>
		</metadata>
	</prolog>
	<taskbody>
		<context>
			<p>Follow these steps to assign or edit grades for an exercise.</p>
		</context>
		<steps>
			<step>
				<cmd>From your <ph keyref="icwnamefirst"/> Home page, at the bottom of the pod for the manual containing the exercises you want to grade, select <uicontrol>View student progress for...</uicontrol>.</cmd>
				<stepresult>The Student Progress page for the selected manual appears.</stepresult>
			</step>
			<step>
				<cmd>Select the name of the exercise you want to grade. <ph keyref="icwname"/> takes you to the Student Progress page for that exercise. This page lists all the students to whom you have been assigned, showing their current status with the selected exercise and allowing you to take specific actions.</cmd>
				<info>
					<note type="tip">The exercise manual pods on the Home page display the five most recently worked exercises. If the exercise you want to grade appears in a pod, you can go directly to the Student Progress page for that exercise by clicking its name in the pod.</note>
				</info>
			</step>
			<step>	
				<cmd>In the far right column for the student you want to grade, select the <uicontrol>Action</uicontrol> button.</cmd>
				<stepresult>A drop-down menu of options appears.</stepresult>
			</step>
			<step>
				<cmd>Select <uicontrol>Edit or assign grade</uicontrol>.</cmd>
				<stepresult>The Edit or Assign Grade form appears.</stepresult>
			</step>
			<step>
				<cmd>In the <uicontrol>Enter grade</uicontrol> field, type the letter grade you want to give the student for the exercise.</cmd>
				<info>
					<note type="tip">You can include a plus (+) or minus (-).</note>
				</info>
			</step>
			<step>
				<cmd>Select the <uicontrol>Save</uicontrol> button. <ph keyref="icwname"/> associates the grade you entered for the exercise with the selected student. The Edit or Assign Grade form closes, returning you to the student list.</cmd>
			</step>
			<step>
				<cmd>Repeat steps 3 through 7 for any other students you want to grade for this exercise.</cmd>
			</step>
		</steps>
	</taskbody>
</task>