<?xml version="1.0" encoding="UTF-8"?>
<!DOCTYPE task PUBLIC "-//IBM//DTD DITA Composite//EN" "c:/dtd/ditabase.dtd">
<task id="icwresetexercise_hdi" otherprops="icwprofessor" audience="icw">
	<title>How do I grade <ph keyref="icwnamefirst"/> exercises for a selected student?</title>
	<prolog>
		<author>Garth Lewis</author>
		<copyright>
			<copyryear year="2014"/>
			<copyrholder>Lexisnexis</copyrholder>
		</copyright>
		<critdates>
			<created date="2014-04-22"/>
		</critdates>
		<metadata>
			<prodinfo>
				<prodname>Lexis Advance</prodname>
				<vrmlist>
					<vrm version="1"/>
				</vrmlist>
			</prodinfo>
		</metadata>
	</prolog>
	<taskbody>
		<context>
			<p>Follow these steps to assign grades to a student for selected exercises and manuals.</p>
		</context>
		<steps>
			<step>
				<cmd>From your <ph keyref="icwnamefirst"/> Home page, in the Status Reports pod, select <uicontrol>Individual Student Report</uicontrol>.</cmd>
			</step>
			<step>
				<cmd>From the <uicontrol>Select a student</uicontrol> drop-down list, select the name of the student you want to grade.</cmd>
			</step>
			<step>
				<cmd>From the pod's other drop-down list, select the exercise manual for which you want to assign grades.</cmd>
			</step>
			<step>
				<cmd>Select the <uicontrol>Get Status Report for Student</uicontrol> button.</cmd>
				<stepresult><ph keyref="icwname"/> takes you to the Student Status page for the selected manual. This page gives you both a graphical view and a list view of the student's progress through the manual.</stepresult>
			</step>
			<step>
				<cmd>In the far right column of the exercise list, click the <uicontrol>Actions</uicontrol> button for the exercise you want to grade.</cmd>
				<stepresult>A drop-down menu of options appears.</stepresult>
			</step>
			<step>
				<cmd>Select <uicontrol>Edit or assign grade</uicontrol>.</cmd>
				<stepresult>The Edit or Assign Grade form appears.</stepresult>
			</step>
			<step>
				<cmd>In the <uicontrol>Enter grade</uicontrol> field, type the letter grade you want to give the student for the exercise.</cmd>
				<info>
					<note type="tip">You can include a plus (+) or minus (-).</note>
				</info>
			</step>
			<step>
				<cmd>Select the <uicontrol>Save</uicontrol> button. <ph keyref="icwname"/> associates the grade you entered for the exercise with the selected student. The Edit or Assign Grade form closes, returning you to the exercise list.</cmd>
			</step>
			<step>
				<cmd>Repeat Steps 5 through 9 for any other exercises you want to grade for this student.</cmd>
			</step>
		</steps>
	</taskbody>
</task>