<?xml version="1.0" encoding="UTF-8"?>
<!DOCTYPE task PUBLIC "-//IBM//DTD DITA Composite//EN" "c:/dtd/ditabase.dtd">
<task id="icwprintcertificate_hdi" otherprops="icwstudent" audience="icw">
	<title>How do I print a <ph keyref="icwnamefirst"/> completion certificate?</title>
	<prolog>
		<author>Garth Lewis</author>
		<copyright>
			<copyryear year="2014"/>
			<copyrholder>Lexisnexis</copyrholder>
		</copyright>
		<critdates>
			<created date="2014-04-22"/>
		</critdates>
		<metadata>
			<prodinfo>
				<prodname>Lexis Advance</prodname>
				<vrmlist>
					<vrm version="1"/>
				</vrmlist>
			</prodinfo>
		</metadata>
	</prolog>
	<taskbody>
		<context>
			<p>Follow these steps to print a certificate for an exercise you have completed in <ph keyref="icwname"/>.</p>
		</context>
		<steps>
			<step>
				<cmd>From your <ph keyref="icwnamefirst"/> Home page, select an exercise you have completed.</cmd>
				<stepresult>The start page for the selected exercise appears.</stepresult>
			</step>
			<step>
				<cmd>On the right side of the page, click <uicontrol>View completion certificate</uicontrol>. The Completion Certificate page appears. This page summarizes your results on the exercise.</cmd>
				<info>
					<note type="note">The <uicontrol>View completion certificate</uicontrol> link only appears if you have completed all the questions in the exercise.</note>
				</info>
			</step>
			<step>
				<cmd>At the top of the page, click the Print icon (<image href="Print.png" alt="Print icon" placement="inline"/>). (Delivery options are consolidated under the icon for the last delivery option you used.)</cmd>
				<stepresult>A drop-down appears, prompting you to choose how to print the certificate.</stepresult>
			</step>
			<step>
				<cmd>Do you want to use the default print settings?</cmd>
				<choicetable>
					<chhead>
						<choptionhd>If...</choptionhd>
						<chdeschd>Then...</chdeschd>
					</chhead>
					<chrow>
						<choption>Yes</choption>
						<chdesc>Select <uicontrol>Print Now</uicontrol>. <ph keyref="icwname"/> sends the certificate to your printer using the system default print settings.</chdesc>
					</chrow>
					<chrow>
						<choption>No</choption>
						<chdesc>
							<ol>
								<li>Select <uicontrol>Print using options</uicontrol>. The <uicontrol>Print</uicontrol> dialog appears.</li>
								<li>Select the options you want to include.</li>
								<li>Click the <uicontrol>Print</uicontrol> button. <ph keyref="icwname"/> sends the certificate to your printer using the print settings you selected.</li>
							</ol>
						</chdesc>
					</chrow>
				</choicetable>
				<info>
					<note type="tip">For detailed information about the <uicontrol>Print</uicontrol> dialog and the available options, see the <xref href="attachprintips.xml" scope="peer">Print Page topic</xref>.</note>
				</info>
			</step>
		</steps>
	</taskbody>
</task>