<?xml version="1.0" encoding="UTF-8"?>
<!DOCTYPE task PUBLIC "-//IBM//DTD DITA Composite//EN" "c:/dtd/ditabase.dtd">
<task id="icwresetexercise_hdi" otherprops="icwprofessor" audience="icw">
	<title>How do I reset an <ph keyref="icwnamefirst"/> exercise for a student?</title>
	<prolog>
		<author>Garth Lewis</author>
		<copyright>
			<copyryear year="2014"/>
			<copyrholder>Lexisnexis</copyrholder>
		</copyright>
		<critdates>
			<created date="2014-04-22"/>
		</critdates>
		<metadata>
			<prodinfo>
				<prodname>Lexis Advance</prodname>
				<vrmlist>
					<vrm version="1"/>
				</vrmlist>
			</prodinfo>
		</metadata>
	</prolog>
	<taskbody>
		<context>
			<p>Follow these steps to reset an exercise so a student can start over.</p>
		</context>
		<steps>
			<step>
				<cmd>From the <uicontrol>First, select a student</uicontrol> drop-down list in the Status Reports pod on your <ph keyref="icwnamefirst"/> Home page, select the name of the student whose exercise you want to reset.</cmd>
			</step>
			<step>
				<cmd>From the <uicontrol>Then, select a citation manual</uicontrol> drop-down list, choose the manual containing the exercises you want to reset.</cmd>
				<stepresult>The <uicontrol>Get Status Report for Student</uicontrol> button becomes active.</stepresult>
			</step>
			<step>
				<cmd>Select the <uicontrol>Get Status Report for Student</uicontrol> button.</cmd>
				<stepresult>The Student Status page appears.</stepresult>
			</step>
			<step>
				<cmd>Has the student completed the exercise?</cmd>
				<choicetable>
					<chhead>
						<choptionhd>If...</choptionhd>
						<chdeschd>Then...</chdeschd>
					</chhead>
					<chrow>
						<choption>Yes</choption>
						<chdesc>
							<ol>
								<li>From the <uicontrol>Actions</uicontrol> column on the right side of the page, select the <uicontrol>Actions</uicontrol> button. A drop-down list of the actions you can take for this exercise appears. </li>
								<li>Select <uicontrol>Reset exercise</uicontrol>.</li>
							</ol>
						</chdesc>
					</chrow>
					<chrow>
						<choption>No</choption>
						<chdesc>From the <uicontrol>Actions</uicontrol> column on the right side of the page, select <uicontrol>Reset exercise</uicontrol>.</chdesc>
					</chrow>
				</choicetable>
			</step>
		</steps>
	</taskbody>
</task>