<?xml version="1.0" encoding="UTF-8"?>
<!DOCTYPE task PUBLIC "-//IBM//DTD DITA Composite//EN" "c:/dtd/ditabase.dtd">
<task id="icwrequestreset_hdi" otherprops="icwstudent" audience="icw">
	<title>How do I request an exercise reset in <ph keyref="icwnamefirst"/>?</title>
	<prolog>
		<author>Garth Lewis</author>
		<copyright>
			<copyryear year="2014"/>
			<copyrholder>Lexisnexis</copyrholder>
		</copyright>
		<critdates>
			<created date="2014-04-22"/>
		</critdates>
		<metadata>
			<prodinfo>
				<prodname>Lexis Advance</prodname>
				<vrmlist>
					<vrm version="1"/>
				</vrmlist>
			</prodinfo>
		</metadata>
	</prolog>
	<taskbody>
		<context>
			<p>Follow these steps to request that your professor reset an exercise you are currently working on, or one that you have completed.</p>
		</context>
		<steps>
			<step>
				<cmd>Take one of the following actions:</cmd>
				<choicetable>
					<chhead>
						<choptionhd>To request a reset from...</choptionhd>
						<chdeschd>Do this...</chdeschd>
					</chhead>
					<chrow>
						<choption>Within a given exercise</choption>
						<chdesc>
							<ol>
								<li>Open the exercise you want to reset.</li>
								<li>On the right side of the page, click <uicontrol>Request to reset this exercise</uicontrol>. The Reset Exercise dialog appears.</li>
							</ol>
						</chdesc>
					</chrow>
					<chrow>
						<choption>
							<p>The Status page for a set of exercises (i.e., Bluebook or ALWD)</p>
							<note type="tip">This can be useful if you want to request resets for multiple exercises at one time.</note>
						</choption>
						<chdesc>
							<ol>
								<li>From the appropriate pod on your <ph keyref="icwname"/> Home page, open the Status page for the exercises.</li>
								<li>From the Actions column on the right side of the page, select <uicontrol>Request reset</uicontrol> for the exercise you want to start over. The Reset Exercise dialog appears.
									<note type="tip">If you have completed the exercise, <uicontrol>Request reset</uicontrol> is an option in the <uicontrol>Actions</uicontrol> drop-down.</note>
								</li>
							</ol>
						</chdesc>
					</chrow>
				</choicetable>
			</step>
			<step>
				<cmd>Select the <uicontrol>Submit Request</uicontrol> button. <ph keyref="icwname"/> sends a request to the professors associated with your account.</cmd>
			</step>
		</steps>
	</taskbody>
</task>