<?xml version="1.0" encoding="UTF-8"?>
<!DOCTYPE task PUBLIC "-//IBM//DTD DITA Composite//EN" "c:/dtd/ditabase.dtd">
<task id="icwperpetratexercise_hdi" otherprops="icwstudent" audience="icw">
	<title>How do I complete an exercise in <ph keyref="icwnamefirst"/>?</title>
	<prolog>
		<author>Garth Lewis</author>
		<copyright>
			<copyryear year="2014"/>
			<copyrholder>Lexisnexis</copyrholder>
		</copyright>
		<critdates>
			<created date="2014-04-22"/>
		</critdates>
		<metadata>
			<prodinfo>
				<prodname>Lexis Advance</prodname>
				<vrmlist>
					<vrm version="1"/>
				</vrmlist>
			</prodinfo>
		</metadata>
	</prolog>
	<taskbody>
		<context>
			<p><ph keyref="icwnamefirst"/> allows you to complete Bluebook and ALWD exercises online.</p>
			<note type="note">These exercises correspond with the following reference manuals, which you should use to find citation rules:
				<ul>
					<li>The Bluebook®: A Uniform System of Citation (20th ed.) (Bluebook)</li>
					<li>The ALWD Guide to Legal Citation, Fifth Edition (ALWD)</li>
				</ul>
			</note>
		</context>
		<steps>
			<step>
				<cmd>From your <ph keyref="icwnamefirst"/> Home page, select the name of an exercise you have not completed.</cmd>
				<stepresult><ph keyref="icwname"/> takes you to the selected exercise.</stepresult>
			</step>
			<step>
				<cmd>Type your citation in the box, using the buttons to apply the appropriate formatting.</cmd>
				<info>
					<note type="tip">The <uicontrol>Previous</uicontrol> and <uicontrol>Next</uicontrol> buttons allow you to page through the exercise questions without submitting any answers.</note>
				</info>
			</step>
			<step>
				<cmd>Select the <uicontrol>Submit Answer</uicontrol> button. <ph keyref="icwnamefirst"/> evaluates the citation you entered.</cmd>
				<choicetable>
					<chhead>
						<choptionhd>If your answer was...</choptionhd>
						<chdeschd>Then...</chdeschd>
					</chhead>
					<chrow>
						<choption>Correct</choption>
						<chdesc>The answer box disappears. <ph keyref="icwnamefirst"/> displays your correct answer, along with any wrong answers you may have submitted. Errors in the incorrect answers will be highlighted so you can review potential problems areas.</chdesc>
					</chrow>
					<chrow>
						<choption>Incorrect</choption>
						<chdesc><ph keyref="icwnamefirst"/> highlights the part of the citation where the error occurs, and gives you hints on how to correct it.</chdesc>
					</chrow>
				</choicetable>
				<info>
					<note type="tip">For each question, you have three chances to enter a correct citation.</note>
				</info>
			</step>
			<step>
				<cmd>Repeat Steps 2 and 3 for each exercise question.</cmd>
				<info>
					<note type="tip">At any time, you can send a request to your professor to reset the exercise so you can start fresh. For information on requested a reset, see <xref href="icwrequestreset_hdi.xml" scope="peer">How do I request a reset</xref>.</note>
				</info>
			</step>
			<step>
				<cmd>In the top right corner of the exercise, select the <uicontrol>Complete Exercise</uicontrol> button.</cmd>
				<stepresult>The Complete Exercise pop-up appears, identifying the professors who will be notified of your completion and prompting you to confirm the action.</stepresult>
			</step>
			<step>
				<cmd>Select the <uicontrol>Complete Exercise</uicontrol> button.</cmd>
				<stepresult>The Complete Exercise pop-up disappears. <ph keyref="icwnamefirst"/> displays the Exercise Completed page. This page allows you to: 
					<ul>
						<li>Review your answers</li>
						<li>Access a completion certificate for the exercise</li>
						<li>Retake the exercise for practice</li>
					</ul>
					<p>&nbsp;</p>
				</stepresult>
			</step>
		</steps>
	</taskbody>
</task>