<?xml version="1.0" encoding="UTF-8"?>
<!DOCTYPE task PUBLIC "-//IBM//DTD DITA Composite//EN" "c:/dtd/ditabase.dtd">
<task id="linkcreate_hdi" otherprops="results;linkcreatetips"><!--lpa 5.1 will have VSA and PS-->
	<title>How do I save a permanent link to a page I'm viewing?</title>
	<prolog>
		<author>Christina Stommel</author>
		<copyright>
			<copyryear year="2014"/>
			<copyrholder>Lexisnexis</copyrholder>
		</copyright>
		<critdates>
			<created date="2014-12-15"/>
		</critdates>
		<metadata>			
			<prodinfo>
				<prodname>Lexis Advance</prodname>
			</prodinfo>
		</metadata>
	</prolog>
	<taskbody>
		<context>
		<p>You can create a permanent hyperlink to many of the pages you view in <ph keyref="prodnamefirst"/>. This link will remain valid for up to two years. You can store this link for your own use, or you can share it with others. (Subscription rates and rules apply.)</p>
		<note type="note">See <xref href="linkcreatetips.xml" scope="peer"/> for a full list of pages that provide this option, as well as a description of how it works.</note>
		<p>To do this:</p>			
		</context>
		<steps>
		<step><cmd>While viewing a results page, full document, folder page, or other similar page, click the <uicontrol>Actions</uicontrol> drop-down list.</cmd></step>
		<step><cmd>Choose <uicontrol>Link to this page</uicontrol> from the list of options. The Link to This Page dialog box appears.</cmd></step>
		<step><cmd>Select (highlight) the URL in the box.</cmd></step>
		<step><cmd>Use your browser's copy tool to copy the URL. (For example, press <uicontrol>Ctrl+C</uicontrol>.)</cmd></step>
		<step><cmd>Click <uicontrol>Close</uicontrol>.</cmd></step>
		<step><cmd>Save your URL or share it with someone else by pasting it in to the application of your choice.</cmd></step>
		</steps>
		
		</taskbody>	
</task>