<?xml version="1.0" encoding="UTF-8"?>
<!DOCTYPE task PUBLIC "-//IBM//DTD DITA Composite//EN" "c:/dtd/ditabase.dtd">
<task id="locatesearchterms" otherprops="results">
        <title>What are the black triangles in the full graphical view of a document from my results?</title>
	<prolog>
		<author>Barb Bruns</author>
		<copyright>
			<copyryear year="2015"/>
			<copyrholder>Lexisnexis</copyrholder>
		</copyright>
		<critdates>
			<created date="2015-09-04"/>
		</critdates>
		<metadata>
			<prodinfo>
				<prodname>Lexis Advance</prodname>
				<vrmlist>
				<vrm version="1"/>
				</vrmlist>				
			</prodinfo>
		</metadata>
	</prolog>

	<taskbody>

			<context>
		<p>When you look at your results list in the graphical view, you'll see excerpts of the document text surrounding some of your search terms.  These show the location of the excerpts shown in the results list view and point to where they are in the full document. For example:</p>

<p>&nbsp; &nbsp; &nbsp; &nbsp; <image href="graphicresultslist.png" alt="Full view"/></p>
<p>To find these terms in the full document when you open it in full graphical view, follow these steps.</p>

		</context>
	
		<steps>
		 <step>
		 <cmd>Select a document from your results to open it in the full view.</cmd>
		 </step>
		 <step>
		 <cmd>Look for the pointers below the search term location bar. The star pointer indicates the location of the most relevant excerpt. The triangle pointers indicate the location of the remaining excerpts.</cmd>

<stepresult>
<image href="pointers.png" alt="Search terms" placement="inline"/>
</stepresult>
</step>
</steps>

	</taskbody>
</task>
