<?xml version="1.0" encoding="UTF-8"?>
<!DOCTYPE task PUBLIC "-//IBM//DTD DITA Composite//EN" "c:/dtd/ditabase.dtd">
<task id="lpaaddnote_hdi" otherprops="lparesults">
	<title><ph audience="hide">2</ph>How do I add a note to an item in one of my folders in <ph keyref="lpanamefirst"/>?</title>
	<prolog>
		<author>Barb Bruns</author>
		<author>Garth Lewis</author>
		<copyright>
			<copyryear year="2007"/>
			<copyrholder>Lexisnexis</copyrholder>
		</copyright>
		<critdates>
			<created date="2006-10-03"/>
			<revised modified="2014-08-01"/><!--General updates for 4.2 release.-->
		</critdates>
		<metadata>
			<prodinfo>
				<prodname>Lexis Advance</prodname>
				<vrmlist>
					<vrm version="1"/>
				</vrmlist>
			</prodinfo>			
		</metadata>
	</prolog>
	<taskbody>
		<context>
			<p>You can add notes to any item, such as a document or a section of text, that you have stored in a Folder in <ph keyref="lpanamefirst"/>. To add a note, follow the steps below.</p>
			<note type="tip">For more information on saving documents to a <ph keyref="lpaname"/> Folder, see the topics <xref href="saveresearch_hdi.xml" scope="peer">How do I save my research</xref> and <xref href="savedocumenttofolder_hdi.xml" scope="peer">How do I save a document from my results to a folder</xref>.</note>
		</context>
		<steps>
			<step>
				<cmd>From the <uicontrol>More</uicontrol> drop-down at the top of any <ph keyref="lpaname"/> page, select <uicontrol>Folders</uicontrol>. A new page appears, displaying a list view of the Folders you have created.</cmd>
			</step>
			<step>
				<cmd>Open the Folder with the item to which you want to add notes. A new page appears, displaying a list of the items saved in the Folder.</cmd>
			</step>
			<step>
				<cmd>Open the form to which you want to add notes.</cmd>
			</step>
			<step>
				<cmd>At the top of the page, select <uicontrol>Add Notes</uicontrol>. The <uicontrol>Add Notes</uicontrol> pop-up window appears.</cmd>
			</step>
			<step>
				<cmd>Type the text of the note.</cmd>
				<info>
					<note type="tip">Notes can be a maximum of 4,000 characters.</note>
				</info>
			</step>
			<step>
				<cmd>Select the <uicontrol>Save</uicontrol> button. <ph keyref="lpaname"/> Attempts to save your note, associating it with the form you are viewing. The <uicontrol>Add Notes</uicontrol> pop-up closes, and a message appears at the top of the page indicating the success or failure of the action.</cmd>
			</step>
		</steps>		
	</taskbody>
</task>