<?xml version="1.0" encoding="UTF-8"?>
<!DOCTYPE task PUBLIC "-//IBM//DTD DITA Composite//EN" "c:/dtd/ditabase.dtd">
<task id="lpaaddalternateclause_hdi" otherprops="lparesults" audience="lpa">
	<title>How do I add alternate clauses to a form?</title>
	<prolog>
		<author>Barb Bruns</author>
		<author>Garth Lewis</author>
		<copyright>
			<copyryear year="2007"/>
			<copyrholder>Lexisnexis</copyrholder>
		</copyright>
		<critdates>
			<created date="2006-10-03"/>
			<revised modified="2014-03-05"/>
		</critdates>
		<metadata>
			<prodinfo>
				<prodname>Lexis Advance</prodname>
				<vrmlist>
					<vrm version="1"/>
				</vrmlist>
			</prodinfo>			
		</metadata>
	</prolog>
	<taskbody>
		<context>
			<p>Editable forms in <ph keyref="lpanamefirst"/> may have one or more nonstandard Alternate clauses you can choose to add in place of an existing standard clause.  To replace a standard clause with an Alternate clause:</p>
		</context>
		<steps>
			<step>
				<cmd>On the right side of the form beside the clause you want to replace, select <image href="IconClause.png" alt="Alternate Clause" placement="inline"/>.</cmd>
					<stepresult>The <uicontrol>Alternative Clause</uicontrol> pop-up appears, displaying an alternate clause you can choose to add in place of the form's standard text in that section.
						<note type="tip">You will see a separate icon for each available clause.</note>
					</stepresult>
			</step>	
			<step>
				<cmd>Select <image href="btn_addToForm.png" alt="Add Clause Button" placement="inline"/>.</cmd>
				<stepresult>The <uicontrol>Alternative Clause</uicontrol> pop-up disappears, and the selected Alternate Clause appears below the standard clause.
					<note type="tip">If you selected an Alternate Clause that has associated drafting notes, the Drafting Notes icon (<image href="IconDraftingNote.png" alt="Drafting Notes Icon" placement="inline"/>) will appear in the form's right margin.</note>
				</stepresult>
			</step>
			<step>
				<cmd>Select <image href="IconRemove.png" alt="Remove Clause" placement="inline"/> for the version of the clause (the standard clause or the Alternate) you DO NOT want to use.</cmd>
				<stepresult>The selected clause disappears.</stepresult>
			</step>
			<step>
				<cmd>Complete your work in the form and save it.</cmd>
				<stepresult><note type="note">For more information on saving your work in <ph keyref="prodname"/>, see the topic <xref href="saveresearch_hdi.xml" scope="peer">How do I save my research</xref>.</note>
				</stepresult>
			</step>
		</steps>

</taskbody>
</task>