<?xml version="1.0" encoding="UTF-8"?>
<!DOCTYPE task PUBLIC "-//IBM//DTD DITA Composite//EN" "c:/dtd/ditabase.dtd">
<task id="lpaaddoptionalclause_hdi" otherprops="lparesults" audience="lpa">
	<title>How do I add an optional clause to a form?</title>
	<prolog>
		<author>Barb Bruns</author>
		<author>Garth Lewis</author>
		<copyright>
			<copyryear year="2007"/>
			<copyrholder>Lexisnexis</copyrholder>
		</copyright>
		<critdates>
			<created date="2006-10-03"/>
			<revised modified="2014-12-12"/>
			<!--Added information on saving with "Draft Now" for R4.6-->
		</critdates>
		<metadata>
			<prodinfo>
				<prodname>Lexis Advance</prodname>
				<vrmlist>
					<vrm version="1"/>
				</vrmlist>
			</prodinfo>		
		</metadata>
	</prolog>
	<taskbody>
		<context>
			<p>Editable forms in <ph keyref="lpanamefirst"/> may have one or more nonstandard Optional clauses you can choose to add to the end of a section in a form.  To add an Optional clause:</p>
		</context>
		<steps>
			<step>
				<cmd>On the right side of the form, at the end of the section to which you will add the clause, select <image href="IconClause.png" alt="Optional Clause" placement="inline"/>.</cmd>
					<stepresult>The <uicontrol>Alternative Clause</uicontrol> pop-up appears.
					<note type="tip">You will see a separate icon for each available standard clause.</note>
					</stepresult>
			</step>
			<step>
				<cmd>What kind of alternate clause do you want to add?</cmd>
				<choicetable>
					<chhead>
						<choptionhd>If you want...</choptionhd>
						<chdeschd>Then...</chdeschd>
					</chhead>
					<chrow>
						<choption>A standard alternate clause</choption>
						<chdesc>
							<p>Select the <uicontrol>Add to Form</uicontrol> button<!--<image href="btn_addToForm.png" alt="Add Clause Button" placement="inline"/>-->.</p>
							<p>The <uicontrol>Alternative Clause</uicontrol> pop-up disappears, and the selected clause appears at the end of the section.</p>
						</chdesc>
					</chrow>
					<chrow>
						<choption>A custom alternate clause</choption>
						<chdesc>
							<ol>
								<li>Select the <uicontrol>Add Your Own Clause Text</uicontrol> button. A custom clause dialog box replaces the <uicontrol>Alternate Clause</uicontrol> pop-up.</li>
								<li>In the <uicontrol>Directly enter text, or copy and paste from another document</uicontrol> box, enter the text of the clause you want to add.</li>
								<li>Select the <uicontrol>Add Text</uicontrol> button. The custom clause dialog box disappears. The clause you entered appears at the end of the section.</li>
							</ol>
						</chdesc>
					</chrow>
				</choicetable>
				<info>
					<note type="tip">If you change your mind about adding the clause, select <image href="IconRemove.png" alt="Remove Clause" placement="inline"/> to remove it from the form.</note>
				</info>
			</step>
			<step>
				<cmd>Complete any other work you want to do in the form.</cmd>
			</step>
			<step>
				<cmd>Save the form:</cmd>
				<choicetable>
					<chhead>
						<choptionhd>If you want to save the form...</choptionhd>
						<chdeschd>Then...</chdeschd>
					</chhead>
					<chrow>
						<choption>In <ph keyref="prodnamefirst"/></choption>
						<chdesc>
							<p>See the topic <xref href="saveresearch_hdi.xml" scope="peer">How do I save my research</xref>.</p>
							<note type="tip">Start with "Save a document from the full document view" in Step 1.</note>
						</chdesc>
					</chrow>
					<chrow>
						<choption>On your computer</choption>
						<chdesc>
							<ol>
								<li>From the <uicontrol>About This Document</uicontrol> section on the right side of the page, select <image href="iconDraftNow.png" alt="Draft Now icon" placement="inline"/><uicontrol>Draft Now</uicontrol>. A delivery pop-up appears, displaying a message that the system is processing your request. Once the download request successfully finishes processing, the title of the form appears as a link.
									<note type="note">Make sure your browser is not set to block pop-up windows. If nothing appears to happen, check your browser pop-up settings.</note>
								</li>
								<li>Click the form title. Your browser downloads the form as a Microsoft Word document. Use your browser's standard controls to save the document where you want it.</li>
								<li>In the delivery pop-up, click the <uicontrol>Close</uicontrol> button.</li>
							</ol>
						</chdesc>
					</chrow>
				</choicetable>
			</step>
		</steps>
</taskbody>
</task>
