<?xml version="1.0" encoding="UTF-8"?>
<!DOCTYPE task PUBLIC "-//IBM//DTD DITA Composite//EN" "c:/dtd/ditabase.dtd">
<task id="lpaaddcustomclause_hdi" otherprops="lparesults" audience="hidden">
	<title>How do I add my own clauses to a form?</title>
	<prolog>
		<author>Garth Lewis</author>
		<copyright>
			<copyryear year="2007"/>
			<copyrholder>Lexisnexis</copyrholder>
		</copyright>
		<critdates>
			<created date="2014-03-05"/>
		</critdates>
		<metadata>
			<prodinfo>
				<prodname>Lexis Advance</prodname>
				<vrmlist>
					<vrm version="1"/>
				</vrmlist>
			</prodinfo>			
		</metadata>
	</prolog>
	<taskbody>
		<context>
			<p>Editable forms in <ph keyref="lpanamefirst"/> allow you to replace existing standard clauses with your own custom clauses.  To replace a standard clause with a custom clause:</p>
		</context>
		<steps>
			<step>
				<cmd>On the right side of the form beside the clause you want to replace, select <image href="iconsignalciteinfoonly.png" alt="Alternate Clause" placement="inline"/><ph audience="lpa4.2"><image href="iconsignalciteinfoonly.png" alt="Alternate Clause" placement="inline"/></ph>.</cmd>
				<stepresult><!--Delete "The Clauses" for lpa4.2-->The <uicontrol>Clauses</uicontrol> <ph audience="lpa4.2">A </ph>pop-up appears, displaying the text of the Alternate clause<ph audience="lpa">, along with your options for adding clauses to the form</ph>.</stepresult>
			</step>	
			<step>
				<cmd>Select <image href="btn_addToForm.gif" alt="Add Clause Button" placement="inline"/>.</cmd>
				<stepresult><!--Delete "Clauses" for lpa4.2-->The <uicontrol>Clauses</uicontrol> pop-up disappears, and the selected Alternate Clause appears below the standard clause.</stepresult>
			</step>
			<step>
				<cmd>Select <image href="closeremove.png" alt="Close Clause" placement="inline"/> for the version of the clause (the standard clause or the selected Alternate) you DO NOT want to use.</cmd>
				<stepresult>The selected clause disappears.
					<note type="tip">If you selected an Alternate Clause that has associated drafting notes, the Drafting Notes icon (<image href="IconDraftingNote.png" alt="Drafting Notes Icon" placement="inline"/>) will appear in the form's right margin.</note>
				</stepresult>
			</step>
			<step>
				<cmd>Complete your work in the form and save it.</cmd>
				<stepresult><note type="note">For more information on saving your work in <ph keyref="prodname"/>, see the topic <xref href="saveresearch_hdi.xml" scope="peer">How do I save my research</xref>.</note>
				</stepresult>
			</step>
		</steps>

</taskbody>
</task>