<?xml version="1.0" encoding="UTF-8"?>
<!DOCTYPE task PUBLIC "-//IBM//DTD DITA Composite//EN" "c:/dtd/ditabase.dtd">
<task id="lpaaskourauthors_hdi" otherprops="lpasearch;lpaaskourauthorstips;lpameetauthorstips" audience="lpa">
	<title>How do I submit a question to the <ph keyref="lpanamefirst"/> authors?</title>
	<prolog>
		<author>Garth Lewis</author>
		<copyright>
			<copyryear year="2013"/>
			<copyrholder>Lexisnexis</copyrholder>
		</copyright>
		<critdates>
			<created date="2013-05-29"/>
			<revised modified="2014-07-31"/><!--Updates for R4.2.-->
		</critdates>
		<metadata>
			<prodinfo>
				<prodname>Lexis Advance</prodname>
				<vrmlist>
					<vrm version="1"/>
				</vrmlist>
			</prodinfo>
		</metadata>
	</prolog>
	<taskbody>
		<context>
			<p>Follow the steps below to send your question to the authors of our <ph keyref="lpanamefirst"/> content.</p>
			<note type="tip">For more information on our authors, see the topic <xref href="lpameetauthorstips.xml" scope="peer">Meet our authors</xref>.</note>
		</context>
		<steps>
			<step>
				<cmd>In the dark navigation bar at the top of any page, select <uicontrol>Ask our Authors</uicontrol>. The <uicontrol>Ask our Authors</uicontrol> pop-up window appears.</cmd>
				<stepresult>The <uicontrol>Ask our Authors</uicontrol> pop-up window appears.
				<note type="note">You can close the pop-up window at any time without taking any action by selecting the <uicontrol>Close</uicontrol> button.</note></stepresult>
			</step>
			<step>
				<cmd>Edit the information in the <uicontrol>Name</uicontrol> and <uicontrol>Email Address</uicontrol> fields as needed.</cmd>
			</step>
			<step>
				<cmd>In the <uicontrol>Phone Number</uicontrol> field, you may type a telephone number at which our authors can reach you to follow up on your question.</cmd>
			</step>
			<step>
				<cmd>In the <uicontrol>Company</uicontrol> field, you may type the name of the company with which you are affiliated.</cmd>
			</step>
			<step>
				<cmd>In the <uicontrol>Questions</uicontrol> box, type what you want to ask our authors.</cmd>
			</step>
			<step>
				<cmd>Select the <uicontrol>Send</uicontrol> button.</cmd>
			</step>
		</steps>
	</taskbody>
</task>