<?xml version="1.0" encoding="UTF-8"?>
<!DOCTYPE task PUBLIC "-//IBM//DTD DITA Composite//EN" "c:/dtd/ditabase.dtd">
<task id="lpacreatealert_hdi" otherprops="lparesults" audience="lpa">
	<title>How do I create an alert in <ph keyref="lpanamefirst"/>?</title>
	<prolog>
		<author>Garth Lewis</author>
		<copyright>
			<copyryear year="2013"/>
			<copyrholder>Lexisnexis</copyrholder>
		</copyright>
		<critdates>
			<created date="2013-06-07"/>
			<revised modified="2014-07-18"/><!--Changed LPA keyrefs so that the full product name always appears.  Per Shari Townsend, the product's full name and trademark must be spelled out whenever it appears.-->
		</critdates>
		<metadata>
			<prodinfo>
				<prodname>Lexis Advance</prodname>
				<vrmlist>
					<vrm version="1"/>
				</vrmlist>
			</prodinfo>
		</metadata>
	</prolog>
	<taskbody>
		<context>
			<p>Alerts are notifications you can choose to receive automatically whenever selected content changes.  When you create an alert, <ph keyref="lpanamefirst"/> will monitor the selected content and notify you when new material is available.  Follow the steps below to create your own custom alert.</p>
		</context>
		<steps>
			<step>
				<cmd>What kind of alert do you want to create?</cmd>
				<choicetable>
					<chhead>
						<choptionhd>To create a...</choptionhd>
						<chdeschd>Do this...</chdeschd>
					</chhead>
					<chrow>
						<choption>Topic alert</choption>
						<chdesc>Browse to the practice area and topic you want to monitor.</chdesc>
					</chrow>
					<chrow>
						<choption>Pending Legislative alert</choption>
						<chdesc>By either browsing or searching, navigate to the statute or legislation you want <ph keyref="lpaname"/> to monitor.</chdesc>
					</chrow>
					<chrow>
						<choption><ph keyref="shepardsfirst"/> alert</choption>
						<chdesc>
							<ol>
								<li>Navigate to the case, statute/legislation, or administrative code/regulation whose <ph keyref="shepards"/> status you want <ph keyref="lpaname"/> to monitor.</li>
								<li><i>Shepardize</i> the item.</li>
							</ol>
						</chdesc>
					</chrow>
					<chrow>
						<choption>Search alert</choption>
						<chdesc>Run the search you want <ph keyref="lpaname"/> to run at scheduled intervals.</chdesc>
					</chrow>
				</choicetable>
			</step>
			<step>
				<cmd>At the top of the page (any page of results if you're creating a Search alert), select <image href="Alerts.png" alt="Alert" placement="inline"/>. The <b><i>search type</i> Alert</b> dialog box appears.</cmd>
			</step>
			<step><cmd>In the <uicontrol>Monitor</uicontrol> tab, select the kinds of items for which you want to receive notices of updated content.</cmd></step>
			<step><cmd>In the <uicontrol>Deliver</uicontrol> tab, select the beginning and end dates for your alert.</cmd></step>
			<step>
				<cmd>How do you want to receive alert results?</cmd>
				<choicetable>
					<chhead>
						<choptionhd>If you want to...</choptionhd>
						<chdeschd>Then...</chdeschd>
					</chhead>
					<chrow>
						<choption>Always view alert results online</choption>
						<chdesc>Select the <uicontrol>Online only</uicontrol> radio button.</chdesc>
					</chrow>
					<chrow>
						<choption>View alert results online AND receive an email whenever the alert runs</choption>
						<chdesc>
							<ol>
								<li>Select the <uicontrol>Email + Online</uicontrol> radio button. Additional options appear.</li>
								<li>In the <uicontrol>Email address</uicontrol> field, type the address at which you want to receive alert notices.</li>
								<li>From the <uicontrol>Delivery format</uicontrol> radio buttons, select whether you want the emails to be formatted as HTML or plain text.</li>
								<li>From the <uicontrol>Frequency</uicontrol> radio buttons, select how often you want to receive alert emails.</li>
							</ol>
						</chdesc>
					</chrow>
				</choicetable>
			</step>
			<step>
				<cmd>In the <uicontrol>Share</uicontrol> tab, identify any other users you want <ph keyref="lpaname"/> to notify when the selected content changes:</cmd>
				<info>
					<ol>
						<li>In the <uicontrol>Enter a user's name...</uicontrol> field, type the name or email address of the first user you want to notify.
							<note type="tip">As you start typing, <ph keyref="lpaname"/> displays a list of users matching what you type. You can select a name from the list.</note>
						</li>
						<li>Click the <uicontrol>Add to share</uicontrol> button.  <ph keyref="lpaname"/> adds the name to the <uicontrol>Added Contacts</uicontrol> list.</li>
					</ol>
				</info>
			</step>
			<step>
				<cmd>Repeat the above step for each user you want to include.</cmd>
			</step>
			<step><cmd>Select the <uicontrol>Create Alert</uicontrol> button.</cmd>
				<stepresult>The system saves your selections, then closes the <b><i>search type</i> Alert</b> dialog box.  Your defined alert will run until the end date you selected.</stepresult>
			</step>
		</steps>
	</taskbody>
</task>