<?xml version="1.0" encoding="UTF-8"?>
<!DOCTYPE task PUBLIC "-//IBM//DTD DITA Composite//EN" "c:/dtd/ditabase.dtd">
<task id="lpaeditform_hdi" otherprops="lparesults;lpaeditableformstips" audience="lpa">
	<title>How do I edit a form?</title>
	<prolog>
		<author>Robin Evans</author>
		<author>Garth Lewis</author>
		<copyright>
			<copyryear year="2012"/>
			<copyrholder>Lexisnexis</copyrholder>
		</copyright>
		<critdates>
			<created date="2012-10-01"/>
		</critdates>
		<metadata>
			<prodinfo>
				<prodname>Lexis Advance</prodname>
				<vrmlist>
					<vrm version="1"/>
				</vrmlist>
			</prodinfo>
		</metadata>
	</prolog>
	<taskbody>
		<context>
			<p>To edit a form in <ph keyref="lpanamefirst"/>, follow the steps below.</p>
		</context>

		<steps>
			<step>
				<cmd>Open the form you want to edit.</cmd>
				<stepresult>
					<note type="note">For more information on opening forms, see the topic <xref href="lpaopenform_hdi.xml" scope="peer">How do I open a form</xref>.</note>
				</stepresult>
			</step>
								
			<!--step>
				<cmd>Select the <uicontrol>Alternate Clause</uicontrol> (<image href="IconDraftingNote.png" alt="Alternate Clause" placement="inline"/>) icon on the right side of the desired section of the form.</cmd>
			</step-->
			<step>
				<cmd>For the field you want to edit, select <image href="IconEditField.png" alt="Edit field" placement="inline"/>.</cmd>
				<stepresult>The <uicontrol>Edit Field</uicontrol> pop-up appears.</stepresult>
			</step>
			<step>
				<cmd>In the pop-up field, type the desired text.</cmd>
			</step>
			<step>
				<cmd>Select the <uicontrol>Apply</uicontrol> button.</cmd>
				<stepresult>The <uicontrol>Edit Field</uicontrol> dialog box disappears, returning you to the form.  The value you typed should now appear in the field.</stepresult>
			</step>
			<step>
				<cmd>Repeat steps 2 through 4 for any other fields you want to edit.</cmd>
			</step>
			<step>
				<cmd>Download the edited form or save it to a folder under <uicontrol>Folders</uicontrol>.</cmd>
				<stepresult>
					<note type="note">For more information, see the following topics:
						<ul>
							<li><xref href="downloadresults_hdi.xml" scope="peer"/></li>
							<li><xref href="saveresearch_hdi.xml" scope="peer"/></li>
						</ul>
					</note>
				</stepresult>
			</step>
		</steps>
	</taskbody>
</task>