<?xml version="1.0" encoding="UTF-8"?>
<!DOCTYPE task PUBLIC "-//IBM//DTD DITA Composite//EN" "c:/dtd/ditabase.dtd">
<task id="lpaeditnote_hdi" otherprops="lparesults;lpadraftingnotetips" audience="lpa">
	<title><ph audience="hide">2</ph>How do I edit a note in one of my folders in <ph keyref="lpanamefirst"/>?</title>
	<prolog>
		<author>Barb Bruns</author>
		<copyright>
			<copyryear year="2007"/>
			<copyrholder>Lexisnexis</copyrholder>
		</copyright>
		<critdates>
			<created date="2006-10-03"/>
		</critdates>
		<metadata>
			<prodinfo>
				<prodname>Lexis Advance</prodname>
				<vrmlist>
					<vrm version="1"/>
				</vrmlist>
			</prodinfo>			
		</metadata>
	</prolog>
	<taskbody>
		<context>
			<p>You can edit notes that you have added to any item, such as a document or a section of text, that you have stored in a Folder within <ph keyref="lpanamefirst"/>. To edit a note, follow the steps below.</p>
		</context>
		<steps>
			<step>
				<cmd>From the <uicontrol>More</uicontrol> drop-down at the top of any <ph keyref="lpaname"/> page, select <uicontrol>Folders</uicontrol>. A new page appears, displaying a list view of the folders you have created.</cmd>
			</step>
			<step>
				<cmd>Open the folder with the note you want to edit.</cmd>
			</step>  
			<step>
				<cmd>At the bottom of the page, below the note you want to edit, select the <uicontrol>Edit</uicontrol> button.</cmd>
				<stepresult>The <uicontrol>Edit Notes</uicontrol> form appears.</stepresult>
			</step>
			<step>
				<cmd>In the <uicontrol>Edit Notes</uicontrol> form, make changes to the note as needed.</cmd>
			</step>	
			<step>
				<cmd>Select the <uicontrol>Save</uicontrol> button.</cmd>
			</step>
		</steps>
		<!--result>
			<note type="note">You can also edit a note by selecting <uicontrol>Edit</uicontrol> from the <uicontrol>Actions</uicontrol> drop-down list while viewing the full text of an item in your folder.</note>
		</result-->
	</taskbody>
</task>