<?xml version="1.0" encoding="UTF-8"?>
<!DOCTYPE task PUBLIC "-//IBM//DTD DITA Composite//EN" "c:/dtd/ditabase.dtd">
<task id="lpaopenlockedform_hdi" otherprops="lparesults" audience="lpa">
	<title>How do I open a locked form?</title>
	<prolog>
		<author>Robin Evans</author>
		<author>Garth Lewis</author>
		<copyright>
			<copyryear year="2012"/>
			<copyrholder>Lexisnexis</copyrholder>
		</copyright>
		<critdates>
			<created date="2012-10-01"/>
		</critdates>
		<metadata>
			<prodinfo>
				<prodname>Lexis Advance</prodname>
				<vrmlist>
					<vrm version="1"/>
				</vrmlist>
			</prodinfo>			
		</metadata>
	</prolog>
	<taskbody>
		<context>
			<p>When a user edits a form, that form becomes locked so that no other user will be able to open it. If you need to work with a locked form, you must save a copy.  To open a locked form:</p>
		</context>

		<steps>
			<step>
				<cmd>Open the form you want to edit.</cmd>
				<stepresult>A message appears, indicating that the form is in use by another user.
					<note type="note">See <xref href="lpaopenform_hdi.xml" scope="peer"/> for more information on opening forms.</note>
				</stepresult>
			</step>
			<!--step>
				<cmd>Select the <uicontrol>Actions</uicontrol> menu and select <uicontrol>Save edited form as</uicontrol>.</cmd>
			</step-->
			<step>
				<cmd>Download the edited form or save it to a folder under <uicontrol>My Folders</uicontrol>.</cmd>
				<info>
					<note type="note">For more information, see the following topics:
						<ul>
							<li><xref href="downloadresults_hdi.xml" scope="peer"/></li>
							<li><xref href="saveresearch_hdi.xml" scope="peer"/></li>
						</ul>
					</note>
				</info>
			</step>
		</steps>
	</taskbody>
	<!--task conref="lpaopenform_hdi.xml" id=" lpaopenform_hdi"><title/></task>
	<task conref="downloadresults_hdi.xml" id="downloadresults_hdi">
			<title/>
		</task-->
</task>