<?xml version="1.0" encoding="UTF-8"?>
<!DOCTYPE task PUBLIC "-//IBM//DTD DITA Composite//EN" "c:/dtd/ditabase.dtd">
<task id="lpaopenform_hdi" otherprops="lparesults;lparecentlyviewedtips" audience="lpa">
	<title>How do I open a form?</title>
	<prolog>
		<author>Robin Evans</author>
		<author>Garth Lewis</author>
		<author>Paul Claggett</author>
		<copyright>
			<copyryear year="2012"/>
			<copyrholder>Lexisnexis</copyrholder>
		</copyright>
		<critdates>
			<created date="2012-10-01"/>
			<revised modified="2014-04-03"/>
				<!--Fixed "Recently Browsed Documents" label to match current application.-->
			<revised modified="2014-07-18"/><!--Changed LPA keyrefs so that the full product name always appears.  Per Shari Townsend, the product's full name and trademark must be spelled out whenever it appears.-->
			<revised modified="2016-02-20"/>
		</critdates>
		<metadata>
			<prodinfo>
				<prodname>Lexis Advance</prodname>
				<vrmlist>
					<vrm version="1"/>
				</vrmlist>
			</prodinfo>			
		</metadata>
	</prolog>
	<taskbody>
		<context>
			<p>You can open forms in <ph keyref="lpanamefirst"/> from a number of places in the application.  Select from the following list to see how to open forms from that source.</p>

			<p><xref href="javascript:hwToggle('searchResults');"><b>To open from Search Results:</b></xref></p>
				<p id="searchResults" outputclass="hidden">
					<ol>
						<li>In the search field in the gray navigation bar at the top of any <ph keyref="lpaname"/> page, type a keyword for the form you want.</li>
						<li>Select the <uicontrol>Filters</uicontrol> drop-down list to open  the <uicontrol>Narrow By</uicontrol> pop-up.</li>
						<li>In the <uicontrol>Category Type</uicontrol> section, select <uicontrol>Forms</uicontrol> to designate forms as the default content type for your searches.</li>
						<li>From the <uicontrol>Practice Area &amp; Topics</uicontrol> section, select the practice areas and topics you want to search.
						<note type="tip">Leave all the checkboxes blank to search for forms in all practice areas and topics.</note></li>
						<li>Click <uicontrol>Search</uicontrol> to display a list of all the Forms containing your search criteria in the selected Practice Areas and Topics. </li>
						<li>Select the link for the form you want to open.</li>
					</ol>
				</p>

			<p><xref href="javascript:hwToggle('recentlyViewed');"><b>To open from your Recently Browsed Documents pane:</b></xref></p>
			<p id="recentlyViewed" outputclass="hidden">
				<ul>
					<li>From the <uicontrol>History</uicontrol> drop-down at the top of any <ph keyref="lpaname"/> page, select <uicontrol>Recent Documents</uicontrol> to display a list of the five documents you viewed most recently. Select the form you want.</li>
				</ul>
				<note type="tip">To see a listing of all your activities, select <uicontrol>View all history</uicontrol>.  You can search the resulting list for the form you want.</note> 
			</p>

			<p><xref href="javascript:hwToggle('updatesIn');"><b>To open from your Updates in... pane:</b></xref></p>
			<p id="updatesIn" outputclass="hidden">
				<ul>
					<li>On the main <ph keyref="lpaname"/> page, from the  <uicontrol>Updates in...</uicontrol> pane, select the form you want.</li>
				</ul>
			</p>

			<p><xref href="javascript:hwToggle('workspace');"><b>To open a form saved to a folder within <ph keyref="lpaname"/>:</b></xref></p>
				<p id="workspace" outputclass="hidden">
					<note type="note">You need to add forms to a folder before you can open them this way.</note>
					<ol>
						<li>From the <uicontrol>More</uicontrol> drop-down at the top of any <ph keyref="lpaname"/> page, select <uicontrol>Folders</uicontrol> to display a list view of the folders you have created.</li>
						<li>Select the folder containing the form you want to open to see a list of the folders and documents in the selected folder.</li>
						<li>Select the name of a form to open the form and any notes associated with it in a new page.</li>
					</ol>
				</p>
				<p> <xref href="javascript:hwToggle('index');"><b>To open a form from the <ph keyref="lpaname"/> Forms Index:</b></xref></p>
				<p id="index" outputclass="hidden">
				<ul>
					<li>In the <uicontrol>Forms Index</uicontrol> pane on the <ph keyref="lpaname"/> home page, select the link for the selected practice area to open the <xref href="lpaformsindex_cpt.xml" scope="peer">forms index</xref> for that practice area or select <uicontrol>View forms for all practice areas</uicontrol> to open the entire forms index. Select the link for the form you want to open by browsing, filtering, or searching by form and summary.</li>
					<li>You can also open the forms index for a particular practice area from the topics menu on any subtopic page within that practice area by selecting the link at the bottom of the <uicontrol>Topics</uicontrol> fly-out menu.</li>
					</ul>
				</p>

		</context>
	
</taskbody>
</task>