<?xml version="1.0" encoding="UTF-8"?>
<!DOCTYPE task PUBLIC "-//IBM//DTD DITA Composite//EN" "c:/dtd/ditabase.dtd">
<task id="lpasortcases_hdi" otherprops="lparesults" audience="lpa">
	<title>How do I sort the list of cases in the Cite List?</title>
	<prolog>
		<author>Christina Stommel</author>
		<copyright>
			<copyryear year="2010"/>
			<copyrholder>Lexisnexis</copyrholder>
		</copyright>
		<critdates>
			<created date="2010-01-27"/>
		</critdates>
		<metadata>			
			<prodinfo>
				<prodname>Lexis Advance</prodname>
				<vrmlist>
					<vrm version="1"/>
				</vrmlist>
			</prodinfo>
		</metadata>
	</prolog>
	<taskbody>
		<context>
			<p>By default, cases listed in the cite list are sorted by date, with the newest cases appearing first in the list.</p>
			<p>While viewing the cite list, you can change this sort order either by selecting the <uicontrol>Sort by</uicontrol> drop-down list and choosing a different option from the list.</p>
		</context>
	</taskbody>
</task>