<?xml version="1.0" encoding="UTF-8"?>
<!DOCTYPE task PUBLIC "-//IBM//DTD DITA Composite//EN" "c:/dtd/ditabase.dtd">
<task id="lpasavecase_hdi" otherprops="lparesults" audience="exclude">
	<title>How do I save a copy of the case?</title>	
	<prolog>
		<author>Christina Stommel</author>
		<copyright>
			<copyryear year="2010"/>
			<copyrholder>Lexisnexis</copyrholder>
		</copyright>
		<critdates>
			<created date="2010-01-27"/>
		</critdates>
		<metadata>
			<prodinfo>
				<prodname>Lexis Advance</prodname>
				<vrmlist>
					<vrm version="1"/>
				</vrmlist>
			</prodinfo>
			
		</metadata>
	</prolog>
	<taskbody>
		<context>
			<p>You can save a copy of a case you are viewing in the Cite List. This can be useful if you want to review the information later or share it with others in your firm or office. The saved document will be in PDF format.</p>
		</context>
		<steps>
			<step>
				<cmd>In the menu, select <uicontrol>Cite List</uicontrol>. The view changes to show a list of cases associated with your search.</cmd>
			</step>
			<step>
				<cmd>Locate the document you want to view and select its link. A tab appears showing the case.</cmd>
			</step>
			<step>
				<cmd>Select the <uicontrol>Save</uicontrol> (<image href="Download.png" alt="Save"/>) button, located on the right-hand side of the document. The web browser displays instructions for saving the document as PDF or opening the document in Adobe Reader.</cmd>
			</step>
			<step>
				<cmd>Follow the web browser's instructions.</cmd>
			</step>
		</steps>
	</taskbody>
</task>