<?xml version="1.0" encoding="UTF-8"?>
<!DOCTYPE task PUBLIC "-//IBM//DTD DITA Composite//EN" "c:/dtd/ditabase.dtd">
<task id="lpasubmitfeedback_hdi" otherprops="lpasearch" audience="lpa">
	<title>How do I submit feedback about <ph keyref="lpanamefirst"/> to <ph keyref="companyfirst"/>?</title>
	<prolog>
		<author>Garth Lewis</author>
		<copyright>
			<copyryear year="2013"/>
			<copyrholder>Lexisnexis</copyrholder>
		</copyright>
		<critdates>
			<created date="2013-05-29"/>
		</critdates>
		<metadata>
			<prodinfo>
				<prodname>Lexis Advance</prodname>
				<vrmlist>
					<vrm version="1"/>
				</vrmlist>
			</prodinfo>
		</metadata>
	</prolog>
	<taskbody>
		<context>
			<p>Follow the steps below to use the Feedback feature to submit your thoughts and suggestions on <ph keyref="lpanamefirst"/>.</p>
		</context>

		<steps>
			<step>
				<cmd>From the <uicontrol>More</uicontrol> menu in the gray navigation bar at the top of any page, select <uicontrol>Feedback</uicontrol>.</cmd>
				<stepresult>A feedback form appears in a new browser window.
					<note type="note">You can close the form at any time without taking any action by closing the browser window.</note>
				</stepresult>
			</step>
			<step>
				<cmd>In the <uicontrol>Comments</uicontrol> box, type your questions or feedback.</cmd>
			</step>
			<step>
				<cmd>In the <uicontrol>Name</uicontrol> field, type your name.</cmd>
			</step>
			<step>
				<cmd>In the <uicontrol>Email Address</uicontrol> field, type an email address at which we can contact you if we need to follow up on your feedback.</cmd>
			</step>
			<step>
				<cmd>Select the <uicontrol>Send</uicontrol> button.</cmd>
			</step>
		</steps>
	</taskbody>
</task>