<?xml version="1.0" encoding="UTF-8"?>
<!DOCTYPE task PUBLIC "-//IBM//DTD DITA Composite//EN" "c:/dtd/ditabase.dtd">
<task id="lpsfilterreports_hdi" audience="lps" otherprops="lpsprofileresults">
	<title>How do I restrict data about individual expert, attorney, and judge profiles?</title>
	<prolog>
		<author>Christina</author>
		<copyright>
			<copyryear year="2010"/>
			<copyrholder>Lexisnexis</copyrholder>
		</copyright>
		<critdates>
			<created date="2010-12-17"/>
		</critdates>
		<metadata>
			<prodinfo>
				<prodname>Lexis Advance</prodname>
				<vrmlist>
					<vrm version="1"/>
				</vrmlist>
			</prodinfo>
		</metadata>
	</prolog>
	<taskbody>
		<context>
			<p>While using <ph keyref="lpsnamefirst"/> and viewing the different types of data available for individual expert witnesses, judges, and attorneys, you can filter the data to show only those documents you are most interested in viewing. For example, while viewing Verdicts &amp; Settlements, you may want to view only cases that were tried in a specific court or jurisdiction. Using filtering tools, you can focus your review on the details that are important to you. You can add, remove, and change as many filters as you need.</p>
			<p>The filtering tools are located in the <uicontrol>Narrow By</uicontrol> pane of the different reports.</p>
			<p>To apply a filter to your profile results:</p>
		</context>
		
		<steps>
			<step><cmd>Complete your search for an <xref href="lpssearchforexpert_hdi.xml" scope="peer">expert witness</xref>, <xref href="lpssearchforjudge_hdi.xml" scope="peer">judge</xref>, or <xref href="lpssearchforattorney_hdi.xml" scope="peer">attorney</xref>.</cmd></step>
			<step><cmd>At the search results list, select the name for the profile you want to view. The <uicontrol>Snapshot</uicontrol> page appears for that person.</cmd></step>
			<step><cmd>Using the pane on the left, click the type of profile information you are interested in viewing. For example, select the type of publication you want to view by clicking the <uicontrol>Publications</uicontrol> link.</cmd></step>
			<step><cmd>Choose your filter from the <uicontrol>Narrow By</uicontrol> pane.</cmd>
				<info>
					<note type="note">Only the top results are listed for each filter. To view the full list of options, select the <uicontrol>More</uicontrol> link. (To minimize the list of options again, select <uicontrol>Less</uicontrol>.)</note>
				</info>
			</step>
			<step><cmd>Use the following information to work with the different filters:</cmd>
			<info>
					<simpletable conref="narrowresults_hdi.xml#narrowresults_hdi/narrowby"><strow/></simpletable>
				</info>
			</step>
		</steps>
		<!--result>
			<note type="note">Post-search filters can help you isolate documents that relate more closely to the profile you are viewing. For example, some types of content (such as verdicts, settlements, briefs, and so forth) are directly linked to the profile you are researching, and not one with a similar or same name. This means that when you view one of these types of documents, you should successfully find information about the profile. However, other types of documents (such as News, Publications, and so forth) are being displayed based on the results returned from search connector searches for  <xref href="lpsexpertsources_ref.xml" scope="peer">expert witnesses</xref>, <xref href="lpsjudgesources_ref.xml" scope="peer">judges</xref>, or <xref href="lpsattorneysources_ref.xml" scope="peer">attorneys</xref>. This means that some of the documents may not relate directly to the profile. Applying post-search filters that contain additional information about the person will help narrow your results further, especially for profiles with more common names.</note>
		</result-->
	</taskbody>
</task>