<?xml version="1.0" encoding="UTF-8"?>
<!DOCTYPE task PUBLIC "-//IBM//DTD DITA Composite//EN" "c:/dtd/ditabase.dtd">
<task id="lpsfilterresults_hdi" audience="lps">
	<title>How do I narrow or filter my <ph keyref="lpsnamefirst"/> search results?</title>	
	<prolog>
		<author>Christina</author>
		<copyright>
			<copyryear year="2010"/>
			<copyrholder>Lexisnexis</copyrholder>
		</copyright>
		<critdates>
			<created date="2010-MM-DD"/>
		</critdates>
		<metadata>
			<prodinfo>
				<prodname>Lexis Advance</prodname>
				<vrmlist>
					<vrm version="1"/>
				</vrmlist>
			</prodinfo>
		</metadata>
	</prolog>
	<taskbody>
		<context>
			<p>As you are viewing your <ph keyref="lpsnamefirst"/> search results, you can limit the information you are viewing to meet a specific subset of preferences. For example, if you want to view attorneys that practice in Idaho, Wyoming, and Montana, you could filter your list to show only those lawyers who meet these criteria.</p>
			<p>The filters that are available depend on which type of profiles you are viewing:</p>
			<ul>
				<li>If you are viewing expert witness profiles, your filters include: <uicontrol>State</uicontrol>, <uicontrol>City</uicontrol>, and <uicontrol>Area of Expertise</uicontrol>.</li>
				<li>If you are viewing judge profiles, your filters include: <uicontrol>Jurisdiction</uicontrol> and <uicontrol>Court</uicontrol>.</li>
				<li>If you are viewing attorney profiles, your filters include: <uicontrol>State</uicontrol>, <uicontrol>City</uicontrol>, and <uicontrol>Employer</uicontrol>.</li>
			</ul>
			<p>To refine your search results:</p>
		</context>
		
		<steps>
			<step>
				<cmd>While viewing the <uicontrol>Narrow By</uicontrol> pane on the left side of the page, locate the type of filter you want to apply.</cmd>
			</step>
			<step>
				<cmd>Click the link for the specific filter.</cmd>
			</step>
		</steps>
		<result>
			<note type="note">
				<ul>
					<li>Specific options available for each filter are listed in the order of priority, and only the first few options with the most profiles are listed by default. To view the full list of options, select the <uicontrol>More</uicontrol> link. (To collapse the list again, select the <uicontrol>Less</uicontrol> link.)</li>
					<li>To select multiple filters, select <uicontrol>Select multiple</uicontrol>, select the options you are most interested in, and then select <uicontrol>OK</uicontrol>.</li>
					<li>You can clear filters you have applied to your search results by selecting the <image href="closeremove.png" alt="Close"/> icon for that individual filter. To remove all filters, select <uicontrol>Clear</uicontrol>.</li>
				</ul>
			</note>
		</result>
	</taskbody>
</task>