<?xml version="1.0" encoding="UTF-8"?>
<!DOCTYPE task PUBLIC "-//IBM//DTD DITA Composite//EN" "c:/dtd/ditabase.dtd">
<task id="lpsnavigatepages_hdi" audience="exclude">
	<title>How do I navigate between the different <ph keyref="lpsnamefirst"/> tabs?</title>	
	<!-- For 4.2, I removed (via exclude) and unlinked from the following other files: lpssearchresults_cpt, lpsviewnews_hdi, and lpsviewpublications_hdi. - Christina - 7/29/14-->
	<prolog>
		<author>Christina</author>
		<copyright>
			<copyryear year="2010"/>
			<copyrholder>Lexisnexis</copyrholder>
		</copyright>
		<critdates>
			<created date="2010-MM-DD"/>
		</critdates>
		<metadata>	
			<prodinfo>
				<prodname>Lexis Advance</prodname>
				<vrmlist>
					<vrm version="1"/>
				</vrmlist>
			</prodinfo>
		</metadata>
	</prolog>
	<taskbody>
		<context>
		<p>As you work with <ph keyref="lpsnamefirst"/>, you may find you have several tabs open simultaneously:</p>
		<ul>
		 <li>To move between the search results and any reports you are reviewing, either you can select the appropriate tab, or you can select the <uicontrol>List All Tabs</uicontrol> icon (<image href="triangledown.png" alt="List All Tabs"/>), which is located to the far right of the ribbon.</li>
		 <li>To scroll through the different tabs when more tabs are open than can appear on the page, select the right and left arrow icons (<image href="triangleright.png" alt="Scroll Right"/> and <image href="triangleleft.png" alt="Scroll Left"/>), which are located to the far right and far left of the tab bar, respectively.</li>
		 </ul>
		</context>
	</taskbody>
</task>