<?xml version="1.0" encoding="UTF-8"?>
<!DOCTYPE task PUBLIC "-//IBM//DTD DITA Composite//EN" "c:/dtd/ditabase.dtd">
<task id="lpsprefiltersearchresults_hdi" audience="lps" otherprops="lpssearchresults">
	<title>How do I pre-filter my <ph keyref="lpsnamefirst"/> search results?</title>	
	<prolog>
		<author>Christina</author>		
		<copyright>
			<copyryear year="2010"/>
			<copyrholder>Lexisnexis</copyrholder>
		</copyright>
		<critdates>
			<created date="2010-11-17"/>
		</critdates>
		<metadata>		
			<prodinfo>
				<prodname>Lexis Advance</prodname>
				<vrmlist>
					<vrm version="1"/>
				</vrmlist>
			</prodinfo>
		</metadata>
	</prolog>
	<taskbody>
		<context>
		<p>When searching for expert witness, judge, or attorney profiles using <ph keyref="lpsnamefirst"/>, you can fine-tune your search by specifying a pre-search filter. For example, if you are searching for an attorney with a fairly common name, you could specify the jurisdiction in which the attorney practices. This can help limit your search results to those that more closely match the specific attorney you are searching for. </p>
<p>The types of pre-search filters available depend on the type of search you are performing:</p>
<ul>
<li>When searching for an expert witness, you can filter your search by <uicontrol>Location</uicontrol> or by <uicontrol>Area of Expertise</uicontrol>.</li>
<li>When searching for a judge, you can filter your search by <uicontrol>Jurisdiction</uicontrol>. </li>
<li>When searching for an attorney, you can filter your search by <uicontrol>Location</uicontrol>. </li>
</ul>
<p>To pre-filter your search results:</p>
</context>

<steps>
<step><cmd>Choose the search type from the drop-down list to the left of the search field.</cmd></step>
<step><cmd>If you know the person's name (or part of the name), enter it in the search field.</cmd></step>
<step><cmd>Select the <uicontrol>Filters</uicontrol> drop-down list and then select the the link for the pre-search filter you want to assign to your search. A list of options available for that filter appears.</cmd></step>
<step><cmd>Select the checkboxes for the filters you are interested in. </cmd></step>
<step><cmd>Click <uicontrol>Search</uicontrol>. <ph keyref="lpsname"/> searches the <ph keyref="companyfirst"/> databases for profiles that meet your search criteria. It then displays any results that are found. (See <xref href="lpssearchresults_cpt.xml" scope="peer"/> for details.)</cmd></step>
</steps>
	</taskbody>
</task>