<?xml version="1.0" encoding="UTF-8"?>
<!DOCTYPE task PUBLIC "-//IBM//DTD DITA Composite//EN" "c:/dtd/ditabase.dtd">
<task id="lpsprefilterbystate_hdi" audience="exclude">
	<title>How do I pre-filter my <ph keyref="lpsnamefirst"/> search by state or location?</title>
	<!-- Christina - I'm not sure why I excluded this topic, but I am continuing to exclude it for now. 4/22/14 -->
	<prolog>
		<author>Christina</author>
		<copyright>
			<copyryear year="2010"/>
			<copyrholder>Lexisnexis</copyrholder>
		</copyright>
		<critdates>
			<created date="2010-10-07"/>
		</critdates>
		<metadata>
			<prodinfo>
				<prodname>Lexis Advance</prodname>
				<vrmlist>
					<vrm version="1"/>
				</vrmlist>
			</prodinfo>
		</metadata>
	</prolog>
	<taskbody>
		<context/>
		<steps>
			<step>
				<cmd>If you know the name of the expert witness or attorney you want to search for, enter it in the <ph keyref="lpsnamefirst"/> search field.</cmd>
			</step>
			<step>
				<cmd>Click the <uicontrol>Filters</uicontrol> drop-down list. </cmd></step>
				<step><cmd>Select the <uicontrol>Locations</uicontrol> option on the left side. The different locations are displayed.</cmd>
			</step>
			<step>
				<cmd>Select the checkboxes for the states you are interested in.</cmd>
				<info>
					<note type="tip">To clear all existing selections, select <uicontrol>Clear</uicontrol>.</note>
				</info>
			</step>
			<step>
				<cmd>Click <uicontrol>OK</uicontrol>.  You are returned to the search box.</cmd>
			</step>
			<step>
				<cmd>Click <uicontrol>Search</uicontrol>. <ph keyref="lpsname"/> searches the <ph keyref="companyfirst"/> databases for profiles that meet your search criteria. It then displays any results that are found. (See <xref href="lpssearchresults_cpt.xml" scope="peer"/> for details.)</cmd>
			</step>
		</steps>
	</taskbody>
</task>