<?xml version="1.0" encoding="UTF-8"?>
<!DOCTYPE task PUBLIC "-//IBM//DTD DITA Composite//EN" "c:/dtd/ditabase.dtd">
<task id="lpsprefiltersearchresults_hdi" audience="lps" otherprops="lpssearch">
	<title>How do I pre-filter my <ph keyref="lpsnamefirst"/> search results by area of expertise?</title>
	<prolog>
		<author>Christina</author>
		<copyright>
			<copyryear year="2010"/>
			<copyrholder>Lexisnexis</copyrholder>
		</copyright>
		<critdates>
			<created date="2010-11-17"/>
		</critdates>
		<metadata>
			<prodinfo>
				<prodname>Lexis Advance</prodname>
				<vrmlist>
					<vrm version="1"/>
				</vrmlist>
			</prodinfo>
		</metadata>
	</prolog>
	<taskbody>
		<context>
			<p>While using <ph keyref="lpsnamefirst"/>, you can fine-tune your search for an expert witness by specifying an area of expertise. For example, say you are searching for an expert that has a common first and/or last name. By specifying an area of expertise, you can limit your search results to show only those experts you are most interested in viewing.</p>
			<p>To pre-filter your search results based on areas of experience:</p>
		</context>
		
		<steps>
		<step><cmd>Select <uicontrol>Expert Witness</uicontrol> from the list of options located before the search field.</cmd></step>
			<step><cmd>If you know the name of the expert you want to search for, enter it in the search field.</cmd></step>
			<step><cmd>Select the <uicontrol>Filters</uicontrol> drop-down list.</cmd></step>
			<step><cmd>Select <uicontrol>Areas of Expertise</uicontrol>. </cmd></step>
			<step><cmd>Select the checkboxes for the areas you are interested in.</cmd>
			<info><note type="tip">To expand or collapse a list of areas, select the arrow next to the area term.</note></info></step>
			<step><cmd>Click <uicontrol>Search</uicontrol>.</cmd>
			</step>			
		</steps>
	</taskbody>
</task>