<?xml version="1.0" encoding="UTF-8"?>
<!DOCTYPE task PUBLIC "-//IBM//DTD DITA Composite//EN" "c:/dtd/ditabase.dtd">
<task id="lpsrefreshcharts_hdi" audience="exclude">
	<title>How do I update various charts and graph s based on documents I've selected in the Cite List?</title>	
	<prolog>
		<author>Christina</author>
		<!--reviewed and excluded. doesn't appear to be a feature in this release .-->
		<copyright>
			<copyryear year="2010"/>
			<copyrholder>Lexisnexis</copyrholder>
		</copyright>
		<critdates>
			<created date="2010-MM-DD"/>
		</critdates>
		<metadata>
			<prodinfo>
				<prodname>Lexis Advance</prodname>
				<vrmlist>
					<vrm version="1"/>
				</vrmlist>
			</prodinfo>
		</metadata>
	</prolog>
	<taskbody>
		<context>
		<p>Individual cases represented in the various types of charts and graphs appear in the associated <ph keyref="lpsnamefirst"/> cite list. You can filter what appears in these charts and graphs by selecting only those cases in the cite list that you want included in the graphs. </p>		
		<p>To do this:</p>
		</context>		
		<steps>
		<step><cmd>At the Report tab for the specific expert, attorney, or judge, view one of the options on the <uicontrol>Case Involvement</uicontrol> tab (expert witnesses), <uicontrol>Ruling History</uicontrol> tab (judges), or <uicontrol>Practice History</uicontrol> tab (attorneys). The view changes to show the related charts and graphs, and the Cite List appears below the graphs.</cmd></step>
		<step><cmd>In the Cite List, select which documents you want to use in the charts and graphs.</cmd></step>
		<step><cmd>Click the <uicontrol>Refresh</uicontrol> icon (<image href="refresh.png" alt="Refresh"/>). This updates both the Cite List and the charts and graphs to show only those documents you want to view.</cmd></step>
		</steps>		
	</taskbody>
</task>