<?xml version="1.0" encoding="UTF-8"?>
<!DOCTYPE task PUBLIC "-//IBM//DTD DITA Composite//EN" "c:/dtd/ditabase.dtd">
<task id="lpsreturnsearch_hdi" audience="exclude">
	<title>How do I complete a new <ph keyref="lpsnamefirst"/> search while viewing my results or a document?</title>	
	<prolog>
		<author>Christina</author>		
		<copyright>
			<copyryear year="2010"/>
			<copyrholder>Lexisnexis</copyrholder>
		</copyright>
		<critdates>
			<created date="2010-MM-DD"/>
		</critdates>
		<metadata>
			<prodinfo>
				<prodname>Lexis Advance</prodname>
				<vrmlist>
					<vrm version="1"/>
				</vrmlist>
			</prodinfo>
		</metadata>
	</prolog>
	<taskbody>
		<context/>		
<steps>
<step><cmd>While viewing your <ph keyref="lpsnamefirst"/> results or a specific profile, locate the search field at the top of the page you are viewing.</cmd></step>
<step><cmd>Either enter the name of a different person in the <uicontrol>Search</uicontrol> box, or choose a different search option from drop-down list to the left of the search field.</cmd></step>
<step><cmd>Optionally, <xref href="lpsprefiltersearchresults_hdi.xml" scope="peer">pre-filter your search results</xref>.</cmd></step>
<step><cmd>Select <uicontrol>Search</uicontrol>. Your new results are displayed. (See <xref href="lpssearchresults_cpt.xml" scope="peer"/> for details.)

</cmd></step>
</steps>
<result>
<note type="note">You can also select the <ph keyref="lpsname"/> logo in the upper-left corner of  any page to return to the main search form.</note></result>
	</taskbody>
</task>