<?xml version="1.0" encoding="UTF-8"?>
<!DOCTYPE task PUBLIC "-//IBM//DTD DITA Composite//EN" "c:/dtd/ditabase.dtd">
<task id="lpssearchforjudgejurisdiction_hdi" audience="lps" otherprops="lpssearch">
	<title>How do I search for a judge within a specific jurisdiction?</title>	
	<prolog>
		<author>Christina</author>
		<copyright>
			<copyryear year="2010"/>
			<copyrholder>Lexisnexis</copyrholder>
		</copyright>
		<critdates>
			<created date="2010-MM-DD"/>
		</critdates>
		<metadata>
			<prodinfo>
				<prodname>Lexis Advance</prodname>
				<vrmlist>
					<vrm version="1"/>
				</vrmlist>
			</prodinfo>
		</metadata>
	</prolog>
	<taskbody>
	<context>
		<p>Using <ph keyref="lpsnamefirst"/>, you can view a list of judges for a specific jurisdiction. This might be useful if you need to find a judge but you don't have a specific name for which to search. You can select as many states to search in as necessary.</p>
<p>To search for a list of judges within a specific jurisdiction:</p>
		</context>
	
		<steps>
		<step><cmd>At the search form, choose <uicontrol>Judge</uicontrol> from the drop-down list to the left of the search field.</cmd></step>
		<step><cmd>Leave the search field blank.</cmd></step>
		<step><cmd>Select the <uicontrol>Filters</uicontrol> drop-down list. A pop-up window showing a list of jurisdictions appears.</cmd></step>
		<step><cmd>Select the jurisdictions you are interested in.</cmd></step>				
		<step><cmd>Click <uicontrol>Search</uicontrol>. <ph keyref="lpsname"/> searches the <ph keyref="companyfirst"/> databases for judges that meet your search criteria. It then displays any results that are found. (See <xref href="lpssearchresults_cpt.xml" scope="peer"/> for details.)</cmd></step>		
		</steps>
	</taskbody>
</task>