<?xml version="1.0" encoding="UTF-8"?>
<!DOCTYPE task PUBLIC "-//IBM//DTD DITA Composite//EN" "c:/dtd/ditabase.dtd">
<task id="lpssearchlexisweb_hdi" audience="lps" otherprops="lpsprofileresults">
	<title>How do I perform a Web search for information on an expert witness, judge, or attorney?</title>	
	<prolog>
		<author>Christina</author>	
		<copyright>
			<copyryear year="2010"/>
			<copyrholder>Lexisnexis</copyrholder>
		</copyright>
		<critdates>
			<created date="2010-11-22"/>
		</critdates>
		<metadata>		
			<prodinfo>
				<prodname>Lexis Advance</prodname>
				<vrmlist>
					<vrm version="1"/>
				</vrmlist>
			</prodinfo>
		</metadata>
	</prolog>
	<taskbody>
		<context>
		<p>Using <ph keyref="lpsnamefirst"/>, you can search for legal resources on the Web. A Web search expands the number of information sources included in your search, since a Web search combines content from thousands of Web sites and millions of Web pages. Types of information you can search include:</p>
<ul>
<li>Governmental agency information (federal, state, local)</li>
<li>Informal commentary on legal issues (e.g., blogs specifically for lawyers and legal professionals)</li>
<li>General web information about legal topics</li>
</ul>
<p>To search for profile information using Lexis Web:</p>
</context>
<steps>
<step><cmd>Complete your search for an <xref href="lpssearchforexpert_hdi.xml" scope="peer">expert witness</xref>, a <xref href="lpssearchforjudge_hdi.xml" scope="peer">judge</xref>, or an <xref href="lpssearchforattorney_hdi.xml" scope="peer">attorney</xref>. </cmd></step>
	<step><cmd>At the results list, select the name for the profile you want to view. That profile appears.</cmd></step>
	<step><cmd>Click the <uicontrol>Web</uicontrol> link in the left-side pane. A search is performed using Lexis Web and the results are displayed on the page.</cmd></step>
	<step><cmd>Click the link for the specific content you want to view. The requested information appears.</cmd></step>
	</steps>	
	</taskbody>
</task>