<?xml version="1.0" encoding="UTF-8"?>
<!DOCTYPE task PUBLIC "-//IBM//DTD DITA Composite//EN" "c:/dtd/ditabase.dtd">
<task id="lpssettings_hdi" audience="exclude">
<!-- Christina - This page can be removed since it's covered in the SEttings help. Audience set to "exclude" in the 4.2 release.-->
	<title>How do I change my <ph keyref="lpsnamefirst"/> settings?</title>	
	<prolog>
		<author>Christina Stommel</author>
		<copyright>
			<copyryear year="2013"/>
			<copyrholder>Lexisnexis</copyrholder>
		</copyright>
		<critdates>
			<created date="2013-01-04"/>
		</critdates>
		<metadata>
			<prodinfo>
				<prodname>Lexis Advance</prodname>
				<vrmlist>
					<vrm version="1"/>
				</vrmlist>
			</prodinfo>
		</metadata>
	</prolog>
	<taskbody>
		<context>
			<p>When using <ph keyref="lpsnamefirst"/>, you may find that you search for a specific type of profile more frequently than others. You can change <ph keyref="lpsname"/> so it automatically defaults to this profile type when you access <ph keyref="lpsname"/>.</p>
			<p>To do this:</p>
		</context>
		<steps>
			<step>
				<cmd>Choose <uicontrol>Litigation Profile Suite Settings</uicontrol> from the <uicontrol>Settings</uicontrol> drop-down list in the global navigation bar.</cmd>
			</step>
			<step>
				<cmd>Choose your default profile type from the <uicontrol>Profile search default</uicontrol> drop-down list.</cmd>
			</step>
			<step>
				<cmd>Click <uicontrol>Apply All Settings</uicontrol> to save your  changes and close the Settings dialog box.</cmd>
			</step>
		</steps>
	</taskbody>
</task>