<?xml version="1.0" encoding="UTF-8"?>
<!DOCTYPE task PUBLIC "-//IBM//DTD DITA Composite//EN" "c:/dtd/ditabase.dtd">
<task id="lpssortresults_hdi" audience="lps"  otherprops="lpssearchresults">
	<title>How do I sort the profiles in the <ph keyref="lpsnamefirst"/> search results list?</title>	
	<prolog>
		<author>Christina</author>
		<copyright>
			<copyryear year="2010"/>
			<copyrholder>Lexisnexis</copyrholder>
		</copyright>
		<critdates>
			<created date="2010-11-18"/>
		</critdates>
		<metadata>	
			<prodinfo>
				<prodname>Lexis Advance</prodname>
				<vrmlist>
					<vrm version="1"/>
				</vrmlist>
			</prodinfo>
		</metadata>
	</prolog>
	<taskbody>
		<context>	
		<p>As you are  viewing the results of your <ph keyref="lpsnamefirst"/> search, you can sort the data you are viewing. For example, if you are viewing a list of expert witnesses, you can sort  your search results by name, state, city, or area of expertise. (Which specific options appear depends on which type of profile you're searching.)</p>
		<p>To do this:</p>
		<ul>
		<li>At the search results page, choose a sorting option from the <uicontrol>Sort by</uicontrol> drop-down list, located in the upper-right corner of the results list.</li></ul>
		</context>
	</taskbody>
</task>