<?xml version="1.0" encoding="UTF-8"?>
<!DOCTYPE task PUBLIC "-//IBM//DTD DITA Composite//EN" "c:/dtd/ditabase.dtd">
<task id="lpssavereportaspdf_hdi" audience="exclude">
	<title>How do I save a report as a PDF document? </title>	
	<!--Christina 4/22/2014: This is no longer relevant because there are delivery options available in LPS. This has been the case for at least 1 previous release. Eventually we can kill this topic.-->
	<prolog>
		<author>Christina</author>
		<copyright>
			<copyryear year="2010"/>
			<copyrholder>Lexisnexis</copyrholder>
		</copyright>
		<critdates>
			<created date="2010-12-13"/>
		</critdates>
		<metadata>
			<prodinfo>
				<prodname>Lexis Advance</prodname>
				<vrmlist>
					<vrm version="1"/>
				</vrmlist>
			</prodinfo>
		</metadata>
	</prolog>
	<taskbody>
	<context>
	<p>While using <ph keyref="lpsnamefirst"/>, you can save a copy of the expert witness' report, which will include information from the different sections of the report, such as Case Involvement, Publications, and so forth. The report will be saved as a PDF document. Saving the report allows you to review the information later as well as share it with others in the firm. </p>
	<p>To save the profile report:</p>
	</context>
<steps>
<step><cmd>Complete your search for an <xref href="lpssearchforexpert_hdi.xml" scope="peer">expert witness</xref>, <xref href="lpssearchforjudge_hdi.xml" scope="peer">judge</xref>, or <xref href="lpssearchforattorney_hdi.xml" scope="peer">attorney</xref>. </cmd></step>
	<step><cmd>At the search results tab, select the name for the expert you want to view. The <uicontrol>Report</uicontrol> tab for that expert appears.</cmd></step>
	<step><cmd>View the <uicontrol>Overview</uicontrol> page. </cmd></step>
	<step><cmd>Click the <uicontrol>Overview Report</uicontrol> link. A PDF document containing the report appears in a new window.</cmd></step>	
<step><cmd>Save or print the document, using the options available in your PDF reader.</cmd></step>
</steps>
	</taskbody>
</task>