<?xml version="1.0" encoding="UTF-8"?>
<!DOCTYPE task PUBLIC "-//IBM//DTD DITA Composite//EN" "c:/dtd/ditabase.dtd">
<task id="lpssearchforjudge_hdi" audience="lps" otherprops="lpssearch">
	<title>How do I search for a specific judge using <ph keyref="lpsnamefirst"/>?</title>
	<prolog>
		<author>Christina</author>		
		<copyright>
			<copyryear year="2010"/>
			<copyrholder>Lexisnexis</copyrholder>
		</copyright>
		<critdates>
			<created date="2010-10-07"/>
		</critdates>
		<metadata>		
			<prodinfo>
				<prodname>Lexis Advance</prodname>
				<vrmlist>
					<vrm version="1"/>
				</vrmlist>
			</prodinfo>
		</metadata>
	</prolog>
	<taskbody>
		<context>			
				<p>Using <ph keyref="lpsnamefirst"/>, you can search for professional information about judges. Types of information you might discover include a list of cases with which the judge was involved as well as news stories about the judge.</p>								
			<p>To search for a judge:</p>
		</context>
		<steps>
				<step><cmd>At the search form, choose <uicontrol>Judge</uicontrol> from the drop-down list to the left of the search field.</cmd></step>
				<step><cmd>Type the name of the judge for which you want to search in the search field. </cmd>				
				<info><note type="tip">
				<ul><li>As you type the name, a list of possible matches appears. If the name you are searching for appears in the list, you can select it and the full name will be added to the Search box.</li>
				<li>If you don't know the name of the judge, you can search <xref href="lpssearchforjudgejurisdiction_hdi.xml" scope="peer">based on jurisdiction only</xref>.</li></ul>
				</note></info>
			</step>
			<step>
				<cmd>Optionally, select the <uicontrol>Filters</uicontrol> drop-down list and then select a <xref href="lpssearchforjudgejurisdiction_hdi.xml" scope="peer">jurisdiction</xref> from the <uicontrol>Jurisdiction</uicontrol> list.</cmd>
			</step>			
			<step>
				<cmd>Click <uicontrol>Search</uicontrol>. <ph keyref="lpsname"/> searches the <ph keyref="companyfirst"/> databases for judges that meet your search criteria. It then displays any results that are found. (See <xref href="lpssearchresults_cpt.xml" scope="peer"/> for details.)</cmd>
			</step>
		</steps>
	</taskbody>
</task>