<?xml version="1.0" encoding="UTF-8"?>
<!DOCTYPE task PUBLIC "-//IBM//DTD DITA Composite//EN" "c:/dtd/ditabase.dtd">
<task id="lpssearchforattorney_hdi" audience="lps" otherprops="lpssearch">
	<title>How do I search for an attorney using <ph keyref="lpsnamefirst"/>?</title>
	<prolog>
		<author>Christina</author>
		<copyright>
			<copyryear year="2010"/>
			<copyrholder>Lexisnexis</copyrholder>
		</copyright>
		<critdates>
			<created date="2010-10-07"/>
		</critdates>
		<metadata>	
			<prodinfo>
				<prodname>Lexis Advance</prodname>
				<vrmlist>
					<vrm version="1"/>
				</vrmlist>
			</prodinfo>
		</metadata>
	</prolog>
	<taskbody>
		<context>
				<p>Using <ph keyref="lpsnamefirst"/>, you can search for professional information about attorneys that may be involved in the same cases as you. Types of information you might discover include a list of cases on which the attorney worked or perhaps a list of publications in which he or she is mentioned.</p>
				<note type="tip">If you don't know the name of the attorney, you can search <xref href="lpssearchforattorneyjurisdiction_hdi.xml" scope="peer">based on location only</xref>.</note>				
			<p>To search for an attorney:</p>
		</context>
		
		<steps>
			<step>
				<cmd>At the search form, choose <uicontrol>Attorney</uicontrol> from the drop-down list to the left of the search field.</cmd></step>
				<step><cmd>Type the name of the attorney for which you want to search in the search field. </cmd>				
				<info><note type="tip">As you type the name, a list of possible matches appears.  If the name you are searching for appears in the list, you can select it and the full name will be added to the Search box. </note></info>
			</step>
			<step>
				<cmd>Optionally, select the <uicontrol>Filters</uicontrol> drop-down list and then select a <xref href="lpssearchforattorneyjurisdiction_hdi.xml" scope="peer">location</xref> to limit your search to a specific state.</cmd>
			</step>			
			<step>
				<cmd>Click <uicontrol>Search</uicontrol>. <ph keyref="lpsname"/> searches the <ph keyref="companyfirst"/> databases for attorneys that meet your search criteria. It then displays any results that are found. (See <xref href="lpssearchresults_cpt.xml" scope="peer"/> for details.)</cmd>
			</step>
		</steps>
	</taskbody>
</task>