<?xml version="1.0" encoding="UTF-8"?>
<!DOCTYPE task PUBLIC "-//IBM//DTD DITA Composite//EN" "c:/dtd/ditabase.dtd">
<task id="lpssearchforexpert_hdi" audience="lps" otherprops="lpssearch">
	<title>How do I search for a specific expert witness using <ph keyref="lpsnamefirst"/>?</title>
	<prolog>
		<author>Christina</author>	
		<copyright>
			<copyryear year="2010"/>
			<copyrholder>Lexisnexis</copyrholder>
		</copyright>
		<critdates>
			<created date="2010-10-07"/>
		</critdates>
		<metadata>		
			<prodinfo>
				<prodname>Lexis Advance</prodname>
				<vrmlist>
					<vrm version="1"/>
				</vrmlist>
			</prodinfo>
		</metadata>
	</prolog>
	<taskbody>
		<context>			
				<p>Using <ph keyref="lpsnamefirst"/>, you can search for professional information about expert witnesses. Types of information you might discover include areas of expertise, professional profiles, rulings, curricula vitae, tendencies, and successful cases.</p>	
				<!--<note type="caution">If you include search connectors in your search query, they will be ignored.</note>-->
			<p>To search for an expert witness:</p>
		</context>

		<steps>
			<step>
				<cmd>At the search form, choose <uicontrol>Expert Witness</uicontrol> from the drop-down list to the left of the search field.</cmd></step>
				<step><cmd>Type the name of the expert for which you want to search in the search box.</cmd>				
				<info><note type="tip">
				<ul>
				<li>As you type the name, a list of possible matches appears. If the name you are searching for appears in the list, you can select it and the full name will be added to the search box.</li>
				<li>If you don't know the name of the expert, you can search based on an <xref href="lpssearchforareaofexpertise_hdi.xml" scope="peer">area of expertise</xref> only.</li>
				</ul></note></info>
			</step>
			<step>
				<cmd>Optionally, select the <uicontrol>Filters</uicontrol> drop-down list and select a <xref href="lpsprefiltersearchresults_hdi.xml" scope="peer">pre-search filter</xref>.</cmd>
			</step>			
			<step>
				<cmd>Click <uicontrol>Search</uicontrol>. <ph keyref="lpsname"/> searches the <ph keyref="companyfirst"/> databases for experts that meet your search criteria. It then displays any results that are found. (See <xref href="lpssearchresults_cpt.xml" scope="peer"/> for details.)</cmd>
			</step>
		</steps>
	</taskbody>
</task>