<?xml version="1.0" encoding="UTF-8"?>
<!DOCTYPE task PUBLIC "-//IBM//DTD DITA Composite//EN" "c:/dtd/ditabase.dtd">
<task id="lpssearchforareaofexpertise_hdi" audience="lps" otherprops="lpssearch">
	<title>How do I search for an expert witness with a specific area of expertise?</title>	
	<prolog>
		<author>Christina</author>
		<copyright>
			<copyryear year="2010"/>
			<copyrholder>Lexisnexis</copyrholder>
		</copyright>
		<critdates>
			<created date="2010-11-16"/>
		</critdates>
		<metadata>		
			<prodinfo>
				<prodname>Lexis Advance</prodname>
				<vrmlist>
					<vrm version="1"/>
				</vrmlist>
			</prodinfo>
		</metadata>
	</prolog>
	<taskbody>
		<context>
		<p>Using <ph keyref="lpsnamefirst"/>, you can search for experts with specific knowledge or skill. This might be useful if you need to find an expert but you don't know of anyone to search for specifically. Types of areas you can search for include agriculture, banking and finance, information technology, law enforcement, and medical, just to name a few. You can select as many areas of expertise as necessary.</p>
		<p>To search for a list of experts with specific knowledge or skill:</p>
		</context>
		<steps>
		<step><cmd>At the search form, choose <uicontrol>Expert Witness</uicontrol> from the drop-down list to the left of the search box. </cmd></step>
		<step><cmd>Leave the search field blank.</cmd></step>
		<step><cmd>Click the <uicontrol>Filters</uicontrol> drop-down arrow. The Narrow By list appears.</cmd></step>
		<step><cmd>Click <uicontrol>Areas of Expertise</uicontrol>.</cmd></step>		
		<step><cmd>Select the area of expertise you are interested in.</cmd></step>		
		<step><cmd>Optionally, select the <uicontrol>Locations</uicontrol> link and choose a location or locations from the list. </cmd></step>		
		<step><cmd>Click <uicontrol>Search</uicontrol>. <ph keyref="lpsname"/> searches the <ph keyref="companyfirst"/> databases for experts that meet your search criteria. It then displays any results that are found. (See <xref href="lpssearchresults_cpt.xml" scope="peer"/> for details.)</cmd></step>
		</steps>


	</taskbody>
</task>