<?xml version="1.0" encoding="UTF-8"?>
<!DOCTYPE task PUBLIC "-//IBM//DTD DITA Composite//EN" "c:/dtd/ditabase.dtd">
<task id="lpssearchforattorneyjurisdiction_hdi" audience="lps" otherprops="lpssearch">
	<title>How do I search for an attorney within a specific location?</title>	
	<prolog>
		<author>Christina</author>	
		<copyright>
			<copyryear year="2010"/>
			<copyrholder>Lexisnexis</copyrholder>
		</copyright>
		<critdates>
			<created date="2010-MM-DD"/>
		</critdates>
		<metadata>
			<prodinfo>
				<prodname>Lexis Advance</prodname>
				<vrmlist>
					<vrm version="1"/>
				</vrmlist>
			</prodinfo>
		</metadata>
	</prolog>
	<taskbody>
		<context>
		<p>Using <ph keyref="lpsnamefirst"/>, you can search for attorneys in a specific state. This might be useful if you need to find an attorney but you don't know of anyone to search for specifically. You can select as many states to search in as necessary.</p>
<p>To do this:</p>
		</context>
		
		<steps>
		<step><cmd>At the search form, choose <uicontrol>Attorney</uicontrol> from the drop-down list to the left of the search field.</cmd></step>
		<step><cmd>If you don't know any part of the attorney's name, leave the search field blank. (If you know a portion of the name, enter it in the field.)</cmd></step>
		<step><cmd>Select the <uicontrol>Filters</uicontrol> drop-down list. A list of locations appears.</cmd></step>
		<step><cmd>Select the states you are interested in by selecting the corresponding checkboxes.</cmd></step>				
		<step><cmd>Click <uicontrol>Search</uicontrol>. <ph keyref="lpsname"/> searches the <ph keyref="companyfirst"/> databases for attorneys that meet your search criteria. It then displays any results that are found. (See <xref href="lpssearchresults_cpt.xml" scope="peer"/> for details.)</cmd></step>
		</steps>
	</taskbody>
</task>