<?xml version="1.0" encoding="UTF-8"?>
<!DOCTYPE task PUBLIC "-//IBM//DTD DITA Composite//EN" "c:/dtd/ditabase.dtd">
<task id="lpsviewindividualexpert_hdi" audience="lps"  otherprops="lpssearchresults">
	<title>How do I view  <ph keyref="lpsnamefirst"/> reports of individual experts?</title>	
	<prolog>
		<author>Christina</author>		
		<copyright>
			<copyryear year="2010"/>
			<copyrholder>Lexisnexis</copyrholder>
		</copyright>
		<critdates>
			<created date="2010-11-22"/>
		</critdates>
		<metadata>
			<prodinfo>
				<prodname>Lexis Advance</prodname>
				<vrmlist>
					<vrm version="1"/>
				</vrmlist>
			</prodinfo>
		</metadata>
	</prolog>
	<taskbody>
		<context>
		<p>Once you find an expert using <ph keyref="lpsnamefirst"/>, you can select his or her name in the search results list and <xref href="lpsaboutexpertreports_cpt.xml" scope="peer">view the information that is available for that expert</xref>. Information might include ways in which the expert was involved in a case, any publications in which the expert has been published, or news articles in which the expert has been mentioned.</p>		
		<p>To do this:</p>
</context>
<steps>	
<step><cmd>Complete your search for an expert witness. (Search either by <xref href="lpssearchforexpert_hdi.xml" scope="peer">name</xref> or by <xref href="lpssearchforareaofexpertise_hdi.xml" scope="peer">area of expertise</xref>.)</cmd></step>
<step><cmd>At the search results page, select the expert's name. That expert's report is opened.</cmd></step>
<step><cmd>Once you are viewing the report, complete any of the following steps:</cmd>
<choicetable>
<chhead>
<choptionhd>To ...</choptionhd>
<chdeschd>Do This</chdeschd>
</chhead>
<chrow>
<choption>View an overview of all the information available for the expert witness</choption>
<chdesc>Select the <xref href="lpsviewexpertoverview_hdi.xml" scope="peer">Snapshot</xref> link in the left pane. </chdesc>
</chrow>
<chrow>
<choption>View the ways in which an expert has been involved in various cases</choption>
<chdesc>Select a link from the <xref href="lpsviewexpertcaseinvolvement_hdi.xml" scope="peer">Case Involvement</xref> section of the left pane.</chdesc>
</chrow>
<chrow>
<choption>View the publications in which an expert has been published</choption>
<chdesc>Select a link from the <xref href="lpsviewpublications_hdi.xml" scope="peer">Publications</xref> section of the left pane.</chdesc>
</chrow>
<chrow>
<choption>View different news stories in which an expert has been named</choption>
<chdesc>Select a link from the <xref href="lpsviewnews_hdi.xml" scope="peer">In the News</xref> section of the left pane.</chdesc>
</chrow>
<chrow>
<choption>View additional search results from the World Wide Web and <ph keyref="company"/> sources</choption>
<chdesc>Select the <xref href="lpssearchlexisweb_hdi.xml" scope="peer">Web</xref> link in the left pane.</chdesc>
</chrow>
</choicetable>
</step>
</steps>

<!--result><note type="note" conref="lpsaboutexpertreports_cpt.xml#aboutexpertreports_cpt/ewid"/></result-->
	</taskbody>
</task>