<?xml version="1.0" encoding="UTF-8"?>
<!DOCTYPE task PUBLIC "-//IBM//DTD DITA Composite//EN" "c:/dtd/ditabase.dtd">
<task id="lpsviewindividualjudge_hdi" audience="lps"  otherprops="lpsprofileresults">
	<title>How do I view  <ph keyref="lpsnamefirst"/> reports of individual judges?</title>	
	<prolog>
		<author>Christina</author>
		<copyright>
			<copyryear year="2010"/>
			<copyrholder>Lexisnexis</copyrholder>
		</copyright>
		<critdates>
			<created date="2010-11-22"/>
		</critdates>
		<metadata>	
			<prodinfo>
				<prodname>Lexis Advance</prodname>
				<vrmlist>
					<vrm version="1"/>
				</vrmlist>
			</prodinfo>
		</metadata>
	</prolog>
	<taskbody>
		<context>
		<p>Once you find  a judge using <ph keyref="lpsnamefirst"/>, you can select his or her name in the search results list and view the information that is available for that judge. Information might include ways in which the judge was involved in a case, any publications in which the judge has been published, or news articles in which the judge has been mentioned.</p>	
		<p>To do this:</p>
</context>

<steps>
<step>
				<cmd>Complete your search for a judge. (Search either by <xref href="lpssearchforjudge_hdi.xml" scope="peer">name</xref> or by <xref href="lpssearchforjudgejurisdiction_hdi.xml" scope="peer">jurisdiction</xref>.)</cmd>
			</step>
<step><cmd>At the search results page, select the judge's name. That judge's report is opened.</cmd></step>
<step><cmd>Once you are viewing the report, complete any of the following steps:</cmd>
<choicetable>
<chhead>
<choptionhd>To ...</choptionhd>
<chdeschd>Do This</chdeschd>
</chhead>
<chrow>
<choption>View an overview of all the information available for the judge</choption>
<chdesc>Click the <xref href="lpsviewjudgeoverview_hdi.xml" scope="peer">Snapshot</xref> link. </chdesc>
</chrow>
<chrow>
<choption>View the ways in which a judge has been involved in various cases</choption>
<chdesc>Choose an option from the <xref href="lpsviewjudgerulinghistory_hdi.xml" scope="peer">Ruling History</xref> section of the left pane.</chdesc>
</chrow>
<chrow>
<choption>View the publications in which a judge has been published</choption>
<chdesc>Choose an option from the <xref href="lpsviewpublications_hdi.xml" scope="peer">Publications</xref> section of the left pane.</chdesc>
</chrow>
<chrow>
<choption>View different news stories in which a judge has been named</choption>
<chdesc>Choose an option from the <xref href="lpsviewnews_hdi.xml" scope="peer">In the News</xref> section of the left pane.</chdesc>
</chrow>
<chrow>
<choption>View additional search results from the World Wide Web and <ph keyref="company"/> sources</choption>
<chdesc>Click the <xref href="lpssearchlexisweb_hdi.xml" scope="peer">Web</xref> link in the left pane.</chdesc>
</chrow></choicetable></step></steps>
<!--<result>
<note type="note">
<ul>
<li>Additionally, <ph keyref="company"/> uses different search connectors (e.g., <userinput>judge and first w/2</userinput> or <userinput>NAME(first w/2 last)</userinput>) to find information about the judge you are researching. To focus your search further, especially for judges with more common names, use a post-search filter. For a complete list of the different search algorithms used, see <xref href="lpsjudgesources_ref.xml" scope="peer"/>.</li>
<li>To build and maintain its extensive list of judges, <ph keyref="company"/> pulls data from both national and state judge listings. However, if you do not find the judge for which you are searching, please contact Customer Support at 1-800-543-6862.</li></ul>
</note></result>-->

	</taskbody>
</task>