<?xml version="1.0" encoding="UTF-8"?>
<!DOCTYPE task PUBLIC "-//IBM//DTD DITA Composite//EN" "c:/dtd/ditabase.dtd">
<task id="lpsviewcv_hdi" audience="lps"  otherprops="lpsprofileresults">
	<title>How do I view the expert witness' curriculum vitae?</title>	
	<prolog>
		<author>Christina</author>
		<copyright>	
			<copyryear year="2010"/>
			<copyrholder>Lexisnexis</copyrholder>
		</copyright>
		<critdates>
			<created date="2010-11-22"/>
		</critdates>
		<metadata>
			<prodinfo>
				<prodname>Lexis Advance</prodname>
				<vrmlist>
					<vrm version="1"/>
				</vrmlist>
			</prodinfo>
		</metadata>
	</prolog>
	<taskbody>
	<context>
	<p>Using <ph keyref="lpsnamefirst"/>, you can view an expert witness' curriculum vitae, which contains a description of his or her educational background, work experience, associations, awards, and so forth. This can augment the background information available for the expert witness.</p>
	<p>To view the CV:</p>
	</context>
	<steps>	
	<step><cmd>Complete your search for an expert witness. (Search either by <xref href="lpssearchforexpert_hdi.xml" scope="peer">name</xref> or by <xref href="lpssearchforareaofexpertise_hdi.xml" scope="peer">area of expertise</xref>.)</cmd>
			</step>
<step><cmd>At the results page, select the expert's name. That expert's report is opened.</cmd></step>
	<step><cmd>Choose the <uicontrol>Snapshot</uicontrol> link in the left-side pane. An overview of the expert witness' profile appears.</cmd></step>	
	<step><cmd>In the box containing the contact information, select the <uicontrol>View all Curriculum Vitae</uicontrol> link. A list of curricula vitae appears.</cmd></step>
	<step><cmd>Select the link for the CV you want to view. The document appears.</cmd>
	<info><note type="note">To either save the CV to a folder or Dropbox, or to print, download, or email a CV, select the appropriate delivery icon. (If you are viewing a results list of available CVs, first select the CVs you want to deliver before selecting the delivery option.)</note></info></step>
	</steps>

</taskbody>
</task>