<?xml version="1.0" encoding="UTF-8"?>
<!DOCTYPE task PUBLIC "-//IBM//DTD DITA Composite//EN" "c:/dtd/ditabase.dtd">
<task id="lpsviewattorneyoverview_hdi" audience="lps" otherprops="lpsprofileresults">
	<title>How do I view a snapshot of an attorney's profile using <ph keyref="lpsnamefirst"/>?</title>	
	<prolog>
		<author>Christina</author>	
		<copyright>
			<copyryear year="2010"/>
			<copyrholder>Lexisnexis</copyrholder>
		</copyright>
		<critdates>
			<created date="2010-11-22"/>
		</critdates>
		<metadata>		
			<prodinfo>
				<prodname>Lexis Advance</prodname>
				<vrmlist>
					<vrm version="1"/>
				</vrmlist>
			</prodinfo>
		</metadata>
	</prolog>
	<taskbody>
	<context>
	<p>In <ph keyref="lpsnamefirst"/>, the Snapshot page of an attorney's profile shows a summary of the attorney's case history (including dockets and outcomes), case opinions, publications, and news articles in which the attorney has been involved or has been mentioned. Using the Snapshot report, you can quickly review the content available for the attorney, and then use the links on the page or the left side of the page to focus on the particular details. In short, the Snapshot page provides a quick glance at what's available, but provides options for examining the full set of results. </p>
	<p>To view a summary of the attorney's profile:</p>
	</context>
	<steps>
	<step>
	<cmd>Complete your search for an attorney. (Search either by <xref href="lpssearchforattorney_hdi.xml" scope="peer">attorney name</xref> or by <xref href="lpssearchforattorneyjurisdiction_hdi.xml" scope="peer">jurisdiction</xref>.)</cmd>
			</step>
<step><cmd>At the search results page, select the attorney's name. That attorney's report is displayed.</cmd></step>
	<step><cmd>If it's not already showing, select the <uicontrol>Snapshot</uicontrol> link in the left-side pane. A summary of the attorney's profile appears:</cmd>
	<info><note type="note">While viewing the <uicontrol>Snapshot</uicontrol> page, you can select any of the links provided to view that specific type of information.</note></info>
	<choices>
	<choice>Biographical information for the attorney appears at the top of the page.</choice>
	<choice><xref href="lpsworkwithgraphs_hdi.xml" scope="peer">Graphs</xref> showing a visual representation of how an attorney has been involved in various cases appear in the <uicontrol>Practice History</uicontrol> pods. </choice>
	<choice>Documents associated with the different aspects of any attorney's practice are listed in other <uicontrol>Practice History</uicontrol> pods. Jury verdicts and settlements, cases, administrative materials, briefs, pleadings, motions, jury instructions, and expert witness analysis also appear in the <xref href="lpsviewattorneypracticehistory_hdi.xml" scope="peer">Practice History</xref> pods.</choice>
	<choice>Different publications attributed to the attorney or in which the attorney has been listed appear in the <xref href="lpsviewpublications_hdi.xml" scope="peer">Publications</xref> pods.</choice>
	<choice>News articles (including regular, legal, and Mealey's&#153;) in which the attorney has been named appear in the <xref href="lpsviewnews_hdi.xml" scope="peer">In the News</xref> pods.</choice>
	<choice>Additional search results from both <i>lexis.com&#174;</i> and the Web appear in the <xref href="lpssearchlexisweb_hdi.xml" scope="peer">Web</xref> pod.</choice>
	</choices>	
	</step>	
	</steps>
</taskbody>
</task>