<?xml version="1.0" encoding="UTF-8"?>
<!DOCTYPE task PUBLIC "-//IBM//DTD DITA Composite//EN" "c:/dtd/ditabase.dtd">
<task id="lpsviewnews_hdi" audience="lps"  otherprops="lpsprofileresults">
	<title>How do I view news articles in which an expert witness, judge, or attorney has been mentioned?</title>	
	<prolog>
		<author>Christina</author>
		<copyright>
			<copyryear year="2010"/>
			<copyrholder>Lexisnexis</copyrholder>
		</copyright>
		<critdates>
			<created date="2010-11-22"/>
		</critdates>
		<metadata>
			<prodinfo>
				<prodname>Lexis Advance</prodname>
				<vrmlist>
					<vrm version="1"/>
				</vrmlist>
			</prodinfo>
		</metadata>
	</prolog>
	<taskbody>
<context>
<p>Often, expert witnesses, judges, and attorneys are mentioned in different types of news articles. You can view a list of these articles using <ph keyref="lpsnamefirst"/>. </p>
<p>To do this:</p>
</context>

<steps>	
				<step><cmd>Complete your search for an <xref href="lpssearchforexpert_hdi.xml" scope="peer">expert witness</xref>, <xref href="lpssearchforjudge_hdi.xml" scope="peer">judge</xref>, or <xref href="lpssearchforattorney_hdi.xml" scope="peer">attorney</xref>. </cmd></step>
<step><cmd>At the search results page, select the name of the profile you want to view. That person's report is opened.</cmd></step>
	<step><cmd>From the <uicontrol>In the News</uicontrol> section in the left pane, select the link for the type of news articles you want to view.</cmd></step>
	<step><cmd>Review the list of news articles and select the link for the article you want to read.</cmd>
	<info><note type="note">While viewing the In the News page, you can <xref href="lpsfilterreports_hdi.xml" scope="peer">filter the information you are viewing</xref>. </note></info>
	</step>
	</steps>
			</taskbody>
</task>