<?xml version="1.0" encoding="UTF-8"?>
<!DOCTYPE task PUBLIC "-//IBM//DTD DITA Composite//EN" "c:/dtd/ditabase.dtd">
<task id="lpsviewindividualattorney_hdi" audience="lps" otherprops="lpssearchresults">
	<title>How do I view <ph keyref="lpsnamefirst"/> reports of individual attorneys?</title>	
	<prolog>
		<author>Christina</author>
		<copyright>
			<copyryear year="2010"/>
			<copyrholder>Lexisnexis</copyrholder>
		</copyright>
		<critdates>
			<created date="2010-11-22"/>
		</critdates>
		<metadata>
			<prodinfo>
				<prodname>Lexis Advance </prodname>
				<vrmlist>
					<vrm version="1"/>
				</vrmlist>
			</prodinfo>
		</metadata>
	</prolog>
	<taskbody>
		<context>
		<p>Once you find an attorney using <ph keyref="lpsnamefirst"/>, you can select his or her name in the search results list and <xref href="lpsaboutattorneyreports_cpt.xml" scope="peer">view the information that is available for that lawyer</xref>. Information might include cases that have been on the attorney's docket, any publications in which the attorney has been published, or news articles in which the attorney has been mentioned.</p>
		<p>To do this:</p>
</context>

<steps>
<step>
				<cmd>Complete your search for an attorney. (Search either by <xref href="lpssearchforattorney_hdi.xml" scope="peer">name</xref> or by <xref href="lpssearchforattorneyjurisdiction_hdi.xml" scope="peer">location</xref>.)</cmd>
			</step>
<step><cmd>At the search results page, select the attorney's name. That attorney's report is opened.</cmd></step>
<step><cmd>Once you are viewing the report, complete any of the following steps:</cmd>
<choicetable>
<chhead>
<choptionhd>To ...</choptionhd>
<chdeschd>Do This</chdeschd>
</chhead>
<chrow>
<choption>View an overview of all the information available for the attorney</choption>
<chdesc>Click the <xref href="lpsviewattorneyoverview_hdi.xml" scope="peer">Snapshot</xref> link in the left pane. </chdesc>
</chrow>

<chrow>
<choption>View the ways in which an attorney has been involved in various cases</choption>
<chdesc>Choose an option from the <xref href="lpsviewattorneypracticehistory_hdi.xml" scope="peer">Practice History</xref> section of the left pane.</chdesc>
</chrow>
<chrow>
<choption>View the publications in which an attorney has been published</choption>
<chdesc>Choose an option from the <xref href="lpsviewpublications_hdi.xml" scope="peer">Publications</xref> section of the left pane.</chdesc>
</chrow>
<chrow>
<choption>View different news stories in which an attorney has been named</choption>
<chdesc>Choose an option from the <xref href="lpsviewnews_hdi.xml" scope="peer">In the News</xref> section of the left pane.</chdesc>
</chrow>
<chrow>
<choption>View additional search results from the World Wide Web and <ph keyref="company"/> sources</choption>
<chdesc>Click the <xref href="lpssearchlexisweb_hdi.xml" scope="peer">Web</xref> link in the left pane.</chdesc>
</chrow>
</choicetable>
</step>
</steps>

<!--<result><note type="note"><ph keyref="company"/> uses various search algorithms for finding information about the person you are researching. Some content types are searched using a connector search (e.g., <userinput>attorney and first w/2 last</userinput> or <userinput>NAME(first w/2 last)</userinput>. Other content types are mapped using <ph keyref="companyfirst"/> proprietary linking technology. To focus your search further, especially for attorneys with more common names, use a post-search filter. For a complete list of the different search algorithms used, see <xref href="lpsattorneysources_ref.xml" scope="peer"/>. </note>
</result>-->
	</taskbody>
</task>