<?xml version="1.0" encoding="UTF-8"?>
<!DOCTYPE task PUBLIC "-//IBM//DTD DITA Composite//EN" "c:/dtd/ditabase.dtd">
<task id="lpsviewhistory_hdi" audience="exclude">
<!--Removing (excluding) because LA has a global history option. -->
	<title>How do I view a history of past searches?</title>
		<prolog>
		<author>Christina</author>		
		<copyright>
			<copyryear year="2010"/>
			<copyrholder>Lexisnexis</copyrholder>
		</copyright>
		<critdates>
			<created date="2010-10-07"/>
		</critdates>
		<metadata>		
			<prodinfo>
				<prodname>Lexis Advance</prodname>
				<vrmlist>
					<vrm version="1"/>
				</vrmlist>
			</prodinfo>
		</metadata>
	</prolog>
	<taskbody>
		<context>
			<p><ph keyref="lpsnamefirst"/> keeps a record of your searches for 24 hours from the time you performed your initial search. You can view these past searches during this time period without incurring additional charges.</p>
<p>To do this:</p>
</context>
<steps>
<step>
<cmd>In the global navigation area, choose <uicontrol>History</uicontrol> from the <uicontrol>My Workspace</uicontrol> drop-down list. The History tab appears.</cmd></step>
<step><cmd>Review the list of past searches and select the link for the search or profile you want to view. The search is rerun and the report is displayed.</cmd></step>
</steps>
<postreq>
<note type="note">When accessing historical searches, if the client ID you are using doesn't match the client ID associated with the original search, you can choose to either review the search using the current client ID, or review the search using the original client ID.</note></postreq>
	</taskbody>
</task>