<?xml version="1.0" encoding="UTF-8"?>
<!DOCTYPE task PUBLIC "-//IBM//DTD DITA Composite//EN" "c:/dtd/ditabase.dtd">
<task id="lpsviewexpertcaseinvolvement_hdi" audience="lps" otherprops="lpsprofileresults">
	<title>How do I view the ways an expert witness has been involved in cases?</title>	
	<prolog>
		<author>Christina</author>		
		<copyright>
			<copyryear year="2010"/>
			<copyrholder>Lexisnexis</copyrholder>
		</copyright>
		<critdates>
			<created date="2010-11-22"/>
		</critdates>
		<metadata>		
			<prodinfo>
				<prodname>Lexis Advance</prodname>
				<vrmlist>
					<vrm version="1"/>
				</vrmlist>
			</prodinfo>
		</metadata>
	</prolog>
	<taskbody>
	<context>
	<p>While viewing a particular expert witness using <ph keyref="lpsnamefirst"/>, you can view the different ways he or she has been involved in various cases. For example, you can view charts that show which parties retained the expert witness and how the cases were resolved, cite lists that describe the outcome of each case, opinions issued by judges associated with the case, and so forth.</p>
	<note type="note">While viewing the different sections of the Case Involvement page, you can <xref href="lpsfilterreports_hdi.xml" scope="peer">filter your search results</xref> to further refine the information you are viewing.</note>
	<p>To do this:</p>
	</context>
	<steps>
	<step><cmd>Complete your search for an expert witness. (Search either by <xref href="lpssearchforexpert_hdi.xml" scope="peer">name</xref> or by <xref href="lpssearchforareaofexpertise_hdi.xml" scope="peer">area of expertise</xref>.)</cmd>
	</step>
	<step><cmd>At the search results page, select the expert's name. That expert's report is opened.</cmd></step>
	<step><cmd>In the <uicontrol>Case Involvement</uicontrol> section of the left pane, choose the option you want to explore:</cmd>
	<choicetable>
	<chhead>
	<choptionhd>To...</choptionhd>
	<chdeschd>Do This</chdeschd>
	</chhead>
	
	<chrow>
	<choption>View a <xref href="lpsvsgraphs_ref.xml" scope="peer">chart or graph</xref> that describes the expert witness' involvement in a case</choption>
	<chdesc>Select the <uicontrol>Jury Verdicts &amp; Settlements</uicontrol> link.</chdesc>
	</chrow>		
	
	<chrow>
	<choption>View different analyses for the expert witness</choption>
	<chdesc>Select the <uicontrol>Expert Witness Analysis</uicontrol> link.</chdesc>
	</chrow>			
	
		<chrow>
	<choption>View a list of cases in which the expert witness was involved</choption>
	<chdesc>Select the <uicontrol>Cases</uicontrol> link.</chdesc>
	</chrow>	

	<chrow>
	<choption>View briefs, motions, or pleadings which reference the expert</choption>
	<chdesc>Select the <uicontrol>Briefs, Pleadings, and Motions</uicontrol> link.</chdesc>
	</chrow>	
	</choicetable>
	</step>
	<step><cmd>Once the results for the Case Involvement category you want to view appear, select the link for the specific document you want to view. The document appears.</cmd></step>
	</steps>
</taskbody>
</task>