<?xml version="1.0" encoding="UTF-8"?>
<!DOCTYPE task PUBLIC "-//IBM//DTD DITA Composite//EN" "c:/dtd/ditabase.dtd">
<task id="lpsviewjudgeoverview_hdi" audience="lps" otherprops="lpsprofileresults">
	<title>How do I view a snapshot of the judge's profile using <ph keyref="lpsnamefirst"/>?</title>	
	<prolog>
		<author>Christina</author>		
		<copyright>
			<copyryear year="2010"/>
			<copyrholder>Lexisnexis</copyrholder>
		</copyright>
		<critdates>
			<created date="2010-11-22"/>
		</critdates>
		<metadata>
			<prodinfo>
				<prodname>Lexis Advance</prodname>
				<vrmlist>
					<vrm version="1"/>
				</vrmlist>
			</prodinfo>
		</metadata>
	</prolog>
	<taskbody>
	<context>			
	<p>In <ph keyref="lpsnamefirst"/>, the <uicontrol>Snapshot</uicontrol> page of a judge's profile shows a summary of how the judge has ruled, the types of cases he or she has presided over, case opinions, publications, and news articles in which the judge has been involved or has been mentioned. Using the Snapshot report, you can quickly review the content available for the judge, and then use the links on the page to focus on the particular details. In short, the Snapshot page provides a quick glance at what's available, but provides options for examining the full set of results. </p>
	<p>To view a summary of the judge's profile:</p>
	</context>
	<steps>
	<step>
	<cmd>Complete your search for a judge. (Search either by <xref href="lpssearchforjudge_hdi.xml" scope="peer">judge name</xref> or by <xref href="lpssearchforjudgejurisdiction_hdi.xml" scope="peer">jurisdiction</xref>.)</cmd>
			</step>
<step><cmd>At the search results list, select the judge's name. That judge's report is opened.</cmd></step>
	<step><cmd>Click the <uicontrol>Snapshot</uicontrol> link in the left pane. A summary of the judge's profile appears:</cmd>
	<info><note type="note">While viewing the <uicontrol>Snapshot</uicontrol> page, you can select any of the links provided to view that specific type of information.</note></info>
	<choices>
	<choice>Biographical information (such as jurisdictions and education) for the judge appears in the top section of the page.</choice>
	<choice><xref href="lpsworkwithgraphs_hdi.xml" scope="peer">Graphs</xref> showing a visual representation of how a judge has been involved in the courts appear in the <uicontrol>Ruling History</uicontrol> boxes. </choice>	
	<choice>Different publications attributed to the judge or in which the judge has been listed appear in the different <xref href="lpsviewpublications_hdi.xml" scope="peer">Publications</xref> boxes.</choice>
	<choice>New articles (including regular, legal, and Mealey's&#153;) in which the judge has been named appear in the different <xref href="lpsviewnews_hdi.xml" scope="peer">In the News</xref> boxes.</choice>
	<choice>Additional search results from both <i>lexis.com&#174; </i> and Lexis&#xAE; Web appear in the <xref href="lpssearchlexisweb_hdi.xml" scope="peer">Web</xref> box.</choice>
	</choices>	
	</step>	
	</steps>
	<result><note type="note">If you are a judge reviewing your own profile and the biographical information about you is out of date or incorrect, please call Customer Support at 1-800-543-6862.</note></result>
</taskbody>
</task>