<?xml version="1.0" encoding="UTF-8"?>
<!DOCTYPE task PUBLIC "-//IBM//DTD DITA Composite//EN" "c:/dtd/ditabase.dtd">
<task id="lpsviewjudgerulinghistory_hdi" audience="lps" otherprops="lpsprofileresults">
	<title>How do I view the ways an attorney has been involved in various cases using <ph keyref="lpsnamefirst"/>?</title>	
	<prolog>
		<author>Christina</author>		
		<copyright>
			<copyryear year="2010"/>
			<copyrholder>Lexisnexis</copyrholder>
		</copyright>
		<critdates>
			<created date="2010-11-22"/>
		</critdates>
		<metadata>		
			<prodinfo>
				<prodname>Lexis Advance</prodname>
				<vrmlist>
					<vrm version="1"/>
				</vrmlist>
			</prodinfo>
		</metadata>
	</prolog>
	<taskbody>
	<context>
	<p>While viewing a particular attorney using <ph keyref="lpsnamefirst"/>, you can view the different ways he or she has been involved with various cases. For example, you can view the attorney's case docket, categorized by party, jurisdiction, and so forth. You can also view verdicts and settlements, case opinions, and agency decisions (both federal and state), just to name a few.</p>
	<note type="note">While viewing the different sections of the Practice History page, you can <xref href="lpsfilterreports_hdi.xml" scope="peer">filter your search results</xref> to further refine the information you are viewing.</note>
	<p>To view an attorney's practice history:</p>
	</context>
	<steps>		
					<step><cmd>Complete your search for an attorney. (Search either by <xref href="lpssearchforattorney_hdi.xml" scope="peer">name</xref> or by <xref href="lpssearchforattorneyjurisdiction_hdi.xml" scope="peer">location</xref>.)</cmd>
			</step>
<step><cmd>At the search results page, select the attorney's name. That attorney's report is opened.</cmd></step>
	<step><cmd>In the <uicontrol>Practice History</uicontrol> section in the left pane, select the option you want to explore:</cmd>
	
	<choicetable>
	<chhead>
	<choptionhd>To...</choptionhd>
	<chdeschd>Do This</chdeschd>
	</chhead>

	<chrow>
	<choption><xref href="lpsworkwithgraphs_hdi.xml" scope="peer">View charts or graphs</xref> that describes the attorney's involvement in various cases</choption>
	<chdesc>Select <uicontrol>Dockets</uicontrol>.</chdesc>
	</chrow>

	<chrow>
	<choption><xref href="lpsworkwithgraphs_hdi.xml" scope="peer">View charts or graphs</xref> that describes how cases the attorney worked on were resolved</choption>
	<chdesc>Select <uicontrol>Jury Verdicts &amp; Settlements</uicontrol>.</chdesc>
	</chrow>
	
	<chrow>
	<choption>View cases the attorney has been involved with</choption>
	<chdesc>Select <uicontrol>Cases</uicontrol>.</chdesc>
	</chrow>
	
	<chrow>
	<choption>View administrative documents associated with the attorney</choption>
	<chdesc>Select <uicontrol>Administrative Materials</uicontrol>.</chdesc>
	</chrow>
	
	<chrow>
	<choption>View briefs, pleadings, and motions associated with the attorney</choption>
	<chdesc>Select <uicontrol>Briefs, Pleadings, and Motions</uicontrol>.</chdesc>
	</chrow>
		
	<chrow>
	<choption>View sets of jury instructions with which the attorney is associated</choption>
	<chdesc>Select <uicontrol>Jury Instructions</uicontrol>.</chdesc>
	</chrow>
	
	<chrow>
	<choption>View analytical details about cases from an expert witness's point of view</choption>
	<chdesc>Select <uicontrol>Expert Witness Analysis</uicontrol>.</chdesc>
	</chrow>
	</choicetable>	
	</step>

	<step><cmd>Once the results for the Practice History category you want to view appear, select the link for the specific document you want to view. The document appears for you to view.</cmd></step>
	</steps>

</taskbody>
</task>