<?xml version="1.0" encoding="UTF-8"?>
<!DOCTYPE task PUBLIC "-//IBM//DTD DITA Composite//EN" "c:/dtd/ditabase.dtd">
<task id="lpsviewpublications_hdi" audience="lps" otherprops="lpsprofileresults">
	<title>How do I view a list of documents in which an expert witness, judge, or attorney has been published?</title>	
	<prolog>
		<author>Christina</author>		
		<copyright>
			<copyryear year="2010"/>
			<copyrholder>Lexisnexis</copyrholder>
		</copyright>
		<critdates>
			<created date="2010-11-22"/>
		</critdates>
		<metadata>		
			<prodinfo>
				<prodname>Lexis Advance</prodname>
				<vrmlist>
					<vrm version="1"/>
				</vrmlist>
			</prodinfo>
		</metadata>
	</prolog>
	<taskbody>
		<context>
		<p>Using <ph keyref="lpsnamefirst"/>, you can view the different professional journals in which an expert witness, judge, or attorney has been published. You can also view any patents which he or she may have filed as well as view a listing of professional directories in which the person has been listed.</p>
		<note type="note">While viewing the Publications page, you can <xref href="lpsfilterreports_hdi.xml" scope="peer">filter the information you are viewing</xref>.</note>
		<p>To view the different publications for a profile:</p>
		</context>
		<steps>						
				<step><cmd>Complete your search for an <xref href="lpssearchforexpert_hdi.xml" scope="peer">expert witness</xref>, <xref href="lpssearchforjudge_hdi.xml" scope="peer">judge</xref>, or <xref href="lpssearchforattorney_hdi.xml" scope="peer">attorney</xref>. </cmd></step>
<step><cmd>At the search results page, select the person's name. That person's report is opened.</cmd></step>
	<step><cmd>In the <uicontrol>Publications</uicontrol> section on the left side, select the type of publication you want to view from the list of options.</cmd>
		<stepresult>Depending on which option you chose in this step, a list of publications appears.</stepresult>
	</step>
	<step><cmd>Review the list and select the link for the document you want to read.</cmd></step>
	</steps>
	</taskbody>
</task>