<?xml version="1.0" encoding="UTF-8"?>
<!DOCTYPE task PUBLIC "-//IBM//DTD DITA Composite//EN" "c:/dtd/ditabase.dtd">
<task id="lpsviewjudgerulinghistory_hdi" audience="lps" otherprops="lpsprofileresults">
	<title>How do I view the ways a judge has been involved in the courts using <ph keyref="lpsnamefirst"/>?</title>	
	<prolog>
		<author>Christina</author>	
		<copyright>
			<copyryear year="2010"/>
			<copyrholder>Lexisnexis</copyrholder>
		</copyright>
		<critdates>
			<created date="2010-11-22"/>
		</critdates>
		<metadata>
			<prodinfo>
				<prodname>Lexis Advance</prodname>
				<vrmlist>
					<vrm version="1"/>
				</vrmlist>
			</prodinfo>
		</metadata>
	</prolog>
	<taskbody>
	<context>
	<p>While viewing a particular judge using <ph keyref="lpsnamefirst"/>, you can view the different ways he or she has been involved within the court system. For example, you can view the judge's docket, categorized by cases per year, cases by area of law, and so forth. You can also view case opinions, agency decisions (both federal and state), and jury instructions, just to name a few.</p>
	<note type="note">While viewing the different sections of the Ruling History page, you can <xref href="lpsfilterreports_hdi.xml" scope="peer">filter your search results</xref> to further refine the information you are viewing.</note>
	<p>To do this:</p>
	</context>
		
	<steps>
					<step><cmd>Complete your search for a judge. (Search either by <xref href="lpssearchforjudge_hdi.xml" scope="peer">name</xref> or by <xref href="lpssearchforjudgejurisdiction_hdi.xml" scope="peer">jurisdiction</xref>.)</cmd>
			</step>
<step><cmd>At the search results page, select the judge's name. That judge's report is opened.</cmd></step>
	<step><cmd>In the <uicontrol>Ruling History</uicontrol> section of the left pane, select the option you want to explore:</cmd>
	<choicetable>
	<chrow>
	<choption>To <xref href="lpsworkwithgraphs_hdi.xml" scope="peer">view charts or graphs</xref> that describes the judge's involvement in various court proceedings</choption>
	<chdesc>Select <uicontrol>Dockets</uicontrol>.</chdesc>
	</chrow>

	<chrow>
	<choption>To view a <xref href="lpsworkwithgraphs_hdi.xml" scope="peer">chart or graph</xref> that describes how cases the judge presided over were resolved</choption>
	<chdesc>Select <uicontrol>Jury Verdicts &amp; Settlements</uicontrol>.</chdesc>
	</chrow>


<chrow>
	<choption>To view opinions the judge has issued on various cases</choption>
	<chdesc>Select <uicontrol>Cases</uicontrol>.</chdesc>
	</chrow>


<chrow>
	<choption>To view administrative decisions in which the judge has been involved</choption>
	<chdesc>Select <uicontrol>Admininstrative Materials</uicontrol>. You can choose between viewing federal and state decisions.</chdesc>
	</chrow>

	<chrow>
	<choption>To view briefs, motions, and pleadings associated with the case</choption>
	<chdesc>Select <uicontrol>Briefs, Pleadings, and Motions</uicontrol>.</chdesc>
	</chrow>


<chrow>
	<choption>To view any legal rules the judge issued for jury members who heard a particular case</choption>
	<chdesc>Select <uicontrol>Jury Instructions</uicontrol>.</chdesc>
	</chrow>

	<chrow>
	<choption>To view analytical details about cases from an expert witness's point of view</choption>
	<chdesc>Select <uicontrol>Expert Witness Analysis</uicontrol>.</chdesc>
	</chrow></choicetable></step>
	<step><cmd>Once the results for the Ruling History category you want to view appear, select the link for the specific document you want to view. The document appears for you to view.</cmd></step>
	</steps>
	</taskbody>
</task>