<?xml version="1.0" encoding="UTF-8"?>
<!DOCTYPE task PUBLIC "-//IBM//DTD DITA Composite//EN" "c:/dtd/ditabase.dtd">
<task id="lpsviewexpertoverview_hdi" audience="lps" otherprops="lpsprofileresults">
	<title>How do I view a snapshot of an expert witness' profile using <ph keyref="lpsnamefirst"/>?</title>	
	<prolog>
		<author>Christina</author>		
		<copyright>
			<copyryear year="2010"/>
			<copyrholder>Lexisnexis</copyrholder>
		</copyright>
		<critdates>
			<created date="2010-11-22"/>
		</critdates>
		<metadata>		
			<prodinfo>
				<prodname>Lexis Advance</prodname>
				<vrmlist>
					<vrm version="1"/>
				</vrmlist>
			</prodinfo>
		</metadata>
	</prolog>
	<taskbody>
	<context>
	<p>The <uicontrol>Snapshot</uicontrol> page of <ph keyref="lpsnamefirst"/> shows a summary of the different cases, publications, and news articles in which an expert witness has been involved or has been mentioned. Using the overview, you can quickly review the top content available for the expert witness, and then use the links on the page or the links in the left-side pane to focus on the full details. In short, the Snapshot provides a quick glance at what's available, but provides options for examining the full set of results. </p>
	<p>To view a summary of the expert witness' profile:</p>
	</context>
	<steps>
	<step>
	<cmd>Complete your search for an expert witness. (Search either by <xref href="lpssearchforexpert_hdi.xml" scope="peer">name</xref> or by <xref href="lpssearchforareaofexpertise_hdi.xml" scope="peer">area of expertise</xref>.)</cmd>
			</step>
<step><cmd>At the search results page, select the expert's name. That expert's report is opened.</cmd></step>
	<step><cmd>Click the <uicontrol>Snapshot</uicontrol> link in the left pane. A summary of the expert witness' profile appears:</cmd>
	<info><note type="note">While viewing the <uicontrol>Snapshot</uicontrol> page, you can select any of the links provided to view that specific type of information.</note></info>
	<choices>
	<choice>Contact information for the expert witness appears in the top section of the page.</choice>
	<choice>Graphs showing a visual representation of how an expert witness has been involved in various cases appear in the <xref href="lpsworkwithgraphs_hdi.xml" scope="peer">Case Involvement</xref> boxes. </choice>	
	<choice>Different publications attributed to the expert witness or in which the expert witness has been listed appear in the <xref href="lpsviewpublications_hdi.xml" scope="peer">Publications</xref> boxes.</choice>
	<choice>New articles (including regular, legal, and Mealey's&#153;) in which the expert witness has been named appear in the <xref href="lpsviewnews_hdi.xml" scope="peer">In the News</xref> boxes.</choice>
	<choice>Additional search results from both <i>lexis.com&#174; </i> and the Web appear in the <xref href="lpssearchlexisweb_hdi.xml" scope="peer">Web</xref> box.</choice>
	</choices>	
	</step>	
	</steps>
</taskbody>
</task>