<?xml version="1.0" encoding="UTF-8"?>
<!DOCTYPE task PUBLIC "-//IBM//DTD DITA Composite//EN" "c:/dtd/ditabase.dtd">
<task id="lpsviewcitelist_hdi" audience="exclude">
	<title>How do I view individual documents for a <ph keyref="lpsnamefirst"/> profile?</title>
	<prolog>
		<author>Christina</author>		
		<copyright>
			<copyryear year="2010"/>
			<copyrholder>Lexisnexis</copyrholder>
		</copyright>
		<critdates>
			<created date="2010-12-10"/>
		</critdates>
		<metadata>		
			<prodinfo>
				<prodname>Lexis Advance</prodname>
				<vrmlist>
					<vrm version="1"/>
				</vrmlist>
			</prodinfo>
		</metadata>
	</prolog>
	<taskbody>
		<context>
			<p>One of the core features of <ph keyref="lpsnamefirst"/> is the ability to view case documents in which the expert witness, judge, or attorney has been involved. These documents typically contain information about the case or docket, which might include plaintiff and defendant names, expert witness names, case topics, descriptions, and summaries. They can provide a quick snapshot of the parties involved in a case.</p>
			<p>To view profile documents:</p>
		</context>		
		<steps>			
			<step><cmd>Complete your search for an <xref href="lpssearchforexpert_hdi.xml" scope="peer">expert witness</xref>, <xref href="lpssearchforjudge_hdi.xml" scope="peer">judge</xref>, or <xref href="lpssearchforattorney_hdi.xml" scope="peer">attorney</xref>. </cmd></step>
			<step>
				<cmd>At the results list, select the name for the profile you want to view. The report for that person appears.</cmd>
				<info>
					<note type="note">
					<ul>
					<li>If there are multiple pages of cases to view in your results list, select the right or left arrows (located at the bottom of the results list) to move through the pages. To alphanumerically sort the information in the table, choose your sorting option from the <uicontrol>Sort by</uicontrol> drop-down list.</li>
					<li>You can also view the Cite List by selecting the <uicontrol>View all verdict graphs</uicontrol> link (for expert witnesses, judges, and attorneys) or the <uicontrol>View all docket graphs</uicontrol> link (for judges and attorneys), located in the upper-right corner of the graphs.</li></ul></note>
				</info>
			</step>
			<step>
				<cmd>Click a link, based on the type of profile you are viewing:</cmd>
				<choices>
				<choice>If you are viewing an expert witness profile, select a link in the <uicontrol>Case Involvement</uicontrol> pod.</choice>
				<choice>If you are viewing a judge profile, select a link in the <uicontrol>Ruling History</uicontrol> pod. </choice>
				<choice>If you are viewing an attorney profile, select a link in the <uicontrol>Practice History</uicontrol> pod.</choice></choices>

			</step>
			<step>
				<cmd>Review the list of cases and select the link for the case you want to view.</cmd>				
			</step>
		</steps>
		
	</taskbody>
</task>