<?xml version="1.0" encoding="UTF-8"?>
<!DOCTYPE task PUBLIC "-//IBM//DTD DITA Composite//EN" "c:/dtd/ditabase.dtd">
<task id="lpsworkwithgraphs_hdi" audience="lps" otherprops="lpsprofileresults">
	<title>How do I interpret <ph keyref="lpsnamefirst"/> graph data?</title>	
	<prolog>
		<author>Christina</author>	
		<copyright>
			<copyryear year="2010"/>
			<copyrholder>Lexisnexis</copyrholder>
		</copyright>
		<critdates>
			<created date="2010-12-07"/>
		</critdates>
		<metadata>		
			<prodinfo>
				<prodname>Lexis Advance</prodname>
				<vrmlist>
					<vrm version="1"/>
				</vrmlist>
			</prodinfo>
		</metadata>
	</prolog>
	<taskbody>
		<context>		
		<p>To view information in the various graphs:</p>
		</context>
		<steps>	
				<step><cmd>Complete your search for an <xref href="lpssearchforexpert_hdi.xml" scope="peer">expert witness</xref>, <xref href="lpssearchforjudge_hdi.xml" scope="peer">judge</xref>, or <xref href="lpssearchforattorney_hdi.xml" scope="peer">attorney</xref>. </cmd></step>
<step><cmd>At the search results page, select the person's name. That report is opened.</cmd></step>
	<step><cmd>Using the options on the left side of the page, locate the following categories, depending on the type of profile you are viewing:</cmd>
	<choices>
	<choice><uicontrol>Case Involvement</uicontrol> (expert witnesses)</choice>
	<choice><uicontrol>Ruling History</uicontrol> (judges)</choice>
	<choice><uicontrol>Practice History</uicontrol> (attorneys)</choice>
	</choices></step>
	<step><cmd>Once you've located the category, select <uicontrol>Verdicts</uicontrol> (all profile types) or <uicontrol>Dockets</uicontrol> (judge and attorney profile types). </cmd></step>
	<step><cmd>In the box containing the different graphs, select a graph to expand it.</cmd></step>
	<step><cmd>Rest your mouse pointer over the different areas of the graph. Information about the case appears in a tooltip.</cmd></step>
	<step><cmd>Click on the portion of the graph in which you are most interested. The view is updated using the filtered data.</cmd></step>
	</steps>
		<postreq><note type="note">When you view individual items in a graph, you essentially apply a filter to the graph. To view the full graph again, you can remove the filter in the <uicontrol>Narrow By</uicontrol> pane (located on the left side of the page) by selecting the <image href="closeremove.png" alt="Close"/> icon for that selection. To remove all filters, select <uicontrol>Clear</uicontrol>.</note>
		<!--To generate the charts and graphs, <ph keyref="company"/> attempts to map the data it finds in the docket sheets to chartable data. Unfortunately, the format and language between docket sheets is not standardized between jurisdictions. As such, it sometimes proves too difficult to extract the data and display it in graph format. Additionally, sometimes the data needed to create the chart simply doesn't exist in the docket. To view information from specific dockets, select the link for the document in the Cite List, below the charts.-->
		
		</postreq>
	</taskbody>
</task>