<?xml version="1.0" encoding="UTF-8"?>
<!DOCTYPE task PUBLIC "-//IBM//DTD DITA Composite//EN" "c:/dtd/ditabase.dtd">
<task id="lsacitationscorecard_hdi" otherprops="lsa">
	<title>How do I view the Lexis&#xAE; Search Advantage scorecard?</title>	
	<prolog>
		<author>Christina Stommel</author>
		<copyright>
			<copyryear year="2013"/>
			<copyrholder>Lexisnexis</copyrholder>
		</copyright>
		<critdates>
			<created date="2013-06-17"/>
		</critdates>
		<metadata>
			<prodinfo>
				<prodname>Lexis Advance</prodname>
				<vrmlist>
					<vrm version="1"/>
				</vrmlist>
			</prodinfo>
		</metadata>
	</prolog>
	<taskbody>
		<context>
		<note type="note"><ph keyref="lsanamefirst"/> is available by subscription. Please contact your sales representative if you'd like more information.</note>
		<p>While viewing your <ph keyref="lsanamefirst"/> search results, you can see a high-level report of citations used within the associated documents. Using links provided in this citation scorecard, you can view the actual citing document.</p>
		<p>To do this:</p>
		</context>
		<steps>
		<step><cmd><xref href="gh_search.xml" scope="peer">Complete your Lexis Advance search</xref>.</cmd></step>
		 <step><cmd><xref href="lsalimitresultstomyfirm_hdi.xml" scope="peer">View just those documents from your organization</xref>.</cmd></step>
		<step><cmd>Under the <uicontrol>Citations Referenced</uicontrol> section, review the different Shepard's Signal&#153; indicators. The number of citing documents appears next to each indicator.</cmd></step>
		<step><cmd>Optionally, select the link associated with an indicator and choose the specific cited case you want to view. The case is opened.</cmd></step>
		</steps>		
			
		
	</taskbody>
</task>
