<?xml version="1.0" encoding="UTF-8"?>
<!DOCTYPE task PUBLIC "-//IBM//DTD DITA Composite//EN" "c:/dtd/ditabase.dtd">
<task id="lsacompletesearchbasedonmetadata_hdi" otherprops="lsa">
	<title>How do I complete a search for similar organization documents based on client name, matter, document type, or document author?</title>	
	<prolog>
		<author>Christina Stommel</author>
		<copyright>
			<copyryear year="2013"/>
			<copyrholder>Lexisnexis</copyrholder>
		</copyright>
		<critdates>
			<created date="2013-06-17"/>
		</critdates>
		<metadata>
			<prodinfo>
				<prodname>Lexis Advance</prodname>
				<vrmlist>
					<vrm version="1"/>
				</vrmlist>
			</prodinfo>
		</metadata>
	</prolog>
	<taskbody>
		<context>
		<note type="note"><ph keyref="lsanamefirst"/> is available by subscription. Please contact your sales representative if you'd like more information.</note>
			<p>While viewing the list of documents your search retrieved from your organization's document repository, you can use the information you know about a document to search for related documents. For example, if you are viewing a pleading, you can search your organization's repository for other pleadings. Or, you can search for other documents written by the author of the document you are currently viewing.</p>
			<p>To do this:</p>
		</context>
		<steps>
			<step><cmd><xref href="gh_search.xml" scope="peer">Complete your Lexis Advance search</xref>.</cmd></step>
			 <step><cmd><xref href="lsalimitresultstomyfirm_hdi.xml" scope="peer">View just those documents from your organization</xref>.</cmd></step>
			<step><cmd>Using the links below each type of metadata listed for a document, click the link and select the <uicontrol>Search Law Firm for …</uicontrol>. For example, to search for other documents that reference the client, select the link next to <uicontrol>Client</uicontrol> and choose <uicontrol>Search Law Firm for [client name]</uicontrol>. A results list of related documents appears.</cmd></step>			
			 </steps>
		
	</taskbody>
</task>