<?xml version="1.0" encoding="UTF-8"?>
<!DOCTYPE task PUBLIC "-//IBM//DTD DITA Composite//EN" "c:/dtd/ditabase.dtd">
<task id="lsafilterfirmdocumentlist_hdi" otherprops="lsa">
	<title>How do I filter my list of organizational documents?</title>
	<prolog>
		<author>Christina Stommel</author>
		<copyright>
			<copyryear year="2013"/>
			<copyrholder>Lexisnexis</copyrholder>
		</copyright>
		<critdates>
			<created date="2013-06-17"/>
		</critdates>
		<metadata>
			<prodinfo>
				<prodname>Lexis Advance</prodname>
				<vrmlist>
					<vrm version="1"/>
				</vrmlist>
			</prodinfo>
		</metadata>
	</prolog>
	<taskbody>
		<context>
		<note type="note"><ph keyref="lsanamefirst"/> is available by subscription. Please contact your sales representative if you'd like more information.</note>
		<p>The <uicontrol>Narrow By</uicontrol> box on the left side of the <ph keyref="lsanamefirst"/> search results page offers simple and powerful options for refining your search. You do not need to know ahead of time what document attributes (such as author name) to search for; instead, you can choose attribute values from a list of those found in the documents returned by your search.</p>
			<p>Specifically, you can:</p>
			<ul>
			<li>Filter your search using document attributes.</li>
			<li>Filter your search using automatically derived categories and entities. (These include powerful <ph keyref="company"/> categorization capabilities such as Legal Topics and Industry taxonomies and legal-oriented entities such as citations, attorneys, judges, law firms, organization names, companies, and more.)</li>
			</ul>
			<p>For example, say you are viewing all of your organization's documents that mention age discrimination. You can filter the list to show just those documents drafted by a specific author. You use the <uicontrol>Narrow By</uicontrol> tools to do this.</p>
		<p>To further refine your search results:</p>
		</context>
		<steps>
		<step><cmd><xref href="gh_search.xml" scope="peer">Complete your Lexis Advance&#xAE; search</xref>.</cmd></step>
		<step><cmd><xref href="lsalimitresultstomyfirm_hdi.xml" scope="peer">View just those documents from your organization.</xref></cmd></step>		
		<step><cmd>In the <uicontrol>Narrow By</uicontrol> pane, select the expand icon next to the category on which you want to filter your results.</cmd></step>
		<step><cmd>Click a filter. The results list is filtered, based on your selection.</cmd></step>
		</steps>
		<result><note type="note">To clear a filter you've assigned, select the <b>X</b> next to the currently applied filter.</note></result>
			
	</taskbody>
</task>