<?xml version="1.0" encoding="UTF-8"?>
<!DOCTYPE task PUBLIC "-//IBM//DTD DITA Composite//EN" "c:/dtd/ditabase.dtd">
<task id="lsalimitresultstomyfirm_hdi" otherprops="lsa">
	<title>How do I limit my search results to show only those documents for my organization?</title>	
	<prolog>
		<author>Christina Stommel</author>
		<copyright>
			<copyryear year="2013"/>
			<copyrholder>Lexisnexis</copyrholder>
		</copyright>
		<critdates>
			<created date="2013-06-17"/>
		</critdates>
		<metadata>
			<prodinfo>
				<prodname>Lexis Advance</prodname>
				<vrmlist>
					<vrm version="1"/>
				</vrmlist>
			</prodinfo>
		</metadata>
	</prolog>
	<taskbody>
		<context>
		<note type="note"><ph keyref="lsanamefirst"/> is available by subscription. Please contact your sales representative if you'd like more information.</note>
			<p>Once you have completed your search, any of your organization's documents that contain your search term are included in your results list, along with all results from other sources available at <ph keyref="prodnamefirst"/>. If you choose, you can view just a list of your organization's documents.</p>
			<p>While viewing your organization document results list, you can search for related documents, based on client name, matter, document type, and document author. You can also filter the document list as well as open the document to view it in its native format (either Microsoft Word or PDF).</p>
			<p>Finally, you can view a summary of <ph keyref="shepsignalpluralfirst"/> for each individual document in your results list.</p>
			<p>To do this:</p>
		</context>
		<steps>
			<step><cmd><xref href="gh_search.xml" scope="peer">Complete your Lexis Advance search</xref>.</cmd></step>
			<step><cmd>Complete one of the following steps to view documents associated with your organization:</cmd>
			<choices>
			<choice>For the <uicontrol>Cited by my firm's documents</uicontrol> field, select <uicontrol>View the documents</uicontrol>.</choice>
			<choice>Click the category type on the left side of the page named for your organization.
			<note type="tip">You may need to select <uicontrol>More categories</uicontrol> in order to see this link.</note></choice>
			</choices>
			<stepresult><p>A list of just those documents available from your organization's document repository appears. </p></stepresult></step>
			<step><cmd>While viewing the results, complete any of the following optional steps:</cmd>
			<choices>
			<choice><xref href="lsafilterfirmdocumentlist_hdi.xml" scope="peer">Filter your list of documents</xref>.</choice>
			<choice><xref href="lsaviewdocsinlsa_hdi.xml" scope="peer">View your document in Lexis Search Advantage</xref>. (The document appears in a new web browser page.)</choice>
			<choice><xref href="lsacompletesearchbasedonmetadata_hdi.xml" scope="peer">Complete a search for a similar organization document based on client name, matter, document type, or document author</xref>.</choice>						
			<choice><xref href="lsaviewdocsinnativeformat_hdi.xml" scope="peer">View the document in its native format</xref>.</choice>
			<choice><xref href="lsacitationscorecard_hdi.xml" scope="peer">View a summary of citations used in the document by viewing the Citations scorecard</xref>.</choice>
			</choices></step>
			</steps>
			<result><note type="note">To return to your overall search results, select the <uicontrol>Snapshot</uicontrol> or <uicontrol>Cases</uicontrol> link in the list of category types on the left side of the page.</note></result>		
		
	</taskbody>
</task>