<?xml version="1.0" encoding="UTF-8"?>
<!DOCTYPE task PUBLIC "-//IBM//DTD DITA Composite//EN" "c:/dtd/ditabase.dtd">
<task id="lsauseaboutthisdoc_hdi" otherprops="lsa">
	<title>How do I view metadata about an organization's document and use it to navigate through the document ?</title>	
	<prolog>
		<author>Christina Stommel</author>
		<copyright>
			<copyryear year="2013"/>
			<copyrholder>Lexisnexis</copyrholder>
		</copyright>
		<critdates>
			<created date="2013-06-18"/>
		</critdates>
		<metadata>
			<prodinfo>
				<prodname>Lexis Advance</prodname>
				<vrmlist>
					<vrm version="1"/>
				</vrmlist>
			</prodinfo>
		</metadata>
	</prolog>
	<taskbody>
		<context>
		<note type="note"><ph keyref="lsanamefirst"/> is available by subscription. Please contact your sales representative if you'd like more information.</note>
			<p>Once you are viewing one of your organization's documents within <ph keyref="lsanamefirst"/>, an <uicontrol>About This Document</uicontrol> pane appears to the left of the document. This pane contains information about the document, such as a list of citations, entities, and relevant taxonomy topics. You can use this information to quickly view important metadata included in the document. You can also select links associated with this information to navigate through the document.</p>
			<p>To do this:</p>
		</context>
		<steps>
			<step><cmd><xref href="lsaviewdocsinlsa_hdi.xml" scope="peer">View your organization's document in Lexis Search Advantage</xref>. </cmd></step>
			<step><cmd>Locate the <uicontrol>About This Document</uicontrol> pane on the left side of the page. </cmd></step>
			<step><cmd>Locate the type of information you want to view and, if necessary, select the Expand icon (<image href="lpashowmore.png" alt="Expand"/>) to view the list of options. (Once a category is expanded, select <uicontrol>Show All</uicontrol> to fully expand a partially hidden list.)</cmd></step>
			<step><cmd>Complete any of the following optional steps:</cmd>
			<choices>
			<choice>Click a specific link in the <uicontrol>About This Document</uicontrol> pane to view the first instance of that text within the document.</choice>
			<choice>Click the <uicontrol>Next</uicontrol> (<image href="triangleright.png" alt="Next"/>) or <uicontrol>Previous</uicontrol> (<image href="triangleleft.png" alt="Previous"/>) icon to move between specific citations, names, or other types of metadata.</choice>
			<choice>Within the document itself, select an entity name to view related external or internal content.</choice>
			</choices></step>							
		</steps>

	</taskbody>
</task>