<?xml version="1.0" encoding="UTF-8"?>
<!DOCTYPE task PUBLIC "-//IBM//DTD DITA Composite//EN" "c:/dtd/ditabase.dtd">
<task id="lsaviewdocsinnativeformat_hdi" otherprops="lsa">
	<title>How do I view my organization's documents in their native format?</title>	
	<prolog>
		<author>Christina Stommel</author>
		<copyright>
			<copyryear year="2013"/>
			<copyrholder>Lexisnexis</copyrholder>
		</copyright>
		<critdates>
			<created date="2013-06-17"/>
		</critdates>
		<metadata>
			<prodinfo>
				<prodname>Lexis Advance</prodname>
				<vrmlist>
					<vrm version="1"/>
				</vrmlist>
			</prodinfo>
		</metadata>
	</prolog>
	<taskbody>
		<context>
		<note type="note"><ph keyref="lsanamefirst"/> is available by subscription. Please contact your sales representative if you'd like more information.</note>
			<p>Once you've completed your search and have found the documents containing the search keywords you need (displayed in your Lexis Advance search results), you can view each document in its native format. For example, if you want to view a Word document, the document will be opened in Microsoft Word. Supported document types include Microsoft Word, Corel WordPerfect, PDF, Excel, and plain text files.</p>
			<note type="note">To view the document using the functionality available in <ph keyref="lsanamefirst"/>, see <xref href="lsaviewdocsinlsa_hdi.xml" scope="peer"/>. </note>
			<p>To do this:</p>
			</context>
			<steps>
			<step><cmd><xref href="gh_search.xml" scope="peer">Complete your Lexis Advance search</xref>.</cmd></step>
		<step><cmd><xref href="lsalimitresultstomyfirm_hdi.xml" scope="peer">View just those documents from your organization</xref>.</cmd></step>
			<step><cmd>Locate the document you want to view.</cmd></step>
			<step><cmd>Click the icon for the document you want to view. The document is opened using its associated program (such as Microsoft Word or a PDF reader).</cmd></step>			
			</steps>
		
	</taskbody>
</task>