<?xml version="1.0" encoding="UTF-8"?>
<!DOCTYPE task PUBLIC "-//IBM//DTD DITA Composite//EN" "c:/dtd/ditabase.dtd">
<task id="lsaviewdocsinlsa_hdi" otherprops="lsa">
	<title>How do I view my documents using Lexis&#xAE; Search Advantage?</title>	
	<prolog>
		<author>Christina Stommel</author>
		<copyright>
			<copyryear year="2013"/>
			<copyrholder>Lexisnexis</copyrholder>
		</copyright>
		<critdates>
			<created date="2013-06-17"/>
		</critdates>
		<metadata>
			<prodinfo>
				<prodname>Lexis Advance</prodname>
				<vrmlist>
					<vrm version="1"/>
				</vrmlist>
			</prodinfo>
		</metadata>
	</prolog>
	<taskbody>
		<context>
		<note type="note"><ph keyref="lsanamefirst"/> is available by subscription. Please contact your sales representative if you'd like more information.</note>
		<p>Once you have searched for and found a document from your organization's repository, you can view the document in <ph keyref="lsanamefirst"/>. This allows you to view the document text while still having access to <ph keyref="lsaname"/> features, such as About This Document and delivery options. (See <xref href="lsaviewdocsinnativeformat_hdi.xml" scope="peer"/> for instructions on directly opening the document in its native program, such as Adobe or Microsoft Word.)</p>
		<p>To do this:</p>
		</context>
		<steps>
		<step><cmd><xref href="gh_search.xml" scope="peer">Complete your Lexis Advance search</xref>.</cmd></step>
		<step><cmd><xref href="lsalimitresultstomyfirm_hdi.xml" scope="peer">View just those documents from your organization</xref>.</cmd></step>
		<step><cmd>Click <uicontrol>View in Lexis Search Advantage</uicontrol>, below the document title. The document is opened in a new <uicontrol>Lexis Search Advantage</uicontrol> tab in your browser. You are no longer working directly in <ph keyref="prodname"/>. </cmd></step>
		<step><cmd><xref href="lsauseaboutthisdoc_hdi.xml" scope="peer">Use the different features available in Lexis Search Advantage</xref> to work with the document. </cmd></step>		
		</steps>
		<result><note type="note">
		<ul>
		<li>To return to Lexis Advance, select its tab in the browser window.</li>
		<li>You can deliver your results either by <xref href="printresults_hdi.xml" scope="peer">printing them</xref> or <xref href="emailresults_hdi.xml" scope="peer">emailing them</xref>.</li></ul>
		</note></result>

			
		
	</taskbody>
</task>
<!--These options are only for viewing the results list in LSA, not viewing a standalone documen. Keeping just in case, though.	<choices>
			<choice>Refine results lsarefinelsaresults_hdi</choice>
			<choice>Add tag</choice>
			<choice>Add annotation</choice>
			<choice>Search for related</choice>
			<choice>Sort results</choice>
			<choice>Access full Lexis Search Advantage help site (only once I get it set up)</choice>
			<choice>Conduct new search from LSA (or from LA?)</choice>
			<choice>Return to Lexis Advance</choice>
			</choices>-->