<?xml version="1.0" encoding="UTF-8"?>
<!DOCTYPE task PUBLIC "-//IBM//DTD DITA Composite//EN" "c:/dtd/ditabase.dtd">
<task id="medaddparty_hdi" audience="med" otherprops="medmal">
	<title>How do I Add a Party to My <ph keyref="mednamefirst"/> Research?</title>
	<prolog>
		<author>Garth Lewis</author>
		<copyright>
			<copyryear year="2014"/>
			<copyrholder>Lexisnexis</copyrholder>
		</copyright>
		<critdates>
			<created date="2014-04-14"/>
		</critdates>
		<metadata>
			<prodinfo>
				<prodname>Lexis Advance</prodname>
				<vrmlist>
					<vrm version="1"/>
				</vrmlist>
			</prodinfo>
		</metadata>
		<data>medmal navigator medical malpractice litigator litigation</data>
	</prolog>
	<taskbody>
		<context>
			<p>The <ph keyref="mednamefirst"/> Research Parties tool allows you to enter and save information for each individual you want to research as you build your case. You can then review public record information for these persons.</p>
		</context>
		<steps>
			<step>
				<cmd>At the top of any <ph keyref="medname"/> page, select <uicontrol>Research Parties</uicontrol>. The <uicontrol>Research Parties</uicontrol> page appears, displaying a list of the individuals already entered for this case.</cmd>
				<info>
					<note type="tip">You can also reach this page by selecting the title of the <uicontrol>Research Parties</uicontrol> pod on the Dashboard.</note>
				</info>
			</step>
			<step>
				<cmd>At the top of the list of names, select the <uicontrol>Add New Party</uicontrol> button.</cmd>
				<stepresult>The Add New Party pop-up appears.</stepresult>
			</step>
			<step>
				<cmd>In the <uicontrol>First Name</uicontrol> field, type the given name of the person whose public records you want to see.</cmd>
			</step>
			<step>
				<cmd>In the <uicontrol>Last Name</uicontrol> field, type the surname of the person whose public records you want to see.</cmd>
			</step>
			<step>
				<cmd>In the remaining fields, provide as much information you can.</cmd>
			</step>
			<step>
				<cmd>Select the <uicontrol>Add Party</uicontrol> button.</cmd>
				<stepresult>The Add New Party pop-up closes. <ph keyref="medname"/> saves the information and adds the party to the Research Parties list.</stepresult>
			</step>
		</steps>
	</taskbody>
</task>