<?xml version="1.0" encoding="UTF-8"?>
<!DOCTYPE task PUBLIC "-//IBM//DTD DITA Composite//EN" "c:/dtd/ditabase.dtd">
<task id="mededitparty_hdi" audience="med" otherprops="medmal">
	<title>How do I Edit a Party in My <ph keyref="mednamefirst"/> Research List?</title>
	<prolog>
		<author>Garth Lewis</author>
		<copyright>
			<copyryear year="2014"/>
			<copyrholder>Lexisnexis</copyrholder>
		</copyright>
		<critdates>
			<created date="2014-04-14"/>
		</critdates>
		<metadata>
			<prodinfo>
				<prodname>Lexis Advance</prodname>
				<vrmlist>
					<vrm version="1"/>
				</vrmlist>
			</prodinfo>
		</metadata>
		<data>medmal navigator medical malpractice litigator litigation</data>
	</prolog>
	<taskbody>
		<context>
			<p>The <ph keyref="mednamefirst"/> Research Parties tool allows you to make changes to the information saved for each individual you want to research as you build your case. You can then review public record information for these persons.</p>
		</context>
		<steps>
			<step>
				<cmd>At the top of any <ph keyref="medname"/> page, select <uicontrol>Research Parties</uicontrol>. The <uicontrol>Research Parties</uicontrol> page appears, displaying a list of the individuals already entered for this case.</cmd>
				<info>
					<note type="tip">You can also reach this page by selecting the title of the <uicontrol>Research Parties</uicontrol> pod on the Dashboard.</note>
				</info>
			</step>
			<step>
				<cmd>In the row of the person whose information you want to change, select <image href="edit.png" alt="Edit icon" placement="inline"/>.</cmd>
				<stepresult>A pop-up form appears.</stepresult>
			</step>
			<step>
				<cmd>In the fields provided, add or edit information about the person as needed.</cmd>
			</step>
			<step>
				<cmd>Select the <uicontrol>Save Changes</uicontrol> button.</cmd>
				<stepresult><ph keyref="medname"/> saves the new information and closes the pop-up form. If you changed the name or location information, the list of parties will change accordingly.</stepresult>
			</step>
		</steps>
	</taskbody>
</task>