<?xml version="1.0" encoding="UTF-8"?>
<!DOCTYPE task PUBLIC "-//IBM//DTD DITA Composite//EN" "c:/dtd/ditabase.dtd">
<task id="medeleteparty_hdi" audience="med" otherprops="medmal">
	<title>How do I Remove a Party from My <ph keyref="mednamefirst"/> Research List?</title>
	<prolog>
		<author>Garth Lewis</author>
		<copyright>
			<copyryear year="2014"/>
			<copyrholder>Lexisnexis</copyrholder>
		</copyright>
		<critdates>
			<created date="2014-04-14"/>
		</critdates>
		<metadata>
			<prodinfo>
				<prodname>Lexis Advance</prodname>
				<vrmlist>
					<vrm version="1"/>
				</vrmlist>
			</prodinfo>
		</metadata>
		<data>medmal navigator medical malpractice litigator litigation</data>
	</prolog>
	<taskbody>
		<context>
			<p>The <ph keyref="mednamefirst"/> Research Parties tool allows you to remove any persons you no longer need to research.</p>
		</context>
		<steps>
			<step>
				<cmd>At the top of any <ph keyref="medname"/> page, select <uicontrol>Research Parties</uicontrol>. The <uicontrol>Research Parties</uicontrol> page appears, displaying a list of the individuals already entered for this case.</cmd>
				<info>
					<note type="tip">You can also reach this page by selecting the title of the <uicontrol>Research Parties</uicontrol> pod on the Dashboard.</note>
				</info>
			</step>
			<step>
				<cmd>In the row of the person you no longer wish to research, select <image href="CloseRemove.png" alt="Delete icon" placement="inline"/>.</cmd>
				<stepresult><ph keyref="medname"/> prompts you to confirm the deletion.</stepresult>
			</step>
			<step>
				<cmd>Confirm that you want to remove the selected party from the list.</cmd>
				<stepresult><ph keyref="medname"/> deletes the information for that person, then refreshes the page. The selected party should no longer appear in the list.</stepresult>
			</step>
		</steps>
	</taskbody>
</task>