<?xml version="1.0" encoding="UTF-8"?>
<!DOCTYPE task PUBLIC "-//IBM//DTD DITA Composite//EN" "c:/dtd/ditabase.dtd">
<task id="medfindtopic_hdi" otherprops="medashboardtips;medmal" audience="med">
	<title>How do I select a topic to use with <ph keyref="mednamefirst"/>?</title>
	<prolog>
		<author>Robin Stubbart</author>
		<author>Garth Lewis</author>
		<copyright>
			<copyryear year="2012"/>
			<copyrholder>Lexisnexis</copyrholder>
		</copyright>
		<critdates>
			<created date="2012-10-08"/>
			<revised modified="2014-04-09"/>
				<!--Updated page for R4.2. Updated to ensure consistency with the application.-->
		</critdates>
		<metadata>
			<prodinfo>
				<prodname>Lexis Advance</prodname>
				<vrmlist>
					<vrm version="1"/>
				</vrmlist>
			</prodinfo>
		</metadata>
		<data>medmal navigator medical malpractice litigator litigation</data>
	</prolog>
	<taskbody>
		<context>
			<p>In order to answer the questions posed by the <ph keyref="mednamefirst"/>, you must first choose a topic. You can search for a topic on the home page using the <uicontrol>Find a Commonly Litigated Medical Topic</uicontrol> box, or you can select a topic from the <uicontrol>Most Commonly Litigated Medical Topics</uicontrol> list.</p>
			<p><b>To use the <uicontrol>Find a Commonly Litigated Medical Topic</uicontrol> box</b> - Enter a keyword in the box, and select the <uicontrol>Find</uicontrol> button. Choose your topic of interest from the list of results.</p>
			<p><b>To use the <uicontrol>Most Commonly Litigated Medical Topics</uicontrol> list</b> - Select an arrow to expand a topic you want to see, then select a subtopic.</p>
			<note type="note">If you don't see the topic you want in the list, select <uicontrol>View All Medical Topics</uicontrol> to look for additional topics that are only available in the Medical Research tool. This tool is an authoritative medical encyclopedia built by Elsevier Science. This database was written by doctors and nurses for use in hospitals to provide quick, easy-to-understand background on over 800 medical topics.</note>
		</context>
	</taskbody>
</task>