<?xml version="1.0" encoding="UTF-8"?>
<!DOCTYPE task PUBLIC "-//IBM//DTD DITA Composite//EN" "c:/dtd/ditabase.dtd">
<task id="medusedashboard_hdi" otherprops="medashboardtips;medmal" audience="med">
	<title>How do I use the <ph keyref="mednamefirst"/> dashboard?</title>
	<prolog>
		<author>Robin Stubbart</author>
		<author>Garth Lewis</author>
		<copyright>
			<copyryear year="2012"/>
			<copyrholder>Lexisnexis</copyrholder>
		</copyright>
		<critdates>
			<created date="2012-10-08"/>
			<revised modified="2014-04-16"/>
		</critdates>
		<metadata>
			<prodinfo>
				<prodname>Lexis Advance</prodname>
				<vrmlist>
					<vrm version="1"/>
				</vrmlist>
			</prodinfo>
		</metadata>
		<data>medmal navigator medical malpractice litigator litigation</data>
	</prolog>
	<taskbody>
		<context>
			<p>Use the <ph keyref="mednamefirst"/> dashboard to access all the tools available to help you evaluate and pursue your case.</p>
		</context>
		<steps>
			<step>
				<cmd>Select the name of a tool from the options at the top of the page, or select one of the pods in the main body of the page.</cmd>
			</step>
			<step>
				<cmd>In the page that appears, take one of the following actions:</cmd>
				<choicetable>
					<chhead>
						<choptionhd>For this pod...</choptionhd>
						<chdeschd>Do this...</chdeschd>
					</chhead>
					<chrow>
						<choption>Case Value Assessment</choption>
						<chdesc>
							<p>Answer the questions displayed in the panel on the left side of the page. As you provide answers, <ph keyref="medname"/> fills in the graph on the right.</p>
							<ul>
								<li>If you want to skip one or more questions, select the <uicontrol>View Upcoming Questions</uicontrol> buttons. A list of the remaining questions will appear, allowing you to select the question you want to answer next.</li>
								<li>If you want to change an answer you have provided, select the <uicontrol>Change Previous Answer</uicontrol> button. A list of the questions you have answered appears, allowing you select the question you want to revisit.</li>
							</ul>
							<note type="note">You can review an assessment of your case for topics similar your selected topic by selecting the <uicontrol>Related Topic</uicontrol> button.  <ph keyref="medname"/> will take you to a new page displaying a list of similar topics. Select the appropriate topic to see an assessment graph based on your answers.</note>
						</chdesc>
					</chrow>
					<chrow>
						<choption>Standard of Care</choption>
						<chdesc>
							<p>Answer the questions displayed in the panel on the left side of the page. As you provide answers, <ph keyref="medname"/> identifies whether or not your answers represent a potential deviation from the standard of care on the right. Select <uicontrol>Show Details</uicontrol> to see more information for a given answer.</p>
							<ul>
								<li>If you want to skip one or more questions, select the <uicontrol>View Upcoming Questions</uicontrol> buttons. A list of the remaining questions will appear, allowing you to select the question you want to answer next.</li>
								<li>If you want to change an answer you have provided, select the <uicontrol>Change Previous Answer</uicontrol> button. A list of the questions you have answered appears, allowing you select the question you want to revisit.</li>
							</ul>
							<note type="tip">You can choose to see only those items that are potential deviations by selecting the <uicontrol>Show Only the Issues</uicontrol> checkbox.</note>
						</chdesc>
					</chrow>
					<chrow>
						<choption>Legal Analysis</choption>
						<chdesc>
							<p>Answer the questions displayed in the panel on the left side of the page. Once you have answered all the questions, <ph keyref="medname"/> displays a <ph keyref="prodnamefirst"/> search built from your answers. Checkboxes allow you to add more options to the search. Select the <uicontrol>View Results Now</uicontrol> button to run the search. <ph keyref="medname"/> takes you to a new page containing your search results.</p>
							<ul>
								<li>If you want to skip one or more questions, select the <uicontrol>View Upcoming Questions</uicontrol> buttons. A list of the remaining questions will appear, allowing you to select the question you want to answer next.</li>
								<li>If you want to change an answer you have provided, select the <uicontrol>Change Previous Answer</uicontrol> button. A list of the questions you have answered appears, allowing you select the question you want to revisit.</li>
							</ul>
						</chdesc>
					</chrow>
					<chrow>
						<choption>Expert Witness</choption>
						<chdesc>
							<p>Enter the witness' name in the box, then select <image href="search.png" alt="Search icon" placement="inline"/>. <ph keyref="medname"/> displays your results on the right side of the page.</p>
							<note type="tip">Search results are pulled from <ph keyref="lpsname"/>. You can narrow your result set using the tools on the left side of the page (such as Area of Expertise, State, etc.).</note>
						</chdesc>
					</chrow>
					<chrow>
						<choption>Research Parties</choption>
						<chdesc>
							<ol>
								<li>Select any listed name. A new page appears, displaying all the terms and conditions for using public records data.</li>
								<li>From the <uicontrol>Choose a default DPPA Use</uicontrol> and the <uicontrol>Choose a default GLBA Use</uicontrol> drop-down lists, select the appropriate values.</li>
								<li>Once you have read and understand the terms and conditions, select the <uicontrol>Confirm</uicontrol> button. The Public Records Comprehensive Person Report page appears, with the appropriate fields populated fromt he Research Parties page.</li>
								<li>Provide any additional information about the person to help narrow your search.</li>
								<li>Select the <uicontrol>Search</uicontrol> button. <ph keyref="prodnamefirst"/> performs the public records search, then displays all information found for the person.</li>
							</ol>
							<note type="note">You can also edit or delete any listed party, or select the <uicontrol>Add New Party</uicontrol> button and fill out the form to add persons you want to research to the dashboard. For more information, see the following topics:
								<ul>
									<li><xref href="medaddparty_hdi.xml" scope="peer"/></li>
									<li><xref href="mededitparty_hdi.xml" scope="peer"/></li>
									<li><xref href="medeleteparty_hdi.xml" scope="peer"/></li>
								</ul>
							</note>
						</chdesc>
					</chrow>
					<chrow>
						<choption>Elsevier's First Consult</choption>
						<chdesc>Select the name of the medical topic you want to research.</chdesc>
					</chrow>
					<chrow>
						<choption>Medical References</choption>
						<chdesc>
							<p>From the list of results based on the current <ph keyref="medname"/> topic, select the title of an item for which you want more information. You can filter the result set using the <uicontrol>Narrow By</uicontrol> controls on the left side of the page.</p>
							<p>You can also select the <uicontrol>Illustrations</uicontrol> button at the top of the page to see your result set further filtered to show only images. These images cover anatomy, physiology, diagnosis and treatment of most medical conditions.</p>
						</chdesc>
					</chrow>
				</choicetable>
			</step>
		</steps>
	</taskbody>
</task>