<?xml version="1.0" encoding="UTF-8"?>
<!DOCTYPE task PUBLIC "-//IBM//DTD DITA Composite//EN" "c:/dtd/ditabase.dtd">
<task id="modifysettings_hdi" otherprops="settingstips;settings;filterbysubcategorytips">
	<title>How do I modify my settings?</title>
	<prolog>
		<author>Robin Stubbart</author>
		<author>Christina Stommel (GDSI Release)</author>
		<copyright>
			<copyryear year="2012"/>
			<copyrholder>Lexisnexis</copyrholder>
		</copyright>
		<critdates>
			<created date="2012-06-25"/>
		</critdates>
		<metadata>			
			<prodinfo>
				<prodname>Lexis Advance</prodname>
				<vrmlist>
					<vrm version="1"/>
				</vrmlist>
			</prodinfo>
		</metadata>
	</prolog>
	<taskbody>
		<context/>		
<steps>
			<step><cmd>From the global navigation bar, select the <uicontrol>More</uicontrol> drop-down list and choose <uicontrol>Settings</uicontrol> from the list of options.</cmd></step>			
			<step><cmd>Choose the area of <ph keyref="prodnamefirst"/> for which you want to modify the settings by choosing that option from the list of experiences on the left. (For example, to modify your research settings, select <uicontrol>Lexis Advance&#xAE; Research</uicontrol>.)</cmd></step>
			<step><cmd>While viewing the options in the right pane, select or clear checkboxes, or choose items from the drop-down lists to modify the way <ph keyref="prodname"/> works for you. (See <xref href="settingstips.xml" scope="peer"/> for more details.)</cmd></step>
			<step><cmd>Click <uicontrol>Save Changes to Settings &amp; Close</uicontrol> to save the settings you made.</cmd></step>
		</steps>
		<result><note type="note">To return to the settings you were use before you started making changes, select <uicontrol>Close Settings Without Saving</uicontrol>.</note></result>
	</taskbody>
</task>