<?xml version="1.0" encoding="UTF-8"?>
<!DOCTYPE task PUBLIC "-//IBM//DTD DITA Composite//EN" "c:/dtd/ditabase.dtd">
<task id="narrowshep_hdi" otherprops="results;shepardsreportips" audience="res">
	<title>How do I narrow or filter my <i>Shepard's</i> report?</title>
	<prolog>
		<author>Barb Bruns</author>
		<copyright>
			<copyryear year="2011"/>
			<copyrholder>Lexisnexis</copyrholder>
		</copyright>
		<critdates>
			<created date="2006-10-03"/>
		</critdates>
		<metadata>			
			<prodinfo>
				<prodname>Lexis Advance</prodname>
				<vrmlist>
					<vrm version="1"/>
				</vrmlist>
			</prodinfo>
		</metadata>
	</prolog>
	<taskbody>
		<context>
			<data>focus, filter, narrow, search within results, report, analysis, court, depth of discussion, headnote, narrow by terms</data>
			<p>When you <ph keyref="shepardizefirst"/> a document, your results are displayed using the following categories (where applicable):</p>
			<ul>
				<li>Appellate History</li>
				<li>Citing Decisions</li>
				<li>Citing Law Reviews, Treatises, ...</li>
				<li>Table of Authorities</li>
			</ul>
			<p>Once you select one of these categories, you can filter your results using the options available in the <uicontrol>Narrow By</uicontrol> pane. Each category has its own filters. For instance, if you select <uicontrol>Citing Decisions</uicontrol>, your <uicontrol>Narrow By</uicontrol> options include:</p>
			<ul>
				<li>Analysis</li>
                <li>Court</li>
				<li>Discussion</li>
				<li>Headnote</li>
				<li>Search Within Results</li>
				<li>Timeline</li>
			</ul>
			<p>As you work in the <uicontrol>Narrow By</uicontrol> pane, you can complete the following steps to manage your results set:</p>
			<ul>
			<li>To narrow by more than one category under a filter, select <uicontrol>Select Multiple</uicontrol>, select the checkboxes for the categories you want to narrow your results to, and select <uicontrol>OK</uicontrol>.</li>
			<li>To return to your original results after narrowing them one or more times, select the <uicontrol>Clear</uicontrol> link at the top of the <uicontrol>Narrow By</uicontrol> pane. To remove a single filter, select the <image href="Closeremove.png" alt="Remove Filter"/> icon.</li>
			</ul>
			<note>Each time you narrow your results, the results are cumulative. For example, you can narrow your results to <uicontrol>Cases</uicontrol>, then to a specific time line within those cases, and then to a specific jurisdiction or court within those cases in the timeline.</note>
		</context>
	</taskbody>
</task>