<?xml version="1.0" encoding="UTF-8"?>
<!DOCTYPE task PUBLIC "-//IBM//DTD DITA Composite//EN" "c:/dtd/ditabase.dtd">
<task id="narrowresults_hdi" otherprops="resultsnarrow;shepardsreportips" audience="res;lpa;lps">
	<title>How do I narrow or filter my results after a search?</title>
	<prolog>
		<author>Barb Bruns</author>
		<copyright>
			<copyryear year="2011"/>
			<copyrholder>Lexisnexis</copyrholder>
		</copyright>
		<critdates>
			<created date="2006-10-03"/>
		</critdates>
		<metadata>			
			<prodinfo>
				<prodname>Lexis Advance</prodname>
				<vrmlist>
					<vrm version="1"/>
				</vrmlist>
			</prodinfo>
		</metadata>
	</prolog>
	<taskbody>
		<context>
			<data>focus, filter, narrow, analysis, headnote, citation, category, keyword, legal topic, search within results, sources</data>
			<p>If your search has resulted in a large answer set, you can narrow your results to the documents most relevant to your search by using any of the filters in the <uicontrol>Narrow By</uicontrol> pane on the left side of your results.</p>
			<ul>
				<li>Use the <uicontrol>Search Within Results</uicontrol> filter to find documents within your results that contain specific search terms. For example, if you entered the search terms: <userinput>dog bite liability</userinput> and your answer set is very large, you might enter the terms: <userinput>assumed risk</userinput> to narrow the results to only documents that also contain those terms.</li>
				<li>Use the other filters, such as <uicontrol>Category</uicontrol>, <uicontrol>Jurisdiction</uicontrol>, <uicontrol>Timeline</uicontrol>, <uicontrol>Sources</uicontrol>, etc. to narrow your results to cases in your jurisdiction, a specific time frame, etc.  The filters that are available for narrowing your results depend on what kind of search you ran and what types of content your results contain.  For example, if you ran a legal search, the filters in the <uicontrol>Narrow By</uicontrol> pane include <uicontrol>Cases</uicontrol>, <uicontrol>Statutes</uicontrol>, <uicontrol>Court</uicontrol>, <uicontrol>Jurisdiction</uicontrol>, etc.  If you ran a <ph keyref="shepardsfirst"/> search, the filters include <uicontrol>Jurisdiction</uicontrol>, <uicontrol>Analysis</uicontrol>, etc.</li>
			</ul>
			<p>See the table below for more information about using filters.</p>
			<p>
				<note type="note">
					<ul>
						<li>If you are viewing your results in the <uicontrol>Cases</uicontrol> category, <uicontrol>Category</uicontrol> is not displayed in the <uicontrol>Narrow By</uicontrol> pane because your results are already narrowed to the Cases category and can't be narrowed any further.  However, some categories, such as <uicontrol>Analytical Materials</uicontrol> can be further narrowed down, so the subcategories are displayed under <uicontrol>Category</uicontrol> when you are viewing your results in the Analytical Materials category.</li>


						<li>Documents may appear in more than one category. For example, case law documents would appear in the &quot;Cases&quot; category, in one of the jurisdictions, one of the sources, and would also contain a number of keywords and/or citations.</li>
					</ul>
				</note>
			</p>
			<p>After running a search and reviewing your results:</p>
		</context>
		<result>
			<simpletable id="narrowby"><!--Conref to this table is being used in Litigation Profile Suite/lpsfilterreports_hdi-->
				<sthead>
					<stentry>If you want to...</stentry>
					<stentry>Do this</stentry>
				</sthead>
				<strow>
					<stentry>Narrow your results to documents containing specific search terms or a citation</stentry>
					<stentry>Enter your search terms or a citation in the box under <uicontrol>Search Within Results</uicontrol> and select <uicontrol>OK</uicontrol>.</stentry>
				</strow>
				<strow>
					<stentry>Narrow your results by the other filters in the <uicontrol>Narrow By</uicontrol> pane</stentry>
					<stentry>Click the item under a filter heading (such as <uicontrol>Category</uicontrol>, <uicontrol>Legal Topic, Jurisdiction,</uicontrol> etc.) that you want to restrict your results to, and select <uicontrol>OK</uicontrol>.  For example, to restrict your results to case law only, select <uicontrol>Cases</uicontrol> under <uicontrol>Category</uicontrol>.</stentry>
				</strow>
				<strow>
					<stentry>Narrow by more than one category under a filter</stentry>
					<stentry>Click <uicontrol>Select multiple</uicontrol>, select the checkboxes for the categories you want to narrow your results to, and select <uicontrol>OK</uicontrol>.</stentry>
				</strow>
				<strow>
					<stentry>Restrict your results to a particular date range</stentry>
					<stentry>Under the <uicontrol>Timeline</uicontrol> filter of the <uicontrol>Narrow By</uicontrol> pane, use your mouse to move either of the sliders to the left or right until the date range you want is displayed, or enter the dates in the the year fields, and select <uicontrol>OK</uicontrol>.</stentry>
				</strow>
				<strow>
					<stentry>Return to a previous results set</stentry>
					<stentry>Click the X next to your selections at the top of the <uicontrol>Narrow By</uicontrol> pane to close that version of your results.</stentry>
				</strow>
				<strow>
					<stentry>Return to your original results after narrowing them one or more times</stentry>
					<stentry>Click the <uicontrol>Clear</uicontrol> link at the top of the <uicontrol>Narrow By</uicontrol> pane.</stentry>
				</strow>
				<strow>
					<stentry>Find your original or <uicontrol>Search Within Results</uicontrol> search terms in a document</stentry>
					<stentry>Open a document from your results, and select the terms you want to find from the <uicontrol>Navigate</uicontrol> tool at the top right side of the document.</stentry>
				</strow>
			</simpletable>
			<note>Each time you narrow your results, the results are cumulative. For example, you can narrow your results to <uicontrol>Cases</uicontrol>, then to a specific time line within those cases, and then to a specific jurisdiction or court within those cases in the timeline.</note>
		</result>
	</taskbody>
</task>