<?xml version="1.0" encoding="UTF-8"?>
<!DOCTYPE task PUBLIC "-//IBM//DTD DITA Composite//EN" "c:/dtd/ditabase.dtd">
<task id="practicepagesetstart_hdi" otherprops="practicepage" audience="res">
	<title>How do I make a practice center my start page?</title>
	<prolog>
		<author>Barb Bruns</author>
		<copyright>
			<copyryear year="2007"/>
			<copyrholder>Lexisnexis</copyrholder>
		</copyright>
		<critdates>
			<created date="2006-10-03"/>
		</critdates>
		<metadata>		
			<prodinfo>
				<prodname>Lexis Advance</prodname>
				<vrmlist>
					<vrm version="1"/>
				</vrmlist>
			</prodinfo>
		</metadata>
	</prolog>
	<taskbody>
		<context>
			<p>Your firm may use a practice center, such as <uicontrol>New York</uicontrol>, <uicontrol>Banking and Finance</uicontrol>, <uicontrol>Military Justice</uicontrol>, or one of several others. To make a practice center your start page when you sign into <ph keyref="prodnamefirst"/>:</p>
		</context>
		<steps>
			<step>
				<cmd>On the <ph keyref="prodname"/> home page, select <uicontrol>Browse</uicontrol>.</cmd>
			</step>
			<step>
				<cmd>Select <uicontrol>Practice Center</uicontrol>.</cmd>
			</step>
			<step>
				<cmd>Select <uicontrol>By Practice Area</uicontrol> or <uicontrol>By Jurisdiction</uicontrol>.</cmd>
			</step>
			<step>
				<cmd>From the list of practice centers, select the one you use.</cmd>
			</step>
				<step>
					<cmd>From the <uicontrol>Actions</uicontrol> drop-down menu at the top left of the page, select <uicontrol>Make this my research start page</uicontrol>. </cmd>
			
				<info>
					<note type="note">To change your start page again, go to <uicontrol>Settings</uicontrol>.</note>
				</info>
			</step>
				
		</steps>
	</taskbody>
</task>