<?xml version="1.0" encoding="UTF-8"?>
<!DOCTYPE task PUBLIC "-//IBM//DTD DITA Composite//EN" "c:/dtd/ditabase.dtd">
<task id="practicepageuse_hdi" otherprops="practicepage" audience="res">
	<title>How do I use a <ph keyref="prodnamefirst"/> practice center?</title>
	<prolog>
		<author>Barb Bruns</author>
		<copyright>
			<copyryear year="2010"/>
			<copyrholder>Lexisnexis</copyrholder>
		</copyright>
		<critdates>
			<created date="2010-01-17"/>
		</critdates>
		<metadata>			
			<prodinfo>
				<prodname>Lexis Advance</prodname>
				<vrmlist>
					<vrm version="1"/>
				</vrmlist>
			</prodinfo>
		</metadata>
	</prolog>
	
<taskbody>
		<context>
<p>A <ph keyref="prodnamefirst"/> practice center provides customized, curated content with fast access to the top sources, news, and key legal topics for your practice area or a jurisdiction. You can perform much of your research from your practice center, while still having access to all <ph keyref="prodname"/> content and products from the viewpoint of your practice area or jurisdiction.</p>
		<p> You can open a practice center from the <uicontrol>Browse</uicontrol> drop-down menu, or <xref href="practicepagesetstart_hdi.xml" scope="peer">set it to be the first page you see when you sign in</xref>.</p>

<p>For information about searching from a practice center, see <xref href="practicepagesearch_hdi.xml" scope="peer"/></p>

</context>
	</taskbody>
	

<task id="selectopsource">
		<title>Select a Top Source</title>
		<taskbody>
		
			<steps>
				
					<step>
					<cmd>Select an arrow (<image href="openarrow.png" alt="open" placement="inline"/>) next to a top-level source to expand it and view the sources beneath it.</cmd>
					<note type="note"><p>Select <uicontrol>View all sources</uicontrol> to browse all available <ph keyref="prodname"/> sources for this practice center.</p>
			</note>
					</step>

		<step>
                    <cmd>Select a source and then select <uicontrol>Get documents</uicontrol> to view the documents for the source.</cmd>
<note type="note"><p>If a source has a table of contents, select <uicontrol>Table of Contents</uicontrol> to display it.</p>
</note>
                </step>
            </steps>
</taskbody>
    </task> 

<task id="selectfavorite">
		<title>Select a Favorite</title>
		<taskbody>
		<context>
<p>Select a favorite source to search in it.</p>  
					<note type="note"><p>Selecting a favorite will replace the filter that's already in effect as a result of searching from a practice center.</p>
			</note>

					</context>

</taskbody>
    </task> 
		
<task id="selectkeytopic">
		<title>Select a Key Topic:</title>
		<taskbody>
		
			<steps>
				
		<step><cmd>Select the topic you want to use.</cmd></step>
				<step><cmd>Choose one of the following options for how you want to use the topic:</cmd>
				<choicetable>
				<chrow>
				<choption>Get documents</choption>
				<chdesc>Choose this option if you want to view the documents associated with the topic.  </chdesc>
				</chrow>
				
				<chrow>
				<choption>Create a topic alert</choption>
				<chdesc>Choose this option if you want to be notified when updates to this topic are available.</chdesc>
				</chrow>
<chrow>
				<choption>View in topic index</choption>
				<chdesc>Choose this option to view the position of this topic in the topic index hierarchy.</chdesc>
				</chrow>
				<chrow>
				<choption>View topic summary report (if available)</choption>
				<chdesc>Choose this option if you want to view high-level information about the topic. </chdesc>
				</chrow>
				</choicetable></step>
		
            </steps>
</taskbody>
    </task> 
				
	<task id="selectnewsarticle" otherprops="search">
		<title>Select a news article:</title>
		<taskbody>
		
			<steps>
				
					<step>
					<cmd>In the <uicontrol>News &amp; Analysis</uicontrol> pod, select the tab for the news source you want. </cmd>
<note type="note"><p>If you select <uicontrol>Add as a search filter</uicontrol> to search in this source, the source will replace the filter that's already in effect as a result of searching from a practice center.</p>
			</note>
					<note type="note"><p>For additional News &amp; Analysis sources, click the down arrow (<image href="TriangleDown.png" alt="more" placement="inline"/>) to the right of the tabs.</p>
			</note>
<note type="note"><p>Select <uicontrol>View all ... News</uicontrol> to browse all available <ph keyref="prodname"/> news sources for this practice center.</p>
			</note>
					</step>

		<step>
                    <cmd>Select a news story.</cmd>
					</step>
            </steps>
</taskbody>
    </task> 
</task>