<?xml version="1.0" encoding="UTF-8"?>
<!DOCTYPE task PUBLIC "-//IBM//DTD DITA Composite//EN" "c:/dtd/ditabase.dtd">
<task id="practicepagesearch_hdi" otherprops="practicepage" audience="res">
	<title>How do I search using a <ph keyref="prodnamefirst"/> practice center?</title>
	<prolog>
		<author>Barb Bruns</author>
		<copyright>
			<copyryear year="2010"/>
			<copyrholder>Lexisnexis</copyrholder>
		</copyright>
		<critdates>
			<created date="2010-01-17"/>
		</critdates>
		<metadata>			
			<prodinfo>
				<prodname>Lexis Advance</prodname>
				<vrmlist>
					<vrm version="1"/>
				</vrmlist>
			</prodinfo>
		</metadata>
	</prolog>
	
<taskbody>
		<context>
<p>There are several ways to search using a <ph keyref="prodnamefirst"/> practice center or jurisdiction page. To begin your research, select <uicontrol>Client</uicontrol> at the top of the page to associate your research with a specific client or matter.  Then search using one of the methods below.</p>
<note type="note"><p>With any method, by starting from a practice center, you've narrowed your search to the area of the practice center.  For example, if you're searching from the <uicontrol>Health Care Law</uicontrol> practice center, your search will be narrowed to the sources for Health Care Law, just as if you had searched from the <ph keyref="prodname"/> home page and selected that filter.  Or, if you search using the New York jurisdiction page, your search will be narrowed to the New York jurisdiction.</p>
<p>&nbsp;</p>
<p>If you select the &quot;Add to search&quot; (<image href="addtosearch.png" alt="Add to search" placement="inline"/>) icon next to another source, favorite, or topic, your selection will replace the filter that's already in effect as a result of searching from a practice center.</p> 
			</note>

</context>
	</taskbody>

<task id="selectallfilters">
		<title>To select from all filters:</title>
		<taskbody>
		
			<steps>
				<step>
                    <cmd>Enter your search terms in the search box at the top of the page, using either <xref href="developnaturalsearch_ref.xml" scope="peer"> natural language</xref> or <xref href="connectors_group_ref.xml" scope="peer">Boolean</xref> search construction.</cmd>
					</step>
					<step>
					<cmd>Select the button to the left of the search button ( <image href="redmagnifyglass.png" alt="Search" placement="inline"/> ) and select the filters you want to use to narrow your search.
					</cmd>
					<note><p>If you select the &quot;Add to search&quot; (<image href="addtosearch.png" alt="Add to search" placement="inline"/>) icon next to another source, favorite, or topic, your selection will replace the filter that's already in effect as a result of searching from a practice center.</p></note>
					</step>
					<step>
                    <cmd>Select the search button ( <image href="redmagnifyglass.png" alt="Search" placement="inline"/> ).</cmd>
                </step>
            </steps>
</taskbody>
    </task> 

<task id="topsource">
		<title>Search In a Top Source:</title>
		<taskbody>
		
			<steps>
				<step>
                    <cmd>Enter your search terms in the search box, using either <xref href="developnaturalsearch_ref.xml" scope="peer"> natural language</xref> or <xref href="connectors_group_ref.xml" scope="peer">Boolean</xref> search construction.</cmd>
					</step>
					<step>
					<cmd>In the <uicontrol>Top Sources</uicontrol> pod, select the "Add to search" icon (<image href="addtosearch.png" alt="Add to search" placement="inline"/>) next to a source you want to search in. (Select an arrow (<image href="openarrow.png" alt="open" placement="inline"/>) next to a top-level source to expand it to select a single source beneath it.</cmd>
					</step>

		<step>
                    <cmd>Select the search button ( <image href="redmagnifyglass.png" alt="Search" placement="inline"/> ).</cmd>
                </step>
            </steps>
</taskbody>
    </task> 
		
<task id="keytopic">
		<title>Search In a Key Topic:</title>
		<taskbody>
		
			<steps>
				<step>
                    <cmd>Enter your search terms in the search box, using either <xref href="developnaturalsearch_ref.xml" scope="peer"> natural language</xref> or <xref href="connectors_group_ref.xml" scope="peer">Boolean</xref> search construction.</cmd>
					</step>
					<step>
					<cmd>In the <uicontrol>Key Topics</uicontrol> pod, select the &quot;Add to search&quot; icon (<image href="addtosearch.png" alt="Add to search" placement="inline"/>) next to a topic you want to search in. 
</cmd>
</step>
		<step>
                    <cmd>Select the search button ( <image href="redmagnifyglass.png" alt="Search" placement="inline"/> ).</cmd>
                </step>
            </steps>
</taskbody>
    </task> 
				
	<task id="newsarticle">
		<title>Select a news article:</title>
		<taskbody>
		
			<steps>
				
					<step>
					<cmd>In the <uicontrol>News &amp; Analysis</uicontrol> pod, select the tab for the news source you want. 
					</cmd>
					<note type="note"><p>If you select <uicontrol>Add as a search filter</uicontrol> to search in this source, the source will replace the filter that's already in effect as a result of searching from a practice center.</p>
			</note>
					<note type="note"><p>For additional News &amp; Analysis sources, click the down arrow (<image href="TriangleDown.png" alt="more" placement="inline"/>) to the right of the tabs.</p>
			</note>
<note type="note"><p>Select <uicontrol>View all ... News</uicontrol> to browse all available <ph keyref="prodname"/> news sources for this practice center.</p>
			</note>
					</step>

		<step>
                    <cmd>Select a news story.</cmd>

                </step>
            </steps>
</taskbody>
    </task> 
</task>