<?xml version="1.0" encoding="UTF-8"?>
<!DOCTYPE task PUBLIC "-//IBM//DTD DITA Composite//EN" "c:/dtd/ditabase.dtd">
<task id="previousresults_hdi" otherprops="resultsfilter">
	<title>How do I get back to my previous results after narrowing them one or more times?</title>
	<prolog>
		<author>Barb Bruns</author>
		<copyright>
			<copyryear year="2007"/>
			<copyrholder>Lexisnexis</copyrholder>
		</copyright>
		<critdates>
			<created date="2006-10-03"/>
		</critdates>
		<metadata>			
			<prodinfo>
				<prodname>Lexis Advance</prodname>
				<vrmlist>
					<vrm version="1"/>
				</vrmlist>
			</prodinfo>
		</metadata>
	</prolog>
	<taskbody>
		<context>
			<ul>
				<li>To return to previous versions of your results one step at a time, select the Remove icon (<image href="Closeremove.png" alt="Close level" placement="inline"/>) next to each of your selections at the top of the <uicontrol>Narrow By</uicontrol> pane.</li>
				<li>To return to your original results after narrowing them one or more times, select the <uicontrol>Clear</uicontrol> link at the top of the <uicontrol>Narrow By</uicontrol> pane.</li>
			</ul>
		</context>
	</taskbody>
</task>