<?xml version="1.0" encoding="UTF-8"?>
<!DOCTYPE task PUBLIC "-//IBM//DTD DITA Composite//EN" "c:/dtd/ditabase.dtd">
<task id="preview_hdi" otherprops="results;resultips;purchasetips;purchasepreviewtips" audience="private">
	<title>How do I preview out of plan documents?</title>
	<prolog>
		<author>Robin Stubbart</author>
		<copyright>
			<copyryear year="2010"/>
			<copyrholder>Lexisnexis</copyrholder>
		</copyright>
		<critdates>
			<created date="2010-06-23"/>
		</critdates>
		<metadata>			
			<prodinfo>
				<prodname>Lexis Advance</prodname>
				<vrmlist>
					<vrm version="1"/>
				</vrmlist>
			</prodinfo>
		</metadata>
	</prolog>
	<taskbody>
		<prereq>
			<p>You must first run a <xref href="search_hdi.xml" scope="peer">search</xref> before you can preview out of plan results.</p>
		</prereq>
		<context/>
		<steps>
			<step>
				<cmd>Select one or more documents marked as <uicontrol>Out of plan</uicontrol>.</cmd>
			</step>
			<step>
				<cmd>Click the <uicontrol>Show Free Preview</uicontrol> link to preview information for each item. The Preview dialog box appears.</cmd>
			</step>
			<step>
				<cmd>Clear any documents you do not want to retrieve.</cmd>
			</step>
			<step>
				<cmd>Click <uicontrol>Get It Now!</uicontrol> to access the documents you selected.</cmd>
			</step>
		</steps>
	</taskbody>
</task>