<?xml version="1.0" encoding="UTF-8"?>
<!DOCTYPE task PUBLIC "-//IBM//DTD DITA Composite//EN" "c:/dtd/ditabase.dtd">
<task id="printresults_hdi" otherprops="delivery;deliveryrangetips;attachprintips">
	<title>How do I print my results or documents?</title>	
	<prolog>		
		<author>Christina Stommel</author>
		<copyright>
			<copyryear year="2013"/>
			<copyrholder>Lexisnexis</copyrholder>
		</copyright>
		<critdates>
			<created date="2013-12-15"/>
		</critdates>
		<metadata>			
			<prodinfo>
				<prodname>Lexis Advance</prodname>
				<vrmlist>
					<vrm version="1"/>
				</vrmlist>
			</prodinfo>
		</metadata>
	</prolog>
	<taskbody>
		<context>
			<p><ph keyref="prodnamefirst"/> allows you to print PDF versions of any document you have open, or selected documents from a results list.</p>
			<note type="note">See <xref href="deliverattachments_hdi.xml" scope="peer"/> for details on printing any attachments associated with your delivery.</note>
			<p>To do this:</p>
		</context>
		<steps>									
				<step><cmd>Choose whether you want to print a single document, or print the results list:</cmd>
					<choicetable>						
						<chrow>
							<choption>To print the results list</choption>
							<chdesc>While viewing your results list, select the specific results you want to print, or don't select any results to print 250 of the first 1,000 results in your list.
							<note type="tip">You can easily clear items from your delivery tray by selecting the delivery count	drop-down list and then by either clicking the <uicontrol>Clear All</uicontrol> button located in the upper-right corner of the list, or by clicking the <uicontrol>X</uicontrol> next to the specific item you want to remove.</note>
							<note type="note">Public Records delivers up to 200 consecutive as well as non-consecutive items; not 250.</note>
							</chdesc>
							</chrow>
						<chrow>
							<choption>To print a single document</choption>
							<chdesc>While viewing the results list, open the specific document you want to print.</chdesc>
						</chrow>
					</choicetable>
				</step>

				<step><cmd>Choose whether you want to print your delivery immediately (using your last-used print settings), or select new print settings before completing the request: </cmd>
					<choicetable>
					<chrow>
					<choption>To print your selection immediately </choption>
					<chdesc>Click the <uicontrol>Print</uicontrol> icon (<image href="print.png" alt="Print"/>) in the delivery toolbar. The printing process is started immediately and no further steps are required. </chdesc>
					</chrow>
					<chrow>
					<choption>To select new print settings before printing your selection</choption>
					<chdesc>Click the <uicontrol>Settings</uicontrol> icon (<image href="deliverysettings.png" alt="Delivery Settings"/>) next to the Print icon (<image href="print.png" alt="Print"/>) and provide the required information on the Print dialog box. (See <xref href="attachprintips.xml" scope="peer"/>.)</chdesc>
					</chrow></choicetable></step>					
						</steps>

			<result>
			<note type="note">Depending on your default printer selection, you may be prompted with other options for delivering the document. For example, if you have specified Microsoft XPS Document Writer as your default printer, you will be prompted to save the document, which you can then print. </note></result>

		</taskbody>
</task>