<?xml version="1.0" encoding="UTF-8"?>
<!DOCTYPE task PUBLIC "-//IBM//DTD DITA Composite//EN" "c:/dtd/ditabase.dtd">
<task id="rerunsearch_hdi" otherprops="history" audience="res;lps;vsa;med;lpa">
	<title>How do I rerun a search?</title>
	<prolog>
		<author>Barb Bruns</author>
		<copyright>
			<copyryear year="2007"/>
			<copyrholder>Lexisnexis</copyrholder>
		</copyright>
		<critdates>
			<created date="2006-10-03"/>
		</critdates>
		<metadata>
			<prodinfo>
				<prodname>Lexis Advance</prodname>
				<vrmlist>
					<vrm version="1"/>
				</vrmlist>
			</prodinfo>
		</metadata>
	</prolog>
	<taskbody>
		<context>
			<p>If you want to rerun a search you performed previously, use the <uicontrol>Research Map</uicontrol> feature.</p>
		</context>
		<steps>
			<step>
				<cmd>To start, do one of the following:</cmd>
				<info>
					<ul>
						<li>On the <ph keyref="prodnamefirst"/> home page, select the <uicontrol>Research Map</uicontrol> from the bottom of the <uicontrol>History</uicontrol> pod.</li>
						<li>From <uicontrol>History</uicontrol> at the top of any page, select <uicontrol>Research Map</uicontrol>.</li>
					</ul>
				</info>
			</step>
			<step>
				<cmd>In the left pane, limit the list of searches you want to view in the <uicontrol>Trails</uicontrol> list by selecting the links for <uicontrol>View by</uicontrol>, <uicontrol>Client</uicontrol>, and <uicontrol>Date</uicontrol>.</cmd>
			</step>
			<step>
				<cmd>In the <uicontrol>Show Trails</uicontrol> list, select the checkbox for the search you want to rerun.</cmd>
			</step>
			<step>
				<cmd>In the map, select the search icon (<image href="search.png" alt="Search"/>) to display the details of the search.</cmd>
			</step>
			<step>
				<cmd>Under <uicontrol>Actions</uicontrol>, select <uicontrol>Rerun search</uicontrol>.</cmd>
				<info>
					<note type="note">To rerun a search as a different type, while viewing the <uicontrol>Search</uicontrol> drop-down list, select <uicontrol>Rerun as natural language</uicontrol> or <uicontrol>Rerun as terms &amp; connectors</uicontrol> (the phrase that is displayed depends on which way your original search was run). For more information, see <xref href="naturalvsterms_cpt.xml" scope="peer"/></note>
				</info>
			</step>
		</steps>
	</taskbody>
</task>