<?xml version="1.0" encoding="UTF-8"?>
<!DOCTYPE task PUBLIC "-//IBM//DTD DITA Composite//EN" "c:/dtd/ditabase.dtd">
<task id="restrictresultsbyanalysis_hdi" otherprops="resultsfilter;shep" audience="res">
	<title>How do I restrict my Shepard's&#xAE; results to a specific analysis?</title>
	<prolog>
		<author>Barb Bruns</author>
		<copyright>
			<copyryear year="2007"/>
			<copyrholder>Lexisnexis</copyrholder>
		</copyright>
		<critdates>
			<created date="2006-10-03"/>
		</critdates>
		<metadata>		
			<prodinfo>
				<prodname>Lexis Advance</prodname>
				<vrmlist>
					<vrm version="1"/>
				</vrmlist>
			</prodinfo>
		</metadata>
	</prolog>
	<taskbody>
		<context>
			<p>If your search retrieved Shepard's&#xAE; results containing analyses, you can restrict your results to only those documents that contain specific ones. To do this, follow the steps below.</p>
		</context>
		<steps>
			<step>
				<cmd>Submit your search request and review your results.</cmd>
			</step>
			<step>
				<cmd>In the <uicontrol>Analysis</uicontrol> section of the <uicontrol>Narrow By</uicontrol> pane, select the analysis you want to restrict your search to.  To select more than one analysis, select <uicontrol>Select Multiple</uicontrol>.  To display additional analyses, select <uicontrol>More</uicontrol>.</cmd>
			</step>
			<step>
				<cmd>To return to your original results set, select the Remove icon (<image href="Closeremove.png" alt="Remove level" placement="inline"/>) next to the citations you selected, which is displayed at the top of the <uicontrol>Narrow By</uicontrol> pane.  To remove all filters at once, select <uicontrol>Clear</uicontrol>.</cmd>
			</step>
		</steps>
		<result>
			<p>Your results are updated to show only documents pertaining to the analyses you selected.</p>
		</result>
	</taskbody>
</task>