<?xml version="1.0" encoding="UTF-8"?>
<!DOCTYPE task PUBLIC "-//IBM//DTD DITA Composite//EN" "c:/dtd/ditabase.dtd">
<task id="restrictresultsbycontentype_hdi" otherprops="resultsfilter" audience="res">
	<title>How do I restrict my results to specific categories?</title>
	<prolog>
		<author>Barb Bruns</author>
		<copyright>
			<copyryear year="2007"/>
			<copyrholder>Lexisnexis</copyrholder>
		</copyright>
		<critdates>
			<created date="2006-10-03"/>
		</critdates>
		<metadata>
			<prodinfo>
				<prodname>Lexis Advance</prodname>
				<vrmlist>
					<vrm version="1"/>
				</vrmlist>
			</prodinfo>
		</metadata>
		<data>focus, narrow, filter</data>
	</prolog>
	<taskbody>
		<context>
		</context>
		<steps>
			<step>
				<cmd>Submit your search request and review your results.</cmd>
			</step>
			<step>
				<cmd>In the <uicontrol>Category</uicontrol> section of the <uicontrol>Narrow By</uicontrol> pane, select the categories you want to restrict your search to.  For example, to restrict your results to case law, select <uicontrol>Cases</uicontrol>. To select more than one category, select <uicontrol>Select Multiple</uicontrol>.</cmd>
				<info>
					<note type="note">If you are viewing your results in the <uicontrol>Cases</uicontrol> category, <uicontrol>Category</uicontrol> is not displayed in the <uicontrol>Narrow By</uicontrol> pane because your results are already narrowed to the Cases category and can't be narrowed any further.  However, some categories, such as <uicontrol>Analytical Materials</uicontrol> can be further narrowed down, so the subcategories are displayed under <uicontrol>Category</uicontrol> when you are viewing your results from the Analytical Materials category.</note>
				</info>
			</step>
			<step>
				<cmd>To return to your original results set, select the Remove icon (<image href="Closeremove.png" alt="Close level" placement="inline"/>) next to the categories displayed at the top of the <uicontrol>Narrow By</uicontrol> pane.  To remove all filters at once, select <uicontrol>Clear</uicontrol>.</cmd>
			</step>
		</steps>
		<result>
			<p>Your results are updated to show only documents of the categories you selected.</p>
		</result>
	</taskbody>
</task>