<?xml version="1.0" encoding="UTF-8"?>
<!DOCTYPE task PUBLIC "-//IBM//DTD DITA Composite//EN" "c:/dtd/ditabase.dtd">
<task id="restrictbydaterange_hdi" otherprops="resultsfilter" audience="res">
	<title>How do I restrict my results to a specific date range?</title>
	<prolog>
		<author>Barb Bruns</author>
		<copyright>
			<copyryear year="2007"/>
			<copyrholder>Lexisnexis</copyrholder>
		</copyright>
		<critdates>
			<created date="2006-10-03"/>
		</critdates>
		<metadata>		
			<prodinfo>
				<prodname>Lexis Advance</prodname>
				<vrmlist>
					<vrm version="1"/>
				</vrmlist>
			</prodinfo>
		</metadata>
	</prolog>
	<taskbody>
		<context>
			<p>You can restrict your results to a particular date range from your results.</p>
		</context>
		<steps>
			<step>
				<cmd>Submit your search request and review your results.</cmd>
			</step>
			<step>
				<cmd>In the <uicontrol>Timeline</uicontrol> section of the <uicontrol>Narrow By</uicontrol> pane:</cmd>
				<info>
					<ul>
						<li>Use your mouse to move either of the sliders to the left or right until the date range you want is displayed and select <uicontrol>OK</uicontrol>.</li>
						<li>Enter a beginning year and an ending year in the date boxes and select <uicontrol>OK</uicontrol>.</li>
					</ul>
				</info>
			</step>
		</steps>
		<result>
			<p>Your results are updated to show only those documents that fall within the date range you selected.</p>
			<p>To return to your original results set, select the Remove icon (<image href="Closeremove.png" alt="Close level" placement="inline"/>) next to the list of dates displayed at the top of the <uicontrol>Narrow By</uicontrol> pane.  To remove all filters at once, select <uicontrol>Clear</uicontrol>.</p>
		</result>
	</taskbody>
</task>