<?xml version="1.0" encoding="utf-8"?>
<!DOCTYPE concept PUBLIC "-//IBM//DTD DITA Composite//EN" "c:/dtd/ditabase.dtd">
<concept id="alertfailure_cpt" otherprops="alerts">
	<title>Your Alert Was Not Created</title>
	<prolog>
		<author>Barb Bruns</author>
		<copyright>
			<copyryear year="2009"/>
			<copyrholder>Lexisnexis</copyrholder>
		</copyright>
		<critdates>
			<created date="2009-01-21"/>
		</critdates>
		<metadata>
			<prodinfo>
				<prodname>Lexis Advance</prodname>
				<vrmlist>
					<vrm version="1"/>
				</vrmlist>
			</prodinfo>
		</metadata>
	</prolog>
	<conbody>
		<p>If you see the <uicontrol>Alert creation failure</uicontrol> notice under an alert in your list of alerts, it means an error occurred that prevented this alert from being saved when you created it. Please delete the alert and create it again.  We are sorry for any inconvenience this has caused.</p>
	</conbody>
</concept>