<?xml version="1.0" encoding="utf-8"?>
<!DOCTYPE concept PUBLIC "-//IBM//DTD DITA Composite//EN" "c:/dtd/ditabase.dtd">
<concept id="alertfailed_cpt" otherprops="alertserror">
	<title>Alert Creation Failed</title>
	<prolog>
		<author>Barb Bruns</author>
		<copyright>
			<copyryear year="2009"/>
			<copyrholder>Lexisnexis</copyrholder>
		</copyright>
		<critdates>
			<created date="2009-01-21"/>
		</critdates>
		<metadata>
			<prodinfo>
				<prodname>Lexis Advance</prodname>
				<vrmlist>
					<vrm version="1"/>
				</vrmlist>
			</prodinfo>
		</metadata>
	</prolog>
	<conbody>
		<p>If you see the <uicontrol>Alert creation failed</uicontrol> notice in your list of alerts, it means there was an error while the alert was being saved, and it was not created. You'll need to delete the alert, run the search again, and re-create the alert.</p>
		<p>We apologize for any inconvenience this may have caused.</p>
	</conbody>
</concept>