<?xml version="1.0" encoding="utf-8"?>
<!DOCTYPE concept PUBLIC "-//IBM//DTD DITA Composite//EN" "c:/dtd/ditabase.dtd">
<concept id="alertmaxthreshold_cpt" otherprops="alertserror">
	<title>Why was this alert paused?</title>
	<prolog>
		<author>Barb Bruns</author>
		<copyright>
			<copyryear year="2009"/>
			<copyrholder>Lexisnexis</copyrholder>
		</copyright>
		<critdates>
			<created date="2009-01-21"/>
		</critdates>
		<metadata>
			<prodinfo>
				<prodname>Lexis Advance</prodname>
				<vrmlist>
					<vrm version="1"/>
				</vrmlist>
			</prodinfo>
		</metadata>
	</prolog>
	<conbody>
		<p>If you see the <uicontrol>Alert paused due to excessive results</uicontrol> notice under an alert in your list of alerts, it means that your alert was temporarily suspended because it retrieved an excessive number of results in the past 24 hours.  This could be because your search is not specific enough, or because it contained only one or two general search terms, such as <userinput>tax</userinput> or <userinput>international</userinput>.</p>
		<p>Please delete this alert and create a new one, using search terms that are closely related to your topic of interest, and perhaps making it more restrictive by using connectors.  A more specific search alert will retrieve fewer, more relevant results.  For more information about using connectors in a search, see <xref href="useconnectors_hdi.xml" scope="peer"/></p>
		<note>This alert will resume after being paused for 24 hours, but if it continues to retrieve excessive results it may be suspended again.</note>
	</conbody>
</concept>