<?xml version="1.0" encoding="utf-8"?>
<!DOCTYPE concept PUBLIC "-//IBM//DTD DITA Composite//EN" "c:/dtd/ditabase.dtd">
<concept id="alert_cpt" otherprops="alerts">
	<title>What is an alert?</title>
	<prolog>
		<author>Barb Bruns</author>
		<author>Christina Stommel (GDSI Release)</author>
		<copyright>
			<copyryear year="2009"/>
			<copyrholder>Lexisnexis</copyrholder>
		</copyright>
		<critdates>
			<created date="2009-01-21"/>
		</critdates>
		<metadata>
			<prodinfo>
				<prodname>Lexis Advance</prodname>
				<vrmlist>
					<vrm version="1"/>
				</vrmlist>
			</prodinfo>
		</metadata>
	</prolog>
	<conbody>

		<section>		
		<p>An alert is a search you save to run automatically at intervals you specify.  You can create the following types of alerts (the alert type that is created is the same as the type of search you ran):</p>
		<ul>
			<li>Search</li>
			<li>Topic</li>
			<li><ph keyref="shepardsfirst"/></li>
			<li>Compare Search Results</li>
			<li>Find Similar Documents</li>
			<li>Pending Legislative</li>
			<li>... and others</li>
		</ul>
		<p>To set up an alert, first run a search, then select the <uicontrol>Alert</uicontrol> icon (<image href="Alerts.png" alt="Alert" placement="inline"/>) above your search results.  Then provide the required information for saving and running the alert.</p>
		<p>For more information about alerts, view the links below.</p>
		</section>
	</conbody>
	<task conref="alertcreate_hdi.xml" id="alertcreate_hdi"><title/><taskbody/></task>	
	<task conref="alertviewresults_hdi.xml" id="alertviewresults_hdi"><title/><taskbody/></task>
	<task conref="alertedit_hdi.xml" id="alertedit_hdi"><title/><taskbody/></task>
	<task conref="alertdelete_hdi.xml" id="alertdelete_hdi"><title/><taskbody/></task>
	<task conref="alertupdate_hdi.xml" id="alertupdate_hdi"><title/><taskbody/></task>
	<task conref="alertpause_hdi.xml" id="alertpause_hdi"><title/><taskbody/></task>
	<task conref="alertrestart_hdi.xml" id="alertrestart_hdi"><title/><taskbody/></task>
	<task conref="alertsearch_hdi.xml" id="alertsearch_hdi"><title/><taskbody/></task>
	<reference conref="alertshepcreatetips.xml" id="alertshepcreatetips"><title/><refbody/></reference>
	<reference conref="alertcomparecreatetips.xml" id="alertcomparecreatetips"><title/><refbody/></reference>
	<reference conref="alertshepeditips.xml" id="alertshepeditips"><title/><refbody/></reference>
	<reference conref="alertssavetofoldertips.xml" id="alertssavetofoldertips"><title/><refbody/></reference>
</concept>