<?xml version="1.0" encoding="utf-8"?>
<!DOCTYPE concept PUBLIC "-//IBM//DTD DITA Composite//EN" "c:/dtd/ditabase.dtd">
<concept id="allterms_cpt">
	<title>What's the difference between "Expanded Results" and "Fewer Results"?</title>
	<prolog>
		<author>Barb Bruns</author>
		<copyright>
			<copyryear year="2009"/>
			<copyrholder>Lexisnexis</copyrholder>
		</copyright>
		<critdates>
			<created date="2009-01-21"/>
		</critdates>
		<metadata>
			<prodinfo>
				<prodname>Lexis Advance</prodname>
				<vrmlist>
					<vrm version="1"/>
				</vrmlist>
			</prodinfo>
		</metadata>
	</prolog>
	<conbody>
		<p>When you run a natural language search on <ph keyref="prodnamefirst"/>, the <uicontrol>Actions</uicontrol> menu at the top of your results will have an option that says either <uicontrol>Expanded results</uicontrol> or <uicontrol>Fewer results</uicontrol>.  The option that is displayed depends on what your results list contains.</p>
			
		<p>When you select the option, the number of documents in your results list will change. If you select <uicontrol>Expanded results</uicontrol>, your results list will expand to include all the documents containing any of your search terms.  If you select <uicontrol>Fewer results</uicontrol>, your results list will change to retrieve only the top results.</p>
		<p>You can control which kind of results list is displayed first every time you search, in <uicontrol>Settings > <ph keyref="prodnamefirst"/> Research</uicontrol> under <uicontrol>Preferred Results Set Display</uicontrol>.</p>
		 
<p>Terms and connectors searches are not affected by this option.  If you run a search using terms and connectors, or select <uicontrol>Run search as terms &amp; connectors</uicontrol> from the <uicontrol>Actions</uicontrol> menu at the top of your results, the <uicontrol>Expanded results</uicontrol> and <uicontrol>Fewer results</uicontrol> options are not available. </p>

	</conbody>
	
</concept>