<?xml version="1.0" encoding="utf-8"?>
<!DOCTYPE concept PUBLIC "-//IBM//DTD DITA Composite//EN" "c:/dtd/ditabase.dtd">
<concept id="analyticalview_cpt" otherprops="results">
	<title>What is the graphical view?</title>
	<prolog>
		<author>Barb Bruns</author>
		<copyright>
			<copyryear year="2009"/>
			<copyrholder>Lexisnexis</copyrholder>
		</copyright>
		<critdates>
			<created date="2009-01-21"/>
		</critdates>
		<metadata>
			<prodinfo>
				<prodname>Lexis Advance</prodname>
				<vrmlist>
					<vrm version="1"/>
				</vrmlist>
			</prodinfo>
		</metadata>
	</prolog>
	<conbody>
		<p>The graphical view shows the location and distribution of each of your search terms in each of the documents in your results in a graphical display. The graphical view is available in both your results list and in the full document.  At a glance, this view gives you an idea of how often your search terms occur in your results or a specific document, which terms appear in close proximity to others, and which segments they appear in.</p>

		<p>You can use the graphical view to navigate directly to points in your documents where your terms appear together, or select a highlighted term to view an extract of the document where the term appears.</p>
		
		<p>You can change or remove the search terms you want included in the display.</p>
		
	</conbody>

</concept>