<?xml version="1.0" encoding="utf-8"?>
<!DOCTYPE concept PUBLIC "-//IBM//DTD DITA Composite//EN" "c:/dtd/ditabase.dtd">
<concept id="cbabout_cpt" otherprops="cb" audience="cb">
	<title>What is <ph keyref="cbnamefirst"/>?</title>
	<prolog>
		<author>Robin Stubbart</author>
		<copyright>
			<copyryear year="2013"/>
			<copyrholder>Lexisnexis</copyrholder>
		</copyright>
		<critdates>
			<created date="2013-08-12"/>
		</critdates>
		<metadata>
			<prodinfo>
				<prodname>Lexis Advance</prodname>
				<vrmlist>
					<vrm version="1"/>
				</vrmlist>
			</prodinfo>
		</metadata>
	</prolog>
	<conbody>
		<p><ph keyref="cbnamefirst"/> is a tool used to compare information about your costs against industry data gathered by LexisNexis.</p>
		<p>The data in <ph keyref="cbname"/> is processed through the CounselLink&#174; system. This data is made anonymous and aggregated so no single corporation or legal vendor can be recognized. The data is further protected for confidentiality as no data is shown if there are less than 5 different companies represented in the data set the user has requested. This provides a more statistically relevant sample and protects the anonymity of the data. Data in the tool is updated every month with data collected up to two months prior.</p>
	</conbody>
</concept>