<?xml version="1.0" encoding="utf-8"?>
<!DOCTYPE concept PUBLIC "-//IBM//DTD DITA Composite//EN" "c:/dtd/ditabase.dtd">
<concept id="copycitationcurrent_cpt" otherprops="fulldoctools">
	<title>Currency Statement</title>
	<prolog>
		<author>Barb Bruns</author>
		<copyright>
			<copyryear year="2016"/>
			<copyrholder>Lexisnexis</copyrholder>
		</copyright>
		<critdates>
			<created date="2016-02-29"/>
		</critdates>
		<metadata>
			<prodinfo>
				<prodname>Lexis Advance</prodname>
				<vrmlist>
					<vrm version="1"/>
				</vrmlist>
			</prodinfo>
		</metadata>
	</prolog>
	<conbody>
		<p>To include the currency information in parentheses with the citation and the text you selected, select <uicontrol>How current this code is in <ph keyref="prodnamefirst"/>.</uicontrol></p>


<p>The currency information for the statute as provided by <ph keyref="companyfirst"/> is displayed at the top of the statute document.  Here are some examples of currency statements:</p>

<ul>
<li>Current through the 1st Regular Session of the 55th Legislature (2015)</li>
<li>Current through PL 114-115, approved 12/28/15</li>
<li>This document is current through 2016 Public Act</li>
</ul>

	</conbody>
</concept>