<?xml version="1.0" encoding="utf-8"?>
<!DOCTYPE concept PUBLIC "-//IBM//DTD DITA Composite//EN" "c:/dtd/ditabase.dtd">
<concept id="custompage_cpt" otherprops="res;custompage" audience="res">
	<title>What is a <ph keyref="prodnamefirst"/> custom page?</title>
	<prolog>
		<author>Barb Bruns</author>
		<copyright>
			<copyryear year="2010"/>
			<copyrholder>Lexisnexis</copyrholder>
		</copyright>
		<critdates>
			<created date="2009-01-21"/>
		</critdates>
		<metadata>
			<prodinfo>
				<prodname>Lexis Advance</prodname>
				<vrmlist>
					<vrm version="1"/>
				</vrmlist>
			</prodinfo>
		</metadata>
	</prolog>
	<conbody>
		<p>Custom pages are pages you customize with your favorite sources and tools, to fit the way you work. You can select the sources and tools you use most often while still having access to all the content and products in your subscription from the <ph keyref="prodnamefirst"/> Home page.</p>
		<p>You can create as many custom pages as you wish - one for each focus of your practice. Once you create them, your custom pages will be available from the <uicontrol>Custom Pages</uicontrol> pod on the <ph keyref="prodname"/> landing page.  You can also:</p>
		<ul>
		<li>Set a custom page to be your start page (the page you see when you sign into <ph keyref="prodname"/>.  For information about how to set a custom page as your start page, see <xref href="custompagesetstart_hdi.xml" scope="peer"></xref>.</li>

			<li audience="R7.6">Share a custom page with others see <xref href="custompageshare_hdi.xml" scope="peer"></xref>.</li>
		</ul>
		
	<p>For a list of pods you can include on your custom page, see <xref href="custompagepods_ref.xml" scope="peer"/></p>
	<!--<dl>
	 <dlentry>
	 <dt>Favorites</dt>
<dd>Displays the sources, topics, and filters you use most often in your searches.</dd>
</dlentry>

<dlentry>
<dt>History</dt>
<dd>Automatically saves searches, documents, deliveries, etc. so you can quickly resume past work.</dd>
</dlentry>

<dlentry>
<dt>Folders</dt>
<dd>Save your searches, documents, notes, and alerts into folders to quickly return to them later.</dd>
</dlentry>

<dlentry>
<dt>News</dt>
<dd>Keep track of the latest legal news.</dd>
</dlentry>

<dlentry>
<dt>Latest Updates</dt>
<dd>Learn more about the newest changes in <ph keyref="prodnamefirst"/>.</dd>
</dlentry>

<dlentry>
<dt>Alerts</dt> 
<dd>Create a new alert or view the results of alerts you have saved.</dd>
</dlentry> 

<dlentry>
<dt>Notifications</dt>
<dd>Keep track of items you have shared or that have been shared with you.</dd>
</dlentry>

<dlentry>
<dt>Archives</dt>
<dd>Search archived codes, including statutory codes, constitutions, administrative codes, and municipal codes.</dd>
</dlentry>

<dlentry>
<dt>Support</dt>
<dd>Provides access to online help, tutorials, training videos, and Customer Support.</dd>
</dlentry>

<dlentry>
<dt>Get &amp; Print</dt>
<dd>Enter multiple citations and download or print documents or <ph keyref="shepardsfirst"/> reports. For more information, see <xref href="searchgetandprint_hdi.xml" scope="peer"></xref></dd>
</dlentry>

<dlentry>
<dt>Get a Doc</dt>
<dd>Retrieve a document by citation, party name, or docket number. For more information, see <xref href="getandprint_hdi.xml" scope="peer"></xref></dd>
</dlentry>
</dl>-->
		

	
</conbody>	
	<task conref="custompagecreate_hdi.xml" id="custompagecreate_hdi"><title/><taskbody/></task>
<task conref="custompagesetstart_hdi.xml" id="custompagesetstart_hdi"><title/><taskbody/></task>
	</concept>