<?xml version="1.0" encoding="utf-8"?>
<!DOCTYPE concept PUBLIC "-//IBM//DTD DITA Composite//EN" "c:/dtd/ditabase.dtd">
<concept id="delivery_cpt" otherprops="delivery">
	<title>What is delivery?</title>
	<prolog>
		<author>Barb Bruns</author>
		<copyright>
			<copyryear year="2009"/>
			<copyrholder>Lexisnexis</copyrholder>
		</copyright>
		<critdates>
			<created date="2009-01-21"/>
		</critdates>
		<metadata>
			<prodinfo>
				<prodname>Lexis Advance</prodname>
				<vrmlist>
					<vrm version="1"/>
				</vrmlist>
			</prodinfo>
		</metadata>
	</prolog>
	<conbody>
		<p>When you select a document from your results, you can download it, email it, print it, or save it to Dropbox.</p>	
		<note type="note">You can easily clear items from your delivery tray by selecting the delivery count	drop-down list and then by either clicking the <uicontrol>Clear All</uicontrol> button located in the upper-right corner of the list, or by clicking the <uicontrol>X</uicontrol> next to the specific item you want to remove.</note>
		<p>For more information on delivering your documents, read through the links below.</p>
	</conbody>
	<task conref="downloadresults_hdi.xml" id="downloadresults_hdi"><title/><taskbody/></task>
	<task conref="emailresults_hdi.xml" id="emailresults_hdi"><title/><taskbody/></task>
	<task conref="printresults_hdi.xml" id="printresults_hdi"><title/><taskbody/></task>
	<task conref="dropboxresults_hdi.xml" id="dropboxresults_hdi"><title/><taskbody/></task>
	<reference conref="attachdownloadtips.xml" id="attachdownloadtips"><title/><refbody/></reference>
	<reference conref="attachemailtips.xml" id="attachemailtips"><title/><refbody/></reference>
	<reference conref="attachprintips.xml" id="attachprintips"><title/> <refbody/></reference>
	<reference conref="attachdropboxtips.xml" id="attachdropboxtips"><title/><refbody/></reference>
	<reference conref="printerfriendlytips.xml" id="printerfriendlytips"><title/><refbody/></reference>
	<concept conref="tutorialdelivery_cpt.xml" id="tutorialdelivery"><title/><conbody/></concept>
</concept>