<?xml version="1.0" encoding="utf-8"?>
<!DOCTYPE concept PUBLIC "-//IBM//DTD DITA Composite//EN" "c:/dtd/ditabase.dtd">
<concept id="explorecontent_cpt" audience="res" otherprops="searchadvanced">
	<title>What is Explore Content?</title>
	<prolog>
		<author>Barb Bruns</author>
		
		<copyright>
			<copyryear year="2016"/>
			<copyrholder>Lexisnexis</copyrholder>
		</copyright>
		<critdates>
			<created date="2016-1-21"/>
		</critdates>
		<metadata>
			<prodinfo>
				<prodname>Lexis Advance</prodname>
				<vrmlist>
					<vrm version="1"/>
				</vrmlist>
			</prodinfo>
		</metadata>
	</prolog>
	<conbody>
		<p>If you know which source or sources you want to search in, use <uicontrol>Explore Content</uicontrol> on the <ph keyref="prodnamefirst"/> home page to navigate to them quickly. You can select a specific source (or group of sources) by content area, jurisdiction, or practice area. </p>
		<p>If you don't have a specific source in mind, you can use the <uicontrol>Content Type</uicontrol>, <uicontrol>Federal</uicontrol>, <uicontrol>State</uicontrol>, or <uicontrol>Practice Area</uicontrol> tabs to browse through the sources available on each tab, or search all the sources available on the page.</p>
		<p>When you select from <uicontrol>Explore Content</uicontrol>, a search form appears and the sources you selected are shown to the left of the search button (<image href="redmagnifyglass.png" alt="Search" placement="inline"/> ).</p>
		<p>If you wish, you can save the path you took through <uicontrol>Explore Content</uicontrol> to use later or share.  Once you've selected the source or sources you want, select <uicontrol>Link to this page</uicontrol> from the <uicontrol>Actions</uicontrol> drop-down menu. This creates a permalink you can copy and paste into your browser.</p>
		<p>If you'd rather search by selecting pre-filters from the left panel, select <uicontrol>Search Everything</uicontrol> in the search box instead of selecting from <uicontrol>Explore Content</uicontrol>.</p>   
		
	</conbody>
</concept>