<?xml version="1.0" encoding="utf-8"?>
<!DOCTYPE concept PUBLIC "-//IBM//DTD DITA Composite//EN" "c:/dtd/ditabase.dtd">
<concept id="filter_cpt" otherprops="searchfilter">
	<title>What is a recent or favorite filter?</title>
	<prolog>
		<author>Barb Bruns</author>
		<copyright>
			<copyryear year="2009"/>
			<copyrholder>Lexisnexis</copyrholder>
		</copyright>
		<critdates>
			<created date="2009-01-21"/>
		</critdates>
		<metadata>
			<prodinfo>
				<prodname>Lexis Advance</prodname>
				<vrmlist>
					<vrm version="1"/>
				</vrmlist>
			</prodinfo>
		</metadata>
	</prolog>
	<conbody>
		
<p>When performing a search using <ph keyref="prodnamefirst"/>, you can select any number of pre-search filters to help limit your search results to the information you want to view. This can make it easier to review your results and make the best decision for continuing your research.</p>
<p>Sometimes you may find you want to reuse filters you've already applied to a search. You can do this using either of the following methods:</p>
<ul>
<li>You can explicitly save these filters as <i>favorites</i>.</li>
<li>You can have Lexis Advance automatically keep a short history of filters you've applied to searches you've performed. </li>
</ul>
<p>Then, when performing new searches, you can review and use either a favorite filter or a recently used filter.</p>
<p>You access both your favorite filters and recently used filters from the Recent &amp; Favorites page of the Filters drop-down list. While viewing this list, you can remove filters you no longer want to view or use. Additionally, if you are viewing a recently used filter and you want to save it as a favorite, you can select the Favorites icon next to it.</p>
<p>If you don't want Lexis Advance to keep a record of your recently used filters, you can clear this option at <uicontrol>Settings > Lexis Advance® Research</uicontrol>.</p> 
<p>Review any of the following topics for more information:</p>
    </conbody>

    <task conref="restrictsearch_hdi.xml" id="restrictsearch_hdi"><title/><taskbody/></task>
    <task conref="savefilter_hdi.xml" id="savefilter_hdi"><title/><taskbody/></task>
    <task conref="deletefilter_hdi.xml" id="deletefilter_hdi"><title/><taskbody/></task>

</concept> 

	

