<?xml version="1.0" encoding="utf-8"?>
<!DOCTYPE concept PUBLIC "-//IBM//DTD DITA Composite//EN" "c:/dtd/ditabase.dtd">
<concept id="filtersocrates_cpt" audience="socrates">
	<title>What are these default filters?</title>
	<prolog>
		<author>Barb Bruns</author>
		<copyright>
			<copyryear year="2009"/>
			<copyrholder>Lexisnexis</copyrholder>
		</copyright>
		<critdates>
			<created date="2009-01-21"/>
		</critdates>
		<metadata>
			<prodinfo>
				<prodname>Lexis Advance</prodname>
				<vrmlist>
					<vrm version="1"/>
				</vrmlist>
			</prodinfo>
		</metadata>
	</prolog>
	<conbody>
		
<p>If you often search in the same jurisdiction and practice area, the <ph keyref="prodname"/> product can apply those filters as defaults every time you search. Read through the options below to decide whether you want to use these options.  You can select them right now (after you close this help file) or you can make the same selections at any time from your <uicontrol>Settings</uicontrol>. If you make your selections now, you can change them at any time from the <uicontrol>Settings</uicontrol> page.</p>
<dl>
		<dlentry>
		<dt>Apply filters as defaults based on my usage</dt>
		<dd>Select this option if you want the <ph keyref="prodname"/> product to suggest the jurisdiction you use most often as your default for searching. If you accept the default, you can change the jurisdiction at any time while you're searching, but the default filter will be used for any search you start from your Home page, unless you change it from Settings.</dd>
		</dlentry>

<dlentry>
		<dt>Remember my search filters from one search to the next</dt>
		<dd>Select this to keep the filters you selected until you change them.</dd>
		</dlentry>

<dlentry >
<dt>Clear my filters for every new search</dt>
<dd>Select this if you want to select new filters each time you search, or you want to search everything.</dd>
</dlentry>
</dl>

    </conbody>

</concept> 

	

