<?xml version="1.0" encoding="utf-8"?>
<!DOCTYPE concept PUBLIC "-//IBM//DTD DITA Composite//EN" "c:/dtd/ditabase.dtd">
<concept id="fulldoc_cpt" otherprops="fulldocmain" audience="res">
	<title>What is a full document page?</title>
	<prolog>
		<author>Barb Bruns</author>
		<author>Christina Stommel</author>
		<copyright>
			<copyryear year="2009"/>
			<copyrholder>Lexisnexis</copyrholder>
		</copyright>
		<critdates>
			<created date="2009-01-21"/>
		</critdates>
		<metadata>
			<prodinfo>
				<prodname>Lexis Advance</prodname>
				<vrmlist>
					<vrm version="1"/>
				</vrmlist>
			</prodinfo>
		</metadata>
	</prolog>
	<conbody>		
	        <p>When you select a document from your results, the full text of the document is displayed. The <b><ph keyref="shepardsfirst"/></b> pane to the right of the document lets you <i>Shepardize</i>&#174; the document. <uicontrol>About This Document</uicontrol> provides more information about the document and access to the <ph keyref="litnamefirst"/> so you can track the legal issues addressed in the case law document.</p>
        <p>To return to your results list, select <uicontrol>Results List</uicontrol> at the top of the page. Use <uicontrol>Previous Document</uicontrol> and <uicontrol>Next Document</uicontrol> to display the previous or next document in your results. Use the  <uicontrol>Reading View</uicontrol> button (<image href="docreadingview.png" alt="Full Doc View"/>) to view just the document. (In this view, only a few tools will  be available for working with the document.) To access the full range of tools again, click the <uicontrol>Reading View</uicontrol> button again.</p>
		<p>Additionally, you can search the document for either your search terms, or any other terms you specify.</p>

</conbody>

	<reference conref="fulldoctips.xml" id="fulldoctips"><title/><refbody/></reference>
	<task conref="savedocumenttofolder_hdi.xml" id="savedocumenttofolder_hdi"><title/><taskbody/></task>
	<task conref="savetexttofolder_hdi.xml" id="savetexttofolder_hdi"><title/><taskbody/></task>
	<task conref="copytexttoclipboard_hdi.xml" id="copytexttoclipboard_hdi"><title/><taskbody/></task>
	<task conref="uselegalissuetrail_hdi.xml" id="uselegalissuetrail_hdi"><title/><taskbody/></task>
	<task conref="fulldocworkwith_hdi.xml" id="fulldocworkwith_hdi"><title/><taskbody/></task>
	<task conref="searchfulldoc_hdi.xml" id="searchfulldoc_hdi"><title/><taskbody/></task>
     
</concept>