<?xml version="1.0" encoding="utf-8"?>
<!DOCTYPE concept PUBLIC "-//IBM//DTD DITA Composite//EN" "c:/dtd/ditabase.dtd">
<concept id="history_cpt" otherprops="history">
	<title>What is the history feature?</title>
	<prolog>
		<author>Barb Bruns</author>
		<copyright>
			<copyryear year="2009"/>
			<copyrholder>Lexisnexis</copyrholder>
		</copyright>
		<critdates>
			<created date="2009-01-21"/>
		</critdates>
		<metadata>
			<prodinfo>
				<prodname>Lexis Advance</prodname>
				<vrmlist>
					<vrm version="1"/>
				</vrmlist>
			</prodinfo>
		</metadata>
	</prolog>
	<conbody>
		<p>You can quickly resume your work from past research sessions using the <ph keyref="prodnamefirst"/> history feature.  Your searches, search terms, documents, deliveries, and other activities are automatically saved in the history for up to 90 days. You can display your research history in a list view or a graphic (&quot;map&quot;) view. You can access history by selecting <uicontrol>History</uicontrol> at the top of any page, and then selecting a specific search or other item from the list, or <uicontrol>View all history</uicontrol> or <uicontrol>Research Map</uicontrol>. Or, on the <ph keyref="prodname"/> home page, select the <uicontrol>History</uicontrol> pod, then select a specific item, or select <uicontrol>View all history</uicontrol> or <uicontrol>Research Map</uicontrol> at the bottom.</p>
		<note type="note">For Public Records, you can only find items in history for up to 10 days.</note>
		<p>Your last 5 searches are listed on the <uicontrol>History</uicontrol> pod on the home page.  Select a search to display the results for it, or select <uicontrol>View all history</uicontrol> to display your searches from the last 90 days.</p>
		<p>To save any of these activities for an unlimited time, create a folder in which to store them. See <xref href="gh_homeworkfolders.xml" scope="peer"/> for details.</p>
	</conbody>
</concept>