<?xml version="1.0" encoding="utf-8"?>
<!DOCTYPE concept PUBLIC "-//IBM//DTD DITA Composite//EN" "c:/dtd/ditabase.dtd">
<concept id="icwpodescriptions_cpt" otherprops="icwprofessor" audience="icw">
	<title><ph keyref="icwnamefirst"/> for students</title>
	<prolog>
		<author>Garth Lewis</author>
		<copyright>
			<copyryear year="2014"/>
			<copyrholder>Lexisnexis</copyrholder>
		</copyright>
		<critdates>
			<created date="2014-04-22"/>
		</critdates>
		<metadata>
			<prodinfo>
				<prodname>Lexis Advance</prodname>
				<vrmlist>
					<vrm version="1"/>
				</vrmlist>
			</prodinfo>
		</metadata>
	</prolog>
	<conbody>
		<p>The <ph keyref="icwnamefirst"/> Home page for students is a dashboard view of your online citation manual exercises. This page consists of six pods, which allow you to access the exercises and track your progress, as well as choose your professors and order physical copies of the manuals.</p>
		<p>The pod names and their descriptions follow:</p>
		<simpletable>
			<sthead>
				<stentry>Pod Name</stentry>
				<stentry>Description</stentry>
				<stentry>How Does It Work?</stentry>
			</sthead>
			<strow>
				<stentry>
					<ul>
						<li>Bluebook Exercises</li>
						<li>Bluebook State Exercises</li>
						<li>ALWD Exercises</li>
						<li>ALWD State Exercises</li>
					</ul>
				</stentry>
				<stentry>
					<p>These pods display your current status in each of your exercise manuals. At a glance you can see which exercises you've started, which you've completed, and which ones you still need to start. You can access any listed exercise directly to work on any that are not started or in progress, or to review any you have completed. You can also access the status page for any of the exercise manuals.</p>
					<note type="note">These exercises correspond with the following references, which you should use to find citation rules:
						<ul>
							<li>The Bluebook®: A Uniform System of Citation (20th ed.) (Bluebook)</li>
							<li>The ALWD Guide to Legal Citation, Fifth Edition (ALWD)</li>
						</ul>
					</note>
				</stentry>
				<stentry>
					<p>Select the name of any exercise to work on that exercise. If you select an exercise you already completed, you will have the opportunity to request a reset, or to take it again for practice.</p>
					<p>If you want to see more detailed information about your progress for a given exercise manual, select <uicontrol>View status page for...</uicontrol> at the bottom of the pod. The status page gives you information such as grades for completed exercises, and the number of correct and incorrect answers for completed and in-progress exercises. From this page you can also: </p>
					<ul>
						<li>Request that your professor reset a completed or in-progress exercise so you can start over</li>
						<li>Retake a completed exercise for practice</li>
						<li>View and print completion certificates for completed exercises.</li>
					</ul>
				</stentry>
			</strow>
			<strow>
				<stentry>Professor Settings</stentry>
				<stentry>The names of the professors you're working with appear in this pod. These professors grade your exercises, and can reset exercises you need to start over.</stentry>
				<stentry>Select <uicontrol>Edit Professor Settings</uicontrol> to add or remove professors, or to change the primary/secondary status.</stentry>
			</strow>
			<strow>
				<stentry><ph keyref="companyfirst"/> Bookstore</stentry>
				<stentry>The links in this pod allow you to find and purchase physical copies of the books on which the <ph keyref="icwname"/> exercises are based.</stentry>
				<stentry>Select the link for the book you want to find in the <ph keyref="companyfirst"/> bookstore.</stentry>
			</strow>
		</simpletable>
	</conbody>
</concept>