<?xml version="1.0" encoding="utf-8"?>
<!DOCTYPE concept PUBLIC "-//IBM//DTD DITA Composite//EN" "c:/dtd/ditabase.dtd">
<concept id="icwproblemsforattention_cpt" otherprops="icwprofessor" audience="icw">
	<title>Incorrectly Answered by 25% or More Students</title>
	<prolog>
		<author>Garth Lewis</author>
		<copyright>
			<copyryear year="2014"/>
			<copyrholder>Lexisnexis</copyrholder>
		</copyright>
		<critdates>
			<created date="2014-04-22"/>
		</critdates>
		<metadata>
			<prodinfo>
				<prodname>Lexis Advance</prodname>
				<vrmlist>
					<vrm version="1"/>
				</vrmlist>
			</prodinfo>
		</metadata>
	</prolog>
	<conbody>
		<p>The Incorrectly Answered by 25% or More Students page identifies exercise questions that may be giving your students trouble. Questions may be flagged for attention when the total number of students who gave an incorrect answer, skipped the question, and/or have not yet answered exceeds the number of students who gave a correct citation. Organized by manual and exercise, the list contains the top 100 problems that may need your attention.</p>
	</conbody>
</concept>