<?xml version="1.0" encoding="utf-8"?>
<!DOCTYPE concept PUBLIC "-//IBM//DTD DITA Composite//EN" "c:/dtd/ditabase.dtd">
<concept id="legalissuetrail_cpt" otherprops="fulldocrhp" audience="res">
	<title>What is the <ph keyref="litnamefirst"/>?</title>
	<prolog>
		<author>Barb Bruns</author>
		<copyright>
			<copyryear year="2009"/>
			<copyrholder>Lexisnexis</copyrholder>
		</copyright>
		<critdates>
			<created date="2009-01-21"/>
		</critdates>
		<metadata>
			<prodinfo>
				<prodname>Lexis Advance</prodname>
				<vrmlist>
					<vrm version="1"/>
				</vrmlist>
			</prodinfo>
		</metadata>
	</prolog>
	<conbody>
		<p>The <ph keyref="litnamefirst"/> lists cases that cite to the case you are viewing as well as cases your case has cited - for a specific legal issue or point of law. To use it, select <uicontrol>Activate Passages</uicontrol> and then select the passage dealing with the issue you are researching.  The list of cases is displayed with the <ph keyref="shepsignalsingularfirst"/> for each case.</p>
		<p>Open a specific case from the list to see how it treats your legal issue.</p>
	</conbody>

</concept>