<?xml version="1.0" encoding="utf-8"?>
<!DOCTYPE concept PUBLIC "-//IBM//DTD DITA Composite//EN" "c:/dtd/ditabase.dtd">
<concept id="legaltopicdossier_cpt" audience="res;lps" otherprops="fulldocrhp;legaltopicdossiertips">
	<title>What are Topic Summaries?</title>
	<prolog>
		<author>Barb Bruns</author>
		<copyright>
			<copyryear year="2009"/>
			<copyrholder>Lexisnexis</copyrholder>
		</copyright>
		<critdates>
			<created date="2009-01-21"/>
		</critdates>
		<metadata>
			<prodinfo>
				<prodname>Lexis Advance</prodname>
				<vrmlist>
					<vrm version="1"/>
				</vrmlist>
			</prodinfo>
		</metadata>
	</prolog>
	<conbody>
		<p>Topic Summaries are a collection of information about a legal topic that is addressed in a case you are viewing.  If legal topic summaries related to the case are available, you'll see <uicontrol>Topic Summaries</uicontrol> in the <uicontrol>About This Document</uicontrol> box to the right on the page.  Since a case may address multiple legal topics, you'll see a <uicontrol>View Reports</uicontrol> icon <image href="Dossier-logo.png" alt="Topic Summaries report" placement="inline"/> in each <ph keyref="companyfirst"/> Headnote for which there is a topic summary.  Topic Summary reports include the following, when applicable (not all legal topic summaries have all of these):</p>
		<ul>
			<li>Definition of the legal topic</li>
			<li>Elements of the topic</li>
			<li>Burden of proof</li>
			<li>Standards of review</li>
			<li>Links to seminal cases</li>
			<li>Links to secondary sources</li>
		</ul>
		<p>For more information about Topic Summaries, read through the links below.</p>
	</conbody>

	<reference conref="legaltopicdossiertips.xml" id="legaltopicdossiertips"><title/><refbody/></reference>
	<reference conref="topicsummaryreportips.xml" id="topicsummaryreportips"><title/><refbody/></reference>
</concept>