<?xml version="1.0" encoding="utf-8"?>
<!DOCTYPE concept PUBLIC "-//IBM//DTD DITA Composite//EN" "c:/dtd/ditabase.dtd">
<concept id="legislativeoutlook_cpt" otherprops="fulldocrhp">
	<title>What is the Lexis Advance&#174; bill tracking?</title>
	<prolog>
		<author>Barb Bruns</author>
		<copyright>
			<copyryear year="2009"/>
			<copyrholder>Lexisnexis</copyrholder>
		</copyright>
		<critdates>
			<created date="2009-01-21"/>
		</critdates>
		<metadata>
			<prodinfo>
				<prodname>Lexis Advance</prodname>
				<vrmlist>
					<vrm version="1"/>
				</vrmlist>
			</prodinfo>
		</metadata>
	</prolog>
	<conbody>
	<p>Bill tracking in <ph keyref="prodnamefirst"/> consists of two main tools, the Progress Bar, and the Legislative Outlook.</p>
		<p>The Progress Bar provides a graphic representation of the progress of a state or Federal bill in the legislative process that appears on a bill text and bill track document. It provides an at-a-glance view of the current progress of a bill. </p>


<p>The Legislative Outlook is a feature that displays a statistical analysis of a bill’s probability of passage to the next stage of the legislative process.  This is indicated on a bill text or track document by an icon that displays one of the following states:</p>		
		<ul>
		<li>Low chance to pass next stage</li>
		<li>Medium chance to pass next stage</li>
		<li>High chance to pass next stage</li>
		<li>Outlook Pending </li>
		<li>Enacted</li>
		<li>Vetoed</li>
		<li>Failed</li>
		</ul>
		

		<p>Select <uicontrol>Legislative outlook in detail</uicontrol> to see additional political intelligence regarding the factors that impact a bill’s movement. This detail includes:</p>

		<ul>
		<li>Current status of the bill's progress</li>
		<li>Statistical probability of passage for each stage of the legislative process, by percentage</li>
		<li>Current legislative session status (In session, Adjourned, No session, Session not convened)</li>
		<li>Partisan makeup of each legislative chamber</li>
		<li>Bill sponsor's name, party association, and seniority</li>
		<li>Bill sponsor's legislative success rate from the previous session</li>
		<li>Bill sponsor’s legislative success rate compared to the success rate of his or her party and chamber</li>
		</ul> 
	 
		</conbody>

</concept>