<?xml version="1.0" encoding="utf-8"?>
<!DOCTYPE concept PUBLIC "-//IBM//DTD DITA Composite//EN" "c:/dtd/ditabase.dtd">
<concept id="lexmachina_cpt" otherprops="fulldocrhp">
	<title>About Lex Machina&#153;?</title>
	<prolog>
		<author>Christina Stommel</author>
		<copyright>
			<copyryear year="2016"/>
			<copyrholder>Lexisnexis</copyrholder>
		</copyright>
		<critdates>
			<created date="2009-01-21"/>
		</critdates>
		<metadata>
			<prodinfo>
				<prodname>Lexis Advance</prodname>
				<vrmlist>
					<vrm version="1"/>
				</vrmlist>
			</prodinfo>
		</metadata>
	</prolog>
	<conbody>
	<section>
	<title>What is Lex Machina?</title>
	<p>Lex Machina provides Legal Analytics® to law firms and companies, providing you the tools you can use to craft successful strategies, win cases, and close business. Lex Machina mines litigation data, revealing insights about judges, law firms, lawyers, parties, and case subjects themselves, culled from millions of pages of litigation information. Because analytics involve the discovery and communication of meaningful patterns in data, these insights are called "Legal Analytics".</p>
	</section>
	<section>
	<title>How Does Lex Machina Work with <ph keyref="prodnamefirst"/>?</title>
	<p>There are several ways you can access Legal Analytics for judges and law firms in Lexis Advance:</p>
	<ul>
	<li>Click the link for either a judge or a law firm in the Legal Analytics pod, located on the right side of the document page.</li>
	<li>Click a linked judge or law firm in the document page to view additional information about the judge or law firm, and then click the <uicontrol>View Lex Machina analytics</uicontrol> link.</li></ul>
	<p>Once you click a Lex Machina link, you will be taken to the Lex Machina service where <ph keyref="prodname"/> subscribers can view a free preview of Legal Analytics for the judge or law firm.</p>
	<p>See <xref href="https://lexmachina.com/?utm_source=lexis&amp;utm_campaign=learn_more&amp;utm_medium=lexis_advance" scope="external">Lex Machina</xref> for more information.</p>
	</section>



	<!-- ORIGINAL

		<p>Lex Machina&#153; provides legal analytics about Federal judges and law firms it finds based on information contained in your documents.  Patterns in this data are identified and presented in reports.</p>
		<p>Lex Machina analyzes a document, identifies legal entities like judges and law firms, and then surfaces metrics about these entities and makes calculated predictions about how that entity might perform in a given circumstance. For example, Lex Machina can generate reports on how likely a judge is to grant or deny a motion as well as view trends about the judge based on previous case outcomes. It also generates reports that let you view which law firms have the most experience engaging with opposing counsel. These are just a few of the types of data Lex Machina can provide for you. This functionality can help you develop your case strategy and improve your opportunities for winning your cases. </p>
<p>There are several ways you can access legal analytics for judges and law firms:</p>
<ul>
<li>Select the link for the judge or law firm in the Legal Analytics pod, located on the right side of the document page.</li>
<li>Select the icon wherever it appears next to the judge or law firm name.</li>
<li>Click the judge's or law firm's name to view the information about the entity, and then click the icon next to the <uicontrol>View Legal Statistics</uicontrol> link. </li></ul>
<p>Once you click the link, you will be taken to the Lex Machina service (at no extra cost to you) where you can view the various reports available for the judge or firm. </p>
<p>See the <xref href="https://lexmachina.com/" scope="external">Lex Machina</xref> website for more information.</p>-->

	</conbody>
</concept>