<?xml version="1.0" encoding="utf-8"?>
<!DOCTYPE concept PUBLIC "-//IBM//DTD DITA Composite//EN" "c:/dtd/ditabase.dtd">
<concept id="lpaalert_cpt" otherprops="lparesults" audience="lpa">
	<title>What are alerts in LexisNexis&#xAE; Practice Advisor?</title>
	<prolog>
		<author>Garth Lewis</author>
		<copyright>
			<copyryear year="2013"/>
			<copyrholder>Lexisnexis</copyrholder>
		</copyright>
		<critdates>
			<created date="2013-06-07"/>
			<revised modified="2014-07-18"/><!--Changed LPA keyrefs so that the full product name always appears.  Per Shari Townsend, the product's full name and trademark must be spelled out whenever it appears.-->
		</critdates>
		<metadata>
			<prodinfo>
				<prodname>Lexis Advance</prodname>
				<vrmlist>
					<vrm version="1"/>
				</vrmlist>
			</prodinfo>
		</metadata>
	</prolog>
	<conbody>
		<p>Alerts are notifications you can have <ph keyref="lpanamefirst"/> send you automatically whenever selected content changes.  When you create an alert, <ph keyref="lpaname"/> will monitor the selected content and alert you when new material is available.  You can create the following kinds of alerts:</p>
			<ul>
				<li><uicontrol>Topic - </uicontrol>In a Topic alert, <ph keyref="lpaname"/> monitors specific content types within a given practice area.  The system will notify you whenever new documents become available in those content types.</li>
				<li><b><ph keyref="shepardsfirst"/> - </b>When you create a <ph keyref="shepalert"/>, <ph keyref="lpaname"/> will monitor a <i>Shepardized</i> document and notify you of any changes in its <ph keyref="shepards"/> status.</li>
				<li><uicontrol>Pending Legislation - </uicontrol><ph keyref="lpaname"/> can monitor statutes and legislation for you, notifying you of any pending legislation that may amend, repeal, or enact a change in a selected item.</li>
				<li><uicontrol>Search - </uicontrol>When you create an alert based on a search, the system will monitor selected content types for the search terms you used.  Whenever new documents containing those search terms appear, the system will notify you.</li>
			</ul>

		<note type="note">In all cases, you choose how and when you want to receive notifications.</note>

		<p>For more information on <ph keyref="lpaname"/> alerts, see:</p>
	</conbody>

	<task conref="lpacreatealert_hdi.xml" id="lpacreatealert_hdi"><title/><taskbody/></task>
	<!--task conref="lpaalertcreatetopicalert_hdi.xml" id="lpaalertcreatetopicalert_hdi"><title/><taskbody/></task>
	<reference conref="lpaalertcreatesearchtips.xml" id="lpaalertcreatesearchtips"><title/><refbody/></reference>
	<reference conref="lpaalertcreatetopictips.xml" id="lpaalertcreatetopictips"><title/><refbody/></reference>
	<reference conref="alertlistips.xml" id="alertlistips"><title/><refbody/></reference>
	<task conref="alertviewresults_hdi.xml" id="alertviewresults_hdi"><title/><taskbody/></task>
	<task conref="alertedit_hdi.xml" id="alertedit_hdi"><title/><taskbody/></task>
	<task conref="alertdelete_hdi.xml" id="alertdelete_hdi"><title/><taskbody/></task>
	<task conref="alertupdate_hdi.xml" id="alertupdate_hdi"><title/><taskbody/></task>
	<task conref="alertpause_hdi.xml" id="alertpause_hdi"><title/><taskbody/></task>
	<task conref="alertrestart_hdi.xml" id="alertrestart_hdi"><title/><taskbody/></task>
	<task conref="alertsearch_hdi.xml" id="alertsearch_hdi"><title/><taskbody/></task>
	<reference conref="alertcomparecreatetips.xml" id="alertcomparecreatetips"><title/><refbody/></reference>
	<reference conref="alertssavetofoldertips.xml" id="alertssavetofoldertips"><title/><refbody/></reference-->

</concept>