<?xml version="1.0" encoding="UTF-8"?>
<!DOCTYPE reference PUBLIC "-//IBM//DTD DITA Composite//EN" "c:/dtd/ditabase.dtd">
<reference id="lpaforms_cpt" otherprops="lpasearch" audience="lpa">
	<title>What are <ph keyref="lpanamefirst"/> forms?</title>
	<prolog>
		<author>Robin Evans</author>
		<author>Garth Lewis</author>
		<author>Paul Claggett, 6.5</author>
		<copyright>
			<copyryear year="2012"/>
			<copyrholder>Lexisnexis</copyrholder>
		</copyright>
		<critdates>
			<created date="2006-10-25"/>
			<revised modified="2014-02-25"/><!--Updated the page to match GDSI wireframes. Removed the Tabs row; added Results List, Previous/Next Document, and Checklists.-->
			<revised modified="2014-07-18"/><!--Changed LPA keyrefs so that the full product name always appears.  Per Shari Townsend, the product's full name and trademark must be spelled out whenever it appears.-->
			<revised modified="2014-12-11"/><!--Updated the page to add information on Editable Forms enhancements for R4.6-->
		</critdates>
		<metadata>
			<prodinfo>
				<prodname>Lexis Advance</prodname>
				<vrmlist>
					<vrm version="1"/>
				</vrmlist>
			</prodinfo>
		</metadata>
	</prolog>
	<refbody>
		<section>
			<p>The heart of <ph keyref="lpanamefirst"/> are the hundreds of forms available to you.  Our teams of legal experts have put together a number of forms and checklists for each topic within each of the <ph keyref="lpaname"/> practice areas.  These blank forms contain standardized text, and are editable so you can supply the necessary information for each client's unique needs.  Where applicable, <ph keyref="lpaname"/> forms also include links to alternate clauses you can add, and alternative clauses you can use in place of standard text.  The table below briefly explains the tools and icons available on most <ph keyref="lpaname"/> form pages.</p>
		</section>
		<properties>
						<property id="folder">
				<propvalue>
					<image href="AddToFolder.png" alt="Add to folder" placement="inline"/>
				</propvalue>
				<propdesc>Select this to save the entire document to a working folder in <ph keyref="lpaname"/>. For more information, see <xref href="saveresearch_hdi.xml" scope="peer">How do I save my research</xref>.</propdesc>
			</property>
			<property>
				<propvalue>
					<image href="print.png" alt="Print" placement="inline"/> <image href="download.png" alt="Save" placement="inline"/> <image href="email.png" alt="Email" placement="inline"/> <image href="dropbox.png" alt="Send Document to Dropbox"/>
				</propvalue>
				<propdesc>Click the delivery icon drop-down for the type of delivery you want to complete in the delivery toolbar. </propdesc>
			</property>

				<!--<propvalue>
					<image href="attached_printer.png" alt="Print to attached printer" placement="inline"/>
				</propvalue>
				<propdesc>Select this to print a PDF version of the form. When you select this icon, the <uicontrol>Print</uicontrol> drop-down list appears. This drop-down allows you to choose whether you want to print the document immediately using default settings, or set your own print options. For more information, see <xref href="printresults_hdi.xml" scope="peer">How do I print my results or documents</xref>.</propdesc>
			</property>
			<property>
				<propvalue>
					<image href="Download.png" alt="Save" placement="inline"/>
				</propvalue>
				<propdesc>Select this to download the document to your computer. When you select this icon, the <uicontrol>Download</uicontrol> drop-down list appears.  This drop-down allows you to choose whether you want to save the document immediately using default settings, or set your own download options.  For more information, see <xref href="downloadresults_hdi.xml" scope="peer">How do I download my results or documents</xref>.</propdesc>
			</property>
			<property>
				<propvalue>
					<image href="Email.png" alt="Email" placement="inline"/>
				</propvalue>
				<propdesc>Select this to email the document. For more information, see <xref href="emailresults_hdi.xml" scope="peer">How do I email results</xref>.</propdesc>
			</property>
			<property>
				<propvalue>
					<image href="dropbox.png" alt="Send to Dropbox" placement="inline"/>
				</propvalue>
				<propdesc>Select this to send the document to Dropbox. For more information, see <xref href="dropboxresults_hdi.xml" scope="peer">How do I send my results to Dropbox</xref>.</propdesc>
			</property>
			<property id="printablepage">
				<propvalue>
					<image href="Printablepage.png" alt="Printable Page" placement="inline"/>
				</propvalue>
				<propdesc>Select this to display a text-only version of the document, without any graphics, navigation bars, or options on the page.</propdesc>
			</property>-->
			<property id="jumpto">
				<propvalue>Go to</propvalue>
				<propdesc>
					<p>This drop-down list appears at the top of document pages. The list displays the document's section headings, allowing you to navigate quickly through longer documents.</p>
				</propdesc>
			</property>
			<property>
				<propvalue>Results List</propvalue>
				<propdesc>Select this link to return to the page (Work Folder, list of search results, or overview) from which you accessed the form.</propdesc>
			</property>
			<property id="docribbon">
				<propvalue>
					<image href="Triangleleft.png" alt="Previous" placement="inline"/>Previous Document | Next Document<image href="Triangleright.png" alt="Next" placement="inline"/></propvalue>
				<propdesc>Select these links to browse through the documents in the Work Folder, search results list, or topic overview from which you accessed the form.
				</propdesc>
			</property>
			<!--property id="termsnavigate">
				<propvalue>Navigate <image href="Triangleleft.png" alt="Previous" placement="inline"/> <i>search term</i> <image href="Triangleright.png" alt="Next" placement="inline"/></propvalue>
				<propdesc>Select the arrows to move back and forth through the search terms appearing in the form you are viewing.
					<note type="note">These items only appear when you access the form by performing a search.  The term you used for your search appears between the arrows.  For more information on searches, see <xref href="searchlpa_hdi.xml" scope="peer">How do I perform a search in <ph keyref="lpaname"/>?</xref>.</note>
				</propdesc>
			</property-->
			<property id="editfield">
				<propvalue>
					<image href="IconEditField.png" alt="Edit Field" placement="inline"/>
				</propvalue>
				<propdesc>This	<uicontrol>Edit Field</uicontrol> icon allows you to make changes to specific fields within the form.
					<note type="tip">
						<p>You may edit these fields to customize forms or leave the default text, if available</p>
					</note>
				</propdesc>
			</property>
			<property id="draftingnote">
				<propvalue>
					<image href="IconDraftingNote.png" alt="Add Drafting Note" placement="inline"/>
				</propvalue>
				<propdesc>Display drafting notes available for a specific section of the form.  Drafting notes give you additional information from our legal experts to help you work through the form.</propdesc>
			</property>
			<property id="alternateclause">
				<propvalue>
					<image href="IconClause.png" alt="Alternate Clause" placement="inline"/>
				</propvalue>
				<propdesc>Display alternate or alternate clauses available for the associated section of the form.  You can choose to add any applicable alternate or alternate clauses, and remove existing clauses as needed.
					<note type="tip">
						<p>For more information, see <xref href="lpaaddoptionalclause_hdi.xml" scope="peer">How do I add an alternate clause to a form</xref>.</p>
					</note>
				</propdesc>
			</property>
			<property id="doctoolslpa">
				<propvalue>Tools</propvalue>
				<propdesc>
					<p>This drop-down list appears when you select text in a document. Tools you may see listed include the following:</p>
					<dl>
						<dlentry>
							<dt><image href="Copy.png" alt="Copy selected text" placement="inline"/> Copy</dt>
							<dd>Select this to copy the selected section of document text to your computer's clipboard. From the clipboard, you can paste the text into other programs (such as a word processor, spreadsheet, email, and so forth). For more information, see <xref href="copytexttoclipboard_hdi.xml" scope="peer">How do I copy text to the clipboard</xref>.</dd>
						</dlentry>
						<dlentry>
							<dt><image href="folder.png" alt="Add to folder" placement="inline"/> Add to folder</dt>
							<dd>Select this to save a selected section of text to a <ph keyref="lpaname"/> folder. For more information, see <xref href="savetexttofolder_hdi.xml" scope="peer">How do I save text to a folder</xref>.</dd>
						</dlentry>
						<dlentry>
							<dt><image href="addtosearch.png" alt="Add to search" placement="inline"/> Add to search</dt>
							<dd>Select this to search <ph keyref="lpaname"/> for the selected text.</dd>
						</dlentry>
					</dl>
				</propdesc>
			</property>
			<property id="aboutthisdoclpa">
				<propvalue>About This Document</propvalue>
				<propdesc>Select these links to quickly display information about the selected document, including:
					<dl>
						<dlentry>
							<dt><image href="iconDraftNow.png" alt="Draft Now" placement="inline"/> Quick Download</dt>
							<dd>Select this to save a draft of the form with any changes (editable field entries, alternate/custom clauses, etc.) you have made.</dd>
						</dlentry>
						<dlentry>
							<dt>Form Summary</dt>
							<dd>A brief summary of the selected form.</dd>
						</dlentry>
						<dlentry>
							<dt>Drafting Notes and Alternative Clauses</dt>
							<dd>A list of all drafting notes and alternative clauses associated with the form you are viewing.</dd>
						</dlentry>
						<dlentry>
							<dt>Checklists</dt>
							<dd>These links allow you to see lists of steps to follow to complete different activities related to the form you are viewing.</dd>
						</dlentry>
					</dl>
					<!--note type="note">This information appears in a new display tab.</note-->
				</propdesc>
			</property>
		</properties>
	</refbody>
</reference>