<?xml version="1.0" encoding="UTF-8"?>
<!DOCTYPE reference PUBLIC "-//IBM//DTD DITA Composite//EN" "c:/dtd/ditabase.dtd">
<reference id="lpaformsindex_cpt" otherprops="lpasearch;lpaformsindextips" audience="lpa">
	<title>What is the <ph keyref="lpanamefirst"/> Forms Index?</title>
	<prolog>
				<author>Paul Claggett, 5.3.5</author>
		<copyright>
			<copyryear year="2016"/>
			<copyrholder>Lexisnexis</copyrholder>
		</copyright>
		<critdates>
			<created date="2016-02-12"/>
					</critdates>
		<metadata>
			<prodinfo>
				<prodname>Lexis Advance</prodname>
				<vrmlist>
					<vrm version="1"/>
				</vrmlist>
			</prodinfo>
		</metadata>
	</prolog>
	<refbody>
<section>
<p>The <ph keyref="lpanamefirst"/> <xref href="lpaformsindextips-field.xml" scope="peer">  forms index</xref> provides you with an easy and quick way to navigate the hundreds of forms available to you.  This feature provides multiple options for form retrieval. This makes it possible to find the right form even if you only know part of the form name, or the particular practice area to which it applies. Select the link for the form you want to open by browsing, filtering, or searching by form and summary.</p>
</section>
</refbody>
</reference>

	