<?xml version="1.0" encoding="UTF-8"?>
<!DOCTYPE concept PUBLIC "-//IBM//DTD DITA Composite//EN" "c:/dtd/ditabase.dtd">
<concept id="lpaotherdocs_cpt" otherprops="lparesults" audience="lpa">
	<title>
		<ph keyref="lpanamefirst"/> documents</title>
	<prolog>
		<author>Garth Lewis</author>
		<author>Paul Claggett, 5.3</author>
		<copyright>
			<copyryear year="2013"/>
			<copyrholder>Lexisnexis</copyrholder>
		</copyright>
		<critdates>
			<created date="2013-06-05"/>
			<revised modified="2014-07-18"/><!--Changed LPA keyrefs so that the full product name always appears. Per Shari Townsend, the product's full name and trademark must be spelled out whenever it appears.-->
		</critdates>
		<metadata>
			<prodinfo>
				<prodname>Lexis Advance</prodname>
				<vrmlist>
					<vrm version="1"/>
				</vrmlist>
			</prodinfo>
		</metadata>
	</prolog>
	<conbody>
		<section>
			<p>In addition to its useful forms, <ph keyref="lpanamefirst"/> gives you access to a vast amount of guidance and useful information through its many documents and articles. When you select a document, its full text appears in a new page. Your search results and other documents remain accessible so that you can easily return to them as you continue your research. Additional information about the document and tools for working with it are are also located on the page.</p>
			<p>The table below briefly describes the tools you can use to work with most documents in <ph keyref="lpaname"/>.</p>
			<simpletable>
				<!--strow id="tabs">
					<stentry>Tabs</stentry>
					<stentry>The name of the current document is shown as the tab label of the page you are viewing. The initial characters of the search terms you used are shown as another tab label. Use the tabs to display the current document, your results set, or other documents you may have viewed.</stentry>
				</strow-->
				<strow id="doctools">
					<stentry>Tools</stentry>
					<stentry>
						<p>This drop-down list appears when you select text in a document. Tools you may see listed include the following:</p>
						<dl>
							<!--dlentry>
								<dt>Copy citation</dt>
								<dd>
									<p>Select this option to copy the document citation (including the pinpoint cite, if any) to your computer's clipboard. For more information, see <xref href="copycitation_hdi.xml" scope="peer"/>.</p>
									<p>
										<note type="note">This option does not appear for documents in Practical Guidance, Briefs, or Emerging Issues topics.</note>
									</p>
								</dd>
							</dlentry-->
							<dlentry>
								<dt><image href="Copy.png" alt="Copy selected text" placement="inline"/> Copy</dt>
								<dd>Select this to copy the selected section of document text to your computer's clipboard. From the clipboard, you can paste the text into other programs (such as a word processor, spreadsheet, email, and so forth). For more information, see <xref href="copytexttoclipboard_hdi.xml" scope="peer">How do I copy text to the clipboard</xref>.</dd>
							</dlentry>
							<dlentry>
								<dt><image href="folder.png" alt="Add to folder" placement="inline"/> Add to folder</dt>
								<dd>Select this to save a selected section of text to a <ph keyref="lpaname"/> folder. For more information, see <xref href="savetexttofolder_hdi.xml" scope="peer">How do I save text to a folder</xref>.</dd>
							</dlentry>
							<dlentry>
								<dt><image href="addtosearch.png" alt="Add to search" placement="inline"/> Add to search</dt>
								<dd>Select this to search <ph keyref="lpaname"/> for the selected text.</dd>
							</dlentry>
							<dlentry>
								<dt><image href="Annotation2.png" alt="Annotate selected text" placement="inline"/> Annotate</dt>
								<dd>Select this to add your own notes to the selected text. For more information, see <xref href="createannotation_hdi.xml" scope="peer">How do I make annotations in a document</xref>.</dd>
							</dlentry>
							<dlentry>
								<dt><image href="Highlight.png" alt="Highlight selected text" placement="inline"/> Highlight</dt>
								<dd>Select this to highlight the selected text in the document. For more information, see <xref href="highlightext_hdi.xml" scope="peer">How do I highlight text in a document</xref>.</dd>
							</dlentry>
						</dl>
					</stentry>
				</strow>
				<strow id="folder">
					<stentry>
						<image href="AddToFolder.png" alt="Add to folder" placement="inline"/>
					</stentry>
					<stentry>Select this to save the entire document to a working folder in <ph keyref="lpaname"/>. For more information, see <xref href="saveresearch_hdi.xml" scope="peer">How do I save my research</xref>.</stentry>
				</strow>
				<strow>
					<stentry>
						<image href="print.png" alt="Print" placement="inline"/> <image href="download.png" alt="Save" placement="inline"/> <image href="email.png" alt="Email" placement="inline"/> <image href="dropbox.png" alt="Send Document to Dropbox"/>
					</stentry>
					<stentry>Click the delivery icon drop-down for the type of delivery you want to complete in the delivery toolbar. </stentry>
					<!--<stentry>Select this to print a PDF version of the form. When you select this icon, the <uicontrol>Print</uicontrol> drop-down list appears. This drop-down allows you to choose whether you want to print the document immediately using default settings, or set your own print options. For more information, see <xref href="printresults_hdi.xml" scope="peer">How do I print my results or documents</xref>.</stentry>
				</strow>
				<strow>
					<stentry>
						<image href="Download.png" alt="Save" placement="inline"/>
					</stentry>
					<stentry>Select this to download the document to your computer. When you select this icon, the <uicontrol>Download</uicontrol> drop-down list appears.  This drop-down allows you to choose whether you want to save the document immediately using default settings, or set your own download options.  For more information, see <xref href="downloadresults_hdi.xml" scope="peer">How do I download my results or documents</xref>.</stentry>
				</strow>
				<strow>
					<stentry>
						<image href="Email.png" alt="Email" placement="inline"/>
					</stentry>
					<stentry>Select this to email the document. For more information, see <xref href="emailresults_hdi.xml" scope="peer">How do I email results</xref>.</stentry>
				</strow>
				<strow>
					<stentry>
						<image href="dropbox.png" alt="Send to Dropbox" placement="inline"/>
					</stentry>
					<stentry>Select this to send the document to Dropbox. For more information, see <xref href="dropboxresults_hdi.xml" scope="peer">How do I send results to Dropbox</xref>.</stentry>
				</strow>
				<!strow>
					<stentry>(<i>n</i> selected)</stentry>
					<stentry>This item indicates the number of documents/forms you have selected. To add a document or form to this list, select the checkbox next to its title, either on a list page or in the menu bar right below the document's/form's tab. When you select an action icon (such as <image href="attached_printer.png" alt="Print to attached printer" placement="inline"/> or <image href="Email.png" alt="Email" placement="inline"/>), <ph keyref="lpaname"/> will take that action for every selected document/form. </stentry>
				</strow
				<strow id="printablepage">
					<stentry>
						<image href="PrintablePage.png" alt="Printable Page" placement="inline"/>
					</stentry>
					<stentry>Select this to display a text-only version of the document, without any graphics, navigation bars, or options on the page.</stentry>-->
				</strow>
				<strow id="Shepardize">
					<stentry><i>Shepardize</i>&#174; this document
					</stentry>
					<stentry>
						<p>Select this to <i>Shepardize</i> the document. <i>Shepardizing</i>™ the current citation verifies whether the case is still good, and provides a report listing other cases that have cited your case.</p>
						<p>
							<note type="note">This option does not appear for documents in Practical Guidance, Briefs, Secondary Materials, or Articles.</note>
						</p>
					</stentry>
				</strow>
				<strow id="jumpto">
					<stentry>Go to</stentry>
					<stentry>
						<p>This drop-down list appears at the top of document pages. The list displays the document's section headings, allowing you to navigate quickly through longer documents.</p>
					</stentry>
				</strow>
				<strow id="doctitle">
					<stentry>Document Title</stentry>
					<stentry>The title of the document.</stentry>
				</strow>
				<strow id="shepsignal">
					<stentry>
						<ph keyref="shepsignalsingularfirst"/>
					</stentry>
					<stentry>
						<p>Indicates the value of the case as a precedent. You can select the indicator to <i>Shepardize</i> the case and display the current <ph keyref="shepardsfirst"/> report with a list of other legal authorities that have cited your case. (To see a definition of the signal indicator, leave your mouse pointer over the signal for a few seconds.)</p>
						<p>
							<note type="note">These indicators only appear for the Case content type.</note>
						</p>
					</stentry>
				</strow>
				<strow id="reporter">
					<stentry>Reporter</stentry>
					<stentry>
						<p>Indicates the reporters for the document. If more than one reporter is displayed, you can select a different reporter name to display the document in that reporter.</p>
						<p>
							<note type="note">Reporters only appear in Briefs, Cases, and Admin topic documents.</note>
						</p>
					</stentry>
				</strow>
				<strow id="pagenavigate">
					<stentry>
						<image href="Triangleleft.png" alt="Previous" placement="inline"/>
						&nbsp;
						<image href="Triangleright.png" alt="Next" placement="inline"/>
					</stentry>
					<stentry>
						<p>When you see these icons, you can select them to move through the document. These arrows take you from one search term to another (if you found the document using a search), or from one page to another (for documents such as Cases).</p>
						<p>
							<note type="tip">If there is a field with a number between the arrows, you can enter a page number and select an arrow to go to a specific page.</note>
						</p>
					</stentry>
				</strow>
				<strow id="aboutthisdoc">
					<stentry>About This Document</stentry>
					<stentry>
						<p>This area contains links to information related to the case, plus several other types of documents. The items appearing in this section depend on what is available for the document you're viewing. Items you may see include:</p>
						<dl>
							<dlentry>
								<dt>Documents Referencing this Citation</dt>
								<dd>Select <uicontrol>Search for (</uicontrol><b><i>citation</i></b><uicontrol>)</uicontrol> to search for documents that contain a reference to this citation anywhere within them. All documents containing the citation will open in a new tab, regardless of any specific content type, jurisdiction, practice area, or &quot;Start in&quot; selections you made before your search.</dd>
							</dlentry>
							<dlentry>
								<dt>Legal Topic Summaries</dt>
								<dd>Select <uicontrol>View reports</uicontrol> to open a summary of a legal topic, including definitions of terms related to the topic and links to the full text of seminal cases heard on the topic.</dd>
							</dlentry>
							<dlentry>
								<dt><ph keyref="litname"/></dt>
								<dd>Select <uicontrol>Activate Passages</uicontrol> to display cases that cite to the case you are viewing as well as cases your case has cited - for a specific legal issue or point of law.</dd>
							</dlentry>
							<dlentry>
								<dt>Original Source Image</dt>
								<dd>Select this to open a PDF document of the official version of the case.</dd>
							</dlentry>
							<dlentry>
								<dt>Related Court Materials</dt>
								<dd>Dockets, Briefs, Motions, and Pleadings related to the document.</dd>
							</dlentry>
							<dlentry>
								<dt>Dockets</dt>
								<dd>Select this link to choose from a list of related dockets that you can view.</dd>
							</dlentry>
							<dlentry>
								<dt>Briefs</dt>
								<dd>Select this for the written legal arguments stating the legal reasons for a case based on statutes, regulations, case precedents, legal texts, and reasoning applied to facts in the particular situation.</dd>
							</dlentry>
							<dlentry>
								<dt>Motions</dt>
								<dd>Select this for the formal written requests made to the judge by a party in the case.</dd>
							</dlentry>
							<dlentry>
								<dt>Case Analysis</dt>
								<dd>Contains expert analysis of the case.</dd>
							</dlentry>
							<dlentry>
								<dt>Article Analysis</dt>
								<dd>Select this to open a document containing analysis by eminent experts.</dd>
							</dlentry>
						</dl>
					</stentry>
				</strow>
			</simpletable>
		</section>
	</conbody>
</concept>