<?xml version="1.0" encoding="utf-8"?>
<!DOCTYPE concept PUBLIC "-//IBM//DTD DITA Composite//EN" "c:/dtd/ditabase.dtd">
<concept id="lpasearchresults_cpt" otherprops="lparesults" audience="exclude">
	<title>Understanding Practice Advisor Search Results</title>
	<prolog>
		<author>Barbara Bruns</author>
		<copyright>
			<copyryear year="2010"/>
			<copyrholder>LexisNexis</copyrholder>
		</copyright>
		<critdates>
			<created date="2011-06-16"/>
		</critdates>
		<metadata>
			<keywords>
			</keywords>
			<prodinfo>
				<prodname>LexisNexis&#xAE; Practice Advisor</prodname>
				<vrmlist>
					<vrm version="1"/>
				</vrmlist>
			</prodinfo>
			
		</metadata>
		
	</prolog>
	<conbody>
			
		<p>The <ph keyref="lpanamefirst"/> reports provide a graphic view of verdict and settlement data for the cases in your results, presented through a number of <xref href="VSAgraphsdescrip_ref.xml" scope="peer">charts and graphs</xref>. To view individual cases, select the <uicontrol>Cite List</uicontrol> tab and select from the list of cases.</p>
		<note type="note">LexisNexis sometimes receives reports of the same case from multiple sources. While each case is represented in the total document count in your search results list, only unique cases are represented in the charts and graphs.</note>
<p>Use the Narrow By ... pane on the left to filter your results by specific categories. To select several criteria in a category, select <uicontrol>Select multiple</uicontrol>.</p>
		<p>As you view individual cases from the cite list, the case is opened in a new tab at the top of the search results page so you can easily move between a specific case and your search results.</p>
		
		
	</conbody>
	<!--reference conref="lpatopictreetips.xml" id="lpatopictreetips">
		<title/>
		<refbody/>
	</reference>
	<reference conref="lpaformfindertips.xml" id="lpaformfindertips">
		<title/>
		<refbody/>
		</reference-->
</concept>