<?xml version="1.0" encoding="utf-8"?>
<!DOCTYPE concept PUBLIC "-//IBM//DTD DITA Composite//EN" "c:/dtd/ditabase.dtd">
<concept id="lpawhatislpa_cpt" otherprops="lpasearch;lpamarketrackertips" audience="lpa">
	<title>What is <ph keyref="lpanamefirst"/>?</title>
	<prolog>
		<author>Robin Evans</author>
		<author>Garth Lewis</author>
		<copyright>
			<copyryear year="2013"/>
			<copyrholder>Lexisnexis</copyrholder>
		</copyright>
		<critdates>
			<created date="2013-02-08"/>
			<revised modified="2014-04-03"/><!--Fixed "Recently Browsed Documents" label to match current application.-->
			<revised modified="2014-07-18"/><!--Changed LPA keyrefs so that the full product name always appears.  Per Shari Townsend, the product's full name and trademark must be spelled out whenever it appears.-->
			<revised modified="2014-08-07"/><!--Updated content for R4.2-->
		</critdates>
		<metadata>
			<prodinfo>
			<prodname>Lexis Advance</prodname>
				<vrmlist>
					<vrm version="1"/>
				</vrmlist>
			</prodinfo>
		</metadata>
	</prolog>
	<conbody>
		<section>
			<p><ph keyref="lpanamefirst"/> is an easy-to-use, intuitive practical guidance product that brings together key information and tools for attorneys who handle transactional matters.</p>
		</section>
		<section>
		<title><ph keyref="lpaname"/></title>
			<p><ph keyref="lpaname"/> provides users with a range of valuable features, including:</p>
			<ul>
				<li>Relevant, practical <xref href="lpaforms_cpt.xml" scope="peer">forms</xref> and <xref href="lpaotherdocs_cpt.xml" scope="peer">other content</xref>  built to meet the needs of attorneys who handle transactional matters </li>
				<li>Newly added content for selected practice areas listed in the <xref href="lpawhatsnewtips.xml" scope="peer">Updates in...</xref> pane</li> 
				<li>A <xref href="lparecentlyviewedtips.xml" scope="peer">Recently Browsed Documents</xref> pane listing recent content activity</li>				
				<li>The <uicontrol>Editors' Picks</uicontrol> pane, containing content our contributing experts recommend</li>	
				<li>Access to the latest news and information from all relevant practice areas in the <uicontrol>Law 360 Headlines</uicontrol> pane</li>	
				<li>Related topics that appear in the  <xref href="lpatopicpanetips.xml" scope="peer">Topic</xref> pane on the left, and a <xref href="searchlpa_hdi.xml" scope="peer">search</xref> box at the top of the page</li>
				</ul>
		</section>
		<section>
			<title>External Resources</title>
			<p><b>Meet our Authors</b></p>
			<p>The <ph keyref="lpaname"/> <i> Meet Our Authors</i> feature allows you to access information about the firms and legal experts who provide our practical guidance and targeted, relevant legal content.</p>

			<p><b>Lexis® Market Tracker</b></p>
			<p>Lexis® Market Tracker searches all the legal documents filed for the purchase of corporations in the United States, so you can find information about recent developments in a particular industry or about a single sale. You can locate digital copies of the original documents for sales, closing contracts, financing, etc., then search those documents for a specific name or phrase.</p>

			<!--p><b>Knowledge Mosaic®</b></p>
			<p>Knowledge Mosaic® delivers comprehensive, real-time securities information including public company SEC filings and all SEC materials, so you can stay up to the minute on business disclosures, transactions, enforcement activity, rulemaking, and news you care about.</p>

			<p><b>Corporation Service Company (CSC)</b></p>
			<p>CSC provides business solutions outsourcing services for law firms, such as serving as a registered agent, corporation formation, qualification to conduct business outside of the state of formation, and a range of additional services.</p-->
		</section>
	</conbody>
</concept>