<?xml version="1.0" encoding="utf-8"?>
<!DOCTYPE concept PUBLIC "-//IBM//DTD DITA Composite//EN" "c:/dtd/ditabase.dtd">
<concept id="lpsaboutprofilesuite_cpt" otherprops="lpsprofilesearch" audience="lps">
	<title>What is <ph keyref="lpsnamefirst"/>?</title>
	<prolog>
		<author>Christina Stommel</author>
		<!--reviewed-->
		<copyright>
			<copyryear year="2010"/>
			<copyrholder>Lexisnexis</copyrholder>
		</copyright>
		<critdates>
			<created date="2010-01-18"/>
		</critdates>
		<metadata>
			<prodinfo>
				<prodname>Lexis Advance</prodname>
				<vrmlist>
					<vrm version="1"/>
				</vrmlist>
			</prodinfo>
		</metadata>
	</prolog>
	<conbody>
		<p>During the litigation process, you must often identify relevant information about the parties involved in a case, including expert witnesses, judges, and attorneys. Using <ph keyref="lpsnamefirst"/>, you can search for a specific person or you can search for specific <i>details</i> about the person. (For example, if you are searching for an expert witness, you can search for an area of expertise, which can help you locate potential experts most closely associated with your case subject.) Once you locate the profile for which you are searching, you can view specific details about that person, such as cases in which he or she has been involved, rulings, and so forth. You can use this profile data to help you as you develop a case strategy.</p>
		<p><ph keyref="lpsname"/> retrieves profiles from several types of content sources:</p>
		<ul>
			<li><xref href="lpsexpertsources_ref.xml" scope="peer">Expert Witness Profiles</xref></li>
			<li><xref href="lpsjudgesources_ref.xml" scope="peer">Judge Profiles</xref></li>
			<li><xref href="lpsattorneysources_ref.xml" scope="peer">Attorney Profiles</xref></li>
		</ul>
	</conbody>
</concept>