<?xml version="1.0" encoding="utf-8"?>
<!DOCTYPE concept PUBLIC "-//IBM//DTD DITA Composite//EN" "c:/dtd/ditabase.dtd">
<concept id="lpsaboutattorneyreports_cpt" otherprops="lpsprofileresults" audience="lps">
	<title>Understanding Attorney Reports for <ph keyref="lpsnamefirst"/></title>
	<prolog>
		<author>Christina</author>		
		<copyright>
			<copyryear year="2010"/>
			<copyrholder>Lexisnexis</copyrholder>
		</copyright>
		<critdates>
			<created date="2010-11-22"/>
		</critdates>
		<metadata>		
			<prodinfo>
				<prodname>Lexis Advance</prodname>
				<vrmlist>
					<vrm version="1"/>
				</vrmlist>
			</prodinfo>
		</metadata>
	</prolog>
	<conbody>
<section>
		<p>Once you find a specific attorney whose <ph keyref="lpsnamefirst"/> profile you want to view, you can select his or her name to view that report. Using the left-side navigation, select one of the profile categories to view specific information about that category:</p>
		<ul>
			<li><xref href="lpsviewattorneyoverview_hdi.xml" scope="peer">Snapshot</xref> contains an overall profile of the attorney and the ways he or she has been involved in various cases. For example, you can review the attorney's contact information, an overview of his or her practice history, or an abbreviated list of publications the attorney has written or been mentioned in. You might also view a list of the top news articles the attorney has been mentioned in. (Each of these sections of the <b>Snapshot</b> view can be explored in greater detail by selecting the corresponding links in the other categories listed in the left-side navigation.)</li>
			<li><xref href="lpsviewattorneypracticehistory_hdi.xml" scope="peer">Practice History</xref> lists the different ways in which the attorney has been involved in various cases. Using the graphs and charts, for example, you can view the number of cases he or she has tried by jurisdiction. You can also view case duration and several other details about the attorney's practice that may be relevant to your case.</li>
			<li><xref href="lpsviewpublications_hdi.xml" scope="peer">Publications</xref> lists the different law reviews in which the attorney has been mentioned. It also lists the patents he or she has authored. </li>
			<li><xref href="lpsviewnews_hdi.xml" scope="peer">In the News</xref> shows different news articles that mention or cite the attorney.</li>
			<li><xref href="lpssearchlexisweb_hdi.xml" scope="peer">Web</xref> includes legal content from both the World Wide Web and <ph keyref="company"/> sources.</li>
		</ul>		
		</section>

	</conbody>
</concept>