<?xml version="1.0" encoding="utf-8"?>
<!DOCTYPE concept PUBLIC "-//IBM//DTD DITA Composite//EN" "c:/dtd/ditabase.dtd">
<concept id="lpsaboutprofilesearch_cpt" otherprops="lpsprofilesearch;lpssearchtips" audience="lps">
	<title>What are my options when searching for attorney, expert witness, or judge profiles?</title>
	<prolog>
		<author>Christina Stommel</author>		
		<copyright>
			<copyryear year="2010"/>
			<copyrholder>Lexisnexis</copyrholder>
		</copyright>
		<critdates>
			<created date="2010-11-29"/>
		</critdates>
		<metadata>
			<prodinfo>
				<prodname>Lexis Advance</prodname>
				<vrmlist>
					<vrm version="1"/>
				</vrmlist>
			</prodinfo>
		</metadata>
	</prolog>
	<conbody>
		<section>			
		<title>Forming a Search</title>			
			<p>When searching for an expert witness, attorney, or judge profile, you can search by name, or you can use pre-search filters to perform a more general search. The following table describes these different options:</p>
			<simpletable>
				<strow>
					<stentry>When searching for an expert witness...</stentry>
					<stentry>
						<p>You can:</p>
						<ul>
							<li><xref href="lpssearchforexpert_hdi.xml" scope="peer">Search by Expert Witness Name</xref>: If you know the full name or even a partial name of the expert witness for whom you want to search, enter it in the <uicontrol>Search</uicontrol> box.</li>
							<li><xref href="lpssearchforareaofexpertise_hdi.xml" scope="peer">Search using Areas of Expertise filter</xref>: If you don’t know the full name of the expert witness, or if you simply need to find any expert with a specific area of expertise, you can select the <uicontrol>Filters</uicontrol> drop-down list and select one or more items from the <uicontrol>Areas of Expertise</uicontrol> list.</li>
						</ul>
						<note type="note">For even broader search results when you don't know the expert's name or area of expertise, you can select the <uicontrol>Filters</uicontrol> drop-down list and search using the <uicontrol>Locations</uicontrol> list (also available from the <uicontrol>Filters</uicontrol> drop-down list).</note>
					</stentry>
				</strow>
				<strow>
					<stentry>When searching for a judge...</stentry>
					<stentry>
						<p>You can:</p>
						<ul>
							<li><xref href="lpssearchforjudge_hdi.xml" scope="peer">Search by Judge Name</xref>: If you know the full name or even a partial name of the judge for whom you want to search, enter it in the <uicontrol>Search</uicontrol> box.</li>
							<li><xref href="lpssearchforjudgejurisdiction_hdi.xml" scope="peer">Search using Jurisdiction filter</xref>: If you don’t know the full name of the judge, or if you simply need to find a judge within a specific jurisdiction, you can select the <uicontrol>Filters</uicontrol> drop-down list and select one or more items from the <uicontrol>Jurisdiction</uicontrol> drop-down list.</li>
						</ul>
					</stentry>
				</strow>
				<strow>
					<stentry>When searching for an attorney...</stentry>
					<stentry>
						<p>You can:</p>
						<ul>
							<li><xref href="lpssearchforattorney_hdi.xml" scope="peer">Search by Attorney Name</xref>: If you know the full name or even a partial name of the attorney for whom you want to search, enter it in the <uicontrol>Search</uicontrol> box.</li>
							<li><xref href="lpssearchforattorneyjurisdiction_hdi.xml" scope="peer">Search using Location filter</xref>: If you don’t know the full name of the attorney, or if you simply need to find any attorney within a specific state, you can select the <uicontrol>Filters</uicontrol> drop-down list and select one or more locations from the <uicontrol>Locations</uicontrol> list.</li>
						</ul>
					</stentry>
				</strow>
			</simpletable>
		</section>
		<section>
			<title>Pre-filtering Your Search</title>
			<p><ph keyref="lpsnamefirst"/> provides filtering tools to help you limit the scope of your results:</p>
			<ul>
				<li><b>Pre-filter your search terms:</b> If you have fairly specific requirements for your search, you can specify these conditions at the search form, which will limit the number of results that will be returned. For example, perhaps you are looking for expert witnesses in a specific state or with a specific area of expertise. You can specify these filters (using the <uicontrol>Filters</uicontrol> drop-down list) before submitting your search request.</li>
				<li><b>Filter your search results:</b> If you want to view a larger set of search results, you can apply your search filters <i>after</i> you complete your search. For example, you can filter your search results to show only those experts in a specific city or state, or you can filter on areas of expertise.</li>			
			</ul>			
		</section>
	</conbody>
</concept>