<?xml version="1.0" encoding="utf-8"?>
<!DOCTYPE concept PUBLIC "-//IBM//DTD DITA Composite//EN" "c:/dtd/ditabase.dtd">
<concept id="lpsaboutjudgereports_cpt" otherprops="lpsprofileresults" audience="lps">
	<title>Understanding Judge Reports in <ph keyref="lpsnamefirst"/></title>
	<prolog>
		<author>Christina</author>
		<!--reviewed-->
		<copyright>
			<copyryear year="2010"/>
			<copyrholder>Lexisnexis</copyrholder>
		</copyright>
		<critdates>
			<created date="2010-11-22"/>
		</critdates>
		<metadata>
			<prodinfo>
				<prodname>Lexis Advance</prodname>
				<vrmlist>
					<vrm version="1"/>
				</vrmlist>
			</prodinfo>
		</metadata>
	</prolog>
	<conbody>
	<section>
		<p>Once you find a specific judge whose <ph keyref="lpsnamefirst"/> profile you want to view, you can select his or her name to view that report:</p>
		<ul>
			<li><xref href="lpsviewjudgeoverview_hdi.xml" scope="peer">Snapshot</xref> contains an overall profile of the judge and the ways he or she has been involved in the courts. For example, you can review the judge's contact information, an overview of his or her ruling history, or an abbreviated list of  publications which the judge has written or in which he or she has been mentioned. You might also view a list of the top news articles in which the judge has been mentioned. (Each of these sections of the <b>Snapshot</b> view can be explored in greater detail by selecting the corresponding links in the other categories listed in the left-side navigation.)</li>
			<li><xref href="lpsviewjudgerulinghistory_hdi.xml" scope="peer">Ruling History</xref> lists the dockets, case opinions, verdicts and settlements, agency decisions, and so forth in which a judge may be involved.</li>
			<li><xref href="lpsviewpublications_hdi.xml" scope="peer">Publications</xref> lists the different publications the judge has published or in which the judge has been mentioned. It also lists the patents the judge has authored and the various professional directories in which the judge is listed. </li>
			<li><xref href="lpsviewnews_hdi.xml" scope="peer">In the News</xref> shows different news articles that mention or cite the judge. Types of articles include legal-specific sources as well as Mealey’s&#153; news articles.</li>
			<li><xref href="lpssearchlexisweb_hdi.xml" scope="peer">Web</xref> includes legal content from both the World Wide Web and <ph keyref="company"/> sources.</li>
		</ul>
		<!--Many <xref href="lpsjudgesources_ref.xml" scope="peer">content types</xref> used to display reports for the judge have been searched using various types of connector searches. Therefore, when exploring the cite lists for these content types, you should use the various <xref href="lpsfilterreports_hdi.xml" scope="peer">post-search filters</xref> to focus your search further, especially for judges with more common names.-->
		</section>
	</conbody>
</concept>