<?xml version="1.0" encoding="utf-8"?>
<!DOCTYPE concept PUBLIC "-//IBM//DTD DITA Composite//EN" "c:/dtd/ditabase.dtd">
<concept id="lpsaboutexpertreports_cpt" otherprops="lpsprofileresults" audience="lps">
	<title>Understanding Expert Witness Reports for <ph keyref="lpsnamefirst"/></title>
	<prolog>
		<author>Christina</author>		
		<copyright>
			<copyryear year="2010"/>
			<copyrholder>Lexisnexis</copyrholder>
		</copyright>
		<critdates>
			<created date="2010-11-22"/>
		</critdates>
		<metadata>		
			<prodinfo>
				<prodname>Lexis Advance</prodname>
				<vrmlist>
					<vrm version="1"/>
				</vrmlist>
			</prodinfo>
		</metadata>
	</prolog>
	<conbody>
	<section>
	<p>Once you find a specific expert witness whose <ph keyref="lpsnamefirst"/> profile you want to view, you can select his or her name to view that expert's report:</p>
		<ul>
			<li><xref href="lpsviewexpertoverview_hdi.xml" scope="peer">Snapshot</xref> contains an overall profile of the expert witness and the ways he or she has been involved in various cases. For example, you can review the expert's contact information, an overview of his or her case involvement, or an abbreviated list of publications in which the expert has written or been mentioned. You might also view a list of the top news articles the expert has been mentioned in.  (Each of these sections of the <b>Snapshot</b> view can be explored in greater detail by selecting the corresponding links in the other categories listed in the left-side navigation.)</li>
			<li><xref href="lpsviewexpertcaseinvolvement_hdi.xml" scope="peer">Case Involvement</xref> lists the different ways in which the expert witness has been involved in various cases. Using the graphs and charts, for example, you can compare which party the expert has worked with, the case's outcome (or resolution) by hiring party, and so forth. You can also view verdict reports of the cases in which the witness was involved, as well as expert reports, and so forth.</li>
			<li><xref href="lpsviewpublications_hdi.xml" scope="peer">Publications</xref> lists the different publications the author has published or in which the author has been mentioned. It also lists administrative materials, secondary sources, and the various professional directories in which the expert is listed. </li>
			<li><xref href="lpsviewnews_hdi.xml" scope="peer">In the News</xref> shows different news articles that mention or cite the witness. </li>
			<li><xref href="lpssearchlexisweb_hdi.xml" scope="peer">Web</xref> includes legal content from both the World Wide Web and <ph keyref="company"/> sources.</li>
		</ul>
		<p>You can select any options on these pages to explore the different options available to you.</p>
		<!--note type="note" id="ewid">Many Case Involvement <xref href="lpsexpertsources_ref.xml" scope="peer">content types</xref> have been editorially determined to tie directly to the expert witness you are researching, and not one with a similar or same name. Other content types have been searched using various types of connector searches. Therefore, when exploring the cite lists for these content types, you should use the various <xref href="lpsfilterreports_hdi.xml" scope="peer">post-search filters</xref> to focus your search further, especially for experts with more common names.</note-->
		</section>

	</conbody>
</concept>