<?xml version="1.0" encoding="utf-8"?>
<!DOCTYPE concept PUBLIC "-//IBM//DTD DITA Composite//EN" "c:/dtd/ditabase.dtd">
<concept id="lpssearchresults_cpt" otherprops="lpssearchresults" audience="lps">
	<title>Understanding Overall Search Results for LexisNexis&#xAE; Litigation Profile Suite</title>
	<prolog>
		<author>Christina Stommel</author>		
		<copyright>
			<copyryear year="2010"/>
			<copyrholder>Lexisnexis</copyrholder>
		</copyright>
		<critdates>
			<created date="2010-11-17"/>
		</critdates>
		<metadata>		
			<prodinfo>
				<prodname>Lexis Advance</prodname>
				<vrmlist>
					<vrm version="1"/>
				</vrmlist>
			</prodinfo>
		</metadata>
	</prolog>
	<conbody>
		<section>
<p>Once you enter your search terms and filters and select the <uicontrol>Search</uicontrol> button, <ph keyref="lpsnamefirst"/> searches for profiles that match the terms you defined at the search form. It then displays your results at the search results page.</p>
			<p>The Results page lists the names of all profiles that match your search criteria. It also shows other identifying information about the person, such as the state in which he or she resides or the jurisdiction in which he or she practices. While viewing this list, you can <xref href="lpssortresults_hdi.xml" scope="peer">sort this information</xref> to more quickly locate the profile you are most interested in. </p>
			<p>Along the left side of the page, you will find <xref href="lpsfilterresults_hdi.xml" scope="peer">Narrow By</xref> options to help you narrow your search results. For example, you can search for experts that live in either Washington or Oregon, or you can narrow your search results to show only judges that preside over specific courts. Filters provide a way to temporarily isolate just those profiles whose credentials you are most interested in viewing. </p>
			<p>Once you locate a profile, you can select his or her name and view detailed information about that person. As you view individual profiles, categories of information appear along the left side of the page. You can select these links to view the information associated with the category.</p>
			<note type="note">
				<ul>
					<li>If there are multiple pages of search results, select the right or left arrows (located at the bottom of the results list) to move through the pages. </li>
					<li>If you are viewing individual expert witness, judge, or attorney reports and you want to return to your full list of search results, click your browser's Back button until you see your results list again.</li>		
					<!--li>To build and maintain its extensive list of judges, <ph keyref="company"/> pulls data from both national and state judge listings. However, if you do not find the judge for which you are searching, please contact Customer Support at 1-800-543-6862.</li-->
				</ul>
			</note>
		</section>
	</conbody>
</concept>