<?xml version="1.0" encoding="utf-8"?>
<!DOCTYPE concept PUBLIC "-//IBM//DTD DITA Composite//EN" "c:/dtd/ditabase.dtd">
<concept id="lpsunknowndata_cpt" otherprops="lpssearchresults" audience="lps">
	<title>What if my <ph keyref="lpsnamefirst"/> results contain unknown data?</title>
	<prolog>
		<author>Christina Stommel</author>
		<!--reviewed-->
		<copyright>
			<copyryear year="2010"/>
			<copyrholder>Lexisnexis</copyrholder>
		</copyright>
		<critdates>
			<created date="2010-12-18"/>
		</critdates>
		<metadata>
			<prodinfo>
				<prodname>Lexis Advance</prodname>
				<vrmlist>
					<vrm version="1"/>
				</vrmlist>
			</prodinfo>
		</metadata>
	</prolog>
	<conbody>
		<p>The repository which <ph keyref="lpsnamefirst"/> searches to locate data for expert witnesses, judges, and attorneys is quite large.  As such, some documents in that repository may not contain all of the data types you might expect to see listed. For example, some documents may not list the jurisdiction for the result while others may not list the area of law. When this information isn't included in the document, it is graphed as "unknown data" in the results. </p>
		<p>To help you view only known information, you can filter your search results to show only those documents that contain the specific data on which you are focusing. See <xref href="lpsfilterreports_hdi.xml" scope="peer"/> for instructions on how to do this.</p>
	</conbody>
</concept>