<?xml version="1.0" encoding="utf-8"?>
<!DOCTYPE concept PUBLIC "-//IBM//DTD DITA Composite//EN" "c:/dtd/ditabase.dtd">
<concept id="lsaaboutsearchadvantage_cpt" otherprops="lsa">
	<title>About <ph keyref="lsanamefirst"/></title>
	<prolog>
		<author>Christina Stommel</author>		
		<copyright>
			<copyryear year="2013"/>
			<copyrholder>Lexisnexis</copyrholder>
		</copyright>
		<critdates>
			<created date="2013-06-18"/>
		</critdates>
		<metadata>
			<prodinfo>
				<prodname>Lexis Advance - Lexis Search Advantage</prodname>
				<vrmlist>
					<vrm version="1"/>
				</vrmlist>
			</prodinfo>
		</metadata>
	</prolog>
	<conbody>
	<note type="note"><ph keyref="lsanamefirst"/> is available by subscription. Please contact your sales representative if you'd like more information.</note>
		<p><ph keyref="lsanamefirst"/> is a tool that lets you include your internal document repository when performing research using <ph keyref="prodnamefirst"/>. </p>
		<p>For example, let's say you have a <ph keyref="lsaname"/> subscription and you want to perform some research on tip pooling. When you submit your search from <ph keyref="prodname"/>, the tool searches not only the content available on <ph keyref="prodname"/>, but it also searches your internal documents. If it finds documents that contain references to the cases or other legal documents for which you are searching, those documents will be listed in your search results. </p>
		<p>While viewing your search results, <ph keyref="prodname"/> includes high-level information about each specific document. For example, you can see who drafted the document as well as the client for whom it was drafted. You can also view real-time <ph keyref="shepsignalpluralfirst"/> for each citation used in the document. This helps you identify whether your document contains "good law." Using links in the results, you can search for documents similar to the one you are viewing. For example, you can search for documents by the same author or perhaps for the same matter. </p>
		<p>Finally, you can select a document title to view the document. All the <ph keyref="lsaname"/> functionality you have access to is available within the document.</p>

	</conbody>
</concept>