<?xml version="1.0" encoding="utf-8"?>
<!DOCTYPE concept PUBLIC "-//IBM//DTD DITA Composite//EN" "c:/dtd/ditabase.dtd">
<concept id="map_cpt" otherprops="history" audience="res;lps;vsa;med">
	<title>What is the Research Map?</title>
	<prolog>
		<author>Barb Bruns</author>
		<copyright>
			<copyryear year="2009"/>
			<copyrholder>Lexisnexis</copyrholder>
		</copyright>
		<critdates>
			<created date="2009-01-21"/>
		</critdates>
		<metadata>
			<prodinfo>
				<prodname>Lexis Advance</prodname>
				<vrmlist>
					<vrm version="1"/>
				</vrmlist>
			</prodinfo>
		</metadata>
	</prolog>
	<conbody>
		<p>You can view a past research session in a graphical display with the <ph keyref="prodnamefirst"/> Research Map. When you select a search from the list, your search terms and results display on the map. The map shows every step of your research, such as the number of results found in each content type, the filters you applied to your results, filters you removed, documents you delivered, <i>Shepardized</i>®, or saved to a folder, and other activities. To open the Research Map, select <uicontrol>History</uicontrol> at the top of any page, then <uicontrol>Research Map</uicontrol>. Or, on the <ph keyref="prodname"/> Home page, select the <uicontrol>History</uicontrol> pod, then select the <uicontrol>Research Map</uicontrol> link at the bottom of the pod.</p>
		<p>For more information about the Research Map, read through the links below.</p>
	</conbody>

	<task conref="comparesults_hdi.xml" id="comparesults_hdi"><title/><taskbody/></task>
	<task conref="findsimilar_hdi.xml" id="findsimilar_hdi"><title/><taskbody/></task>
	<task conref="rerunsearch_hdi.xml" id="rerunsearch_hdi"><title/><taskbody/></task>
	<reference conref="maptips.xml" id="maptips"><title/><refbody/></reference>
	<concept conref="tutorialresrchmap_cpt.xml" id="tutorialresrchmap_cpt" ><title/><conbody/></concept>
</concept>