<?xml version="1.0" encoding="utf-8"?>
<!DOCTYPE concept PUBLIC "-//IBM//DTD DITA Composite//EN" "c:/dtd/ditabase.dtd">
<concept id="mapcompare_cpt" otherprops="history" audience="res;lps;vsa;med">
	<title>What is the compare search results feature?</title>
	<prolog>
		<author>Barb Bruns</author>
		<copyright>
			<copyryear year="2009"/>
			<copyrholder>Lexisnexis</copyrholder>
		</copyright>
		<critdates>
			<created date="2009-01-21"/>
		</critdates>
		<metadata>
			<prodinfo>
				<prodname>Lexis Advance</prodname>
				<vrmlist>
					<vrm version="1"/>
				</vrmlist>
			</prodinfo>
		</metadata>
	</prolog>
	<conbody>
		<p>You can compare the results of up to 3 searches to find all the documents that occur in the result sets of all 3 searches using the <uicontrol>Compare Search Results</uicontrol> feature of the Research Map.</p>
		<p>For information about using <uicontrol>Compare Search Results</uicontrol>, see <xref href="comparesults_hdi.xml" scope="peer"/></p>
	</conbody>
	
</concept>