<?xml version="1.0" encoding="utf-8"?>
<!DOCTYPE concept PUBLIC "-//IBM//DTD DITA Composite//EN" "c:/dtd/ditabase.dtd">
<concept id="mapfindsimilar_cpt" otherprops="history" audience="res;lps;vsa;med">
	<title>What is the find similar documents feature?</title>
	<prolog>
		<author>Barb Bruns</author>
		<copyright>
			<copyryear year="2009"/>
			<copyrholder>Lexisnexis</copyrholder>
		</copyright>
		<critdates>
			<created date="2009-01-21"/>
		</critdates>
		<metadata>
			<prodinfo>
				<prodname>Lexis Advance</prodname>
				<vrmlist>
					<vrm version="1"/>
				</vrmlist>
			</prodinfo>
		</metadata>
	</prolog>
	<conbody>
		<p>You can find documents that are similar to up to 3 documents you select from a results set using the <uicontrol>Find Similar Documents</uicontrol> feature of the Research Map.</p>
		<p>For information about using <uicontrol>Find Similar Documents</uicontrol>, see <xref href="findsimilar_hdi.xml" scope="peer"/></p>
	</conbody>
	</concept>