<?xml version="1.0" encoding="utf-8"?>
<!DOCTYPE concept PUBLIC "-//IBM//DTD DITA Composite//EN" "c:/dtd/ditabase.dtd">
<concept id="medpodescriptions_cpt" audience="med" otherprops="medmal">
	<title>What is <ph keyref="mednamefirst"/>?</title>
	<prolog>
		<author>Robin Stubbart</author>
		<author>Garth Lewis</author>
		<copyright>
			<copyryear year="2010"/>
			<copyrholder>Lexisnexis</copyrholder>
		</copyright>
		<critdates>
			<created date="2010-02-05"/>
			<revised modified="2014-04-04"/>
				<!--Updated for R4.2. Editid for accuracy.  Tightened up the writing a bit.-->
		</critdates>
		<metadata>
			<prodinfo>
				<prodname>Lexis Advance</prodname>
				<vrmlist>
					<vrm version="1"/>
				</vrmlist>
			</prodinfo>
		</metadata>
		<data>medmal navigator medical malpractice litigator litigation</data>
	</prolog>
	<conbody>
		<p><ph keyref="mednamefirst"/> is a customizable dashboard to help you complete medical and legal research. To start populating the dashboard, you'll need to <xref href="medfindtopic_hdi.xml" scope="peer">select a medical topic</xref>.</p>
		<p>Consider these points in using <ph keyref="medname"/>:</p>
		<ul>
			<li>Answer questions in the research assistant to populate the results, then select <uicontrol>Next Question</uicontrol> to submit your answer.</li>
			<li>The Answered Questions pane allows you to review and change answers you've already provided. Select <uicontrol>Previous Answers</uicontrol> and change any answers in the drop-down list, then select <uicontrol>OK</uicontrol> to return to the questionnaire.</li>
			<li>The Upcoming Questions list lets you skip the question offered in the research assistant and choose a new direction for your research. Select the <uicontrol>Upcoming Questions</uicontrol> button, find the question you want to answer, and select <uicontrol>Answer This Question</uicontrol>.</li>
			<li>The <uicontrol>Why is this important?</uicontrol> annotation provides more information about a given question in the research assistant. Some annotations will also include links to documents with more information.</li>
		</ul>
		<p>The pod names and their descriptions follow:</p>
		<simpletable>
			<sthead>
				<stentry>Pod Name</stentry>
				<stentry>Description</stentry>
				<stentry>How Does It Work?</stentry>
			</sthead>
			<strow>
				<stentry>View all Medical Topics</stentry>
				<stentry>Over 100 of the most commonly litigated medical malpractice topics appear on the <ph keyref="medname"/> home page.  You can use all the <ph keyref="medname"/> tools to research these topics. If you can't find what you're looking for among these topics, you can use the Medical Topics page to search for your topic. This page covers over 800 medical topics. </stentry>
				<stentry>
					<p>To access this page, select <uicontrol>View All Medical Topics</uicontrol> at the top of the home page. The Medical Topics page appears. </p>
					<p>You can search for a medical topic by using the search box to the left of the page. If you prefer, you can browse the available topics alphabetically.</p>
				</stentry>
			</strow>
			<strow>
				<stentry>Case Value Assessment</stentry>
				<stentry>Helps attorneys evaluate the risk of prosecuting or defending a case by comparing the facts of your case to facts from actual verdicts and settlements in our database. At a glance you can see ranges of verdicts in your jurisdiction, and identify which verdicts and settlements most closely match your case. You can select this information for more details and a link out to the case documents.</stentry>
				<stentry>
					<p>As you answer questions about your case in the research assistant, an interactive graph will populate with related verdicts and settlements in your jurisdiction.</p>
					<p>Each verdict or settlement is represented by a circle that fills in as you provide facts that match this case (shown in green), and facts that do not match (shown in orange). Gray areas are facts that you have not yet provided.</p>
					<p>The graph's X axis organizes results by verdict or settlement amount, with the largest amounts to the right.</p>
					<p>The graph's Y axis organizes results by how well they match your case, with the best matches at the top.</p>
					<p>You can select a case by selecting the circle. MedMal highlights the selected circle, and below the chart you will see information about the case. You can see documentation for the case by selecting its name.</p>
					<p>To navigate back to the dashboard, select the <uicontrol>Dashboard</uicontrol> option at the top of the page.</p>
				</stentry>
			</strow>
			<strow>
				<stentry>Standard of Care</stentry>
				<stentry>The objective of this tool is to help users quickly identify areas where a potential deviation from the standard of care might have occurred so that attorneys can quickly understand the strengths and weaknesses of their case. LexisNexis doctor-editors have scoured the medical guidelines, widely used textbooks, and latest published studies to create an easy-to-follow checklist.</stentry>
				<stentry>
					<p>As you answer medical facts about your case, a chart populates on the right side of the page to point out any potential areas where the medical provider may have deviated from the standard of care.</p>
					<p>A green circle indicates that the fact in your case matches the standard of care, a red circle indicates where the medical provider may have deviated from the standard of care.</p>
					<p>For more information about a medical fact, select <uicontrol>Show Details</uicontrol>. This content may include links to medical journal articles or other documents, which will appear <!--in a new browser tab -->if you select them. To collapse the additional details, select <uicontrol>Hide Details</uicontrol>.</p>
				</stentry>
			</strow>
			<strow>
				<stentry>Legal Analysis</stentry>
				<stentry>In the Legal Analysis tool, the questionnaire technology is used to develop a tailored <ph keyref="prodnamefirst"/> search for the legal issue at hand to get you quickly to precisely the documents you need across all <ph keyref="prodname"/> content types.</stentry>
				<stentry>
					<p>In the Legal Analysis tool, you must answer several questions before a search result appears.</p>
					<p>Once you have answered all the questions, the tool returns a count of all the results matching the search generated by your answers.  You can choose a different jurisdiction, add more search terms, or view your results.</p>
					<p>When you view your results, you can:</p>
						<ul>
							<li>List results by category</li>
							<li>Search within a selected category</li>
							<li>Apply post filters to a selected category</li>
						</ul>
					<!--p>To apply post-search filters or continue researching with this search result, selecting <uicontrol>Expand to Full Search</uicontrol> will open another tab with all the functionality of Lexis Advance.</p-->
				</stentry>
			</strow>
			<strow>
				<stentry>Expert Witness</stentry>
				<stentry>This tool leverages <ph keyref="lpsnamefirst"/> to search for and vet expert witnesses.</stentry>
				<stentry>
					<p><ph keyref="medname"/> automatically searches by specialty and geography. You can change those options using the <uicontrol>Narrow By</uicontrol> tools on the left side of the page. Arrows at the top of the page allow you to browse your results.</p>
					<p>Once you have found an expert on whom you would like more information, select the expert's name to see an Expert Witness profile report.</p>
				</stentry>
			</strow>
			<strow>
				<stentry>Research Parties</stentry>
				<stentry>This tool leverages public records to investigate people or entities in your case.</stentry>
				<stentry>
					<p></p>
					<p>To add the name of people or entities related to your case (opposing counsel, plaintiff, hospital, insurance company) to the list, select the <uicontrol>Add New Party</uicontrol> button at the top of the Research Parties list. Fill out the pop-up form that appears, and select the <uicontrol>Add Party</uicontrol> button.</p>
					<p>From the list of names, you can perform a public records search by selecting a name. This will open our public records tool, and you can follow the instructions to see the results.</p>
				</stentry>
			</strow>
			<strow>
				<stentry>Elsevier's First Consult</stentry>
				<stentry>The main feature of the Elsevier's First Consult tool is an authoritative medical encyclopedia built by Elsevier Science. This database was written by doctors and nurses for use in hospitals to provide quick, easy-to-understand background on over 800 medical topics.</stentry>
				<stentry>
					<p>Based on the topic you have already selected, the Elsevier's First Consult page gives you a list of related topics. If you select a topic, <ph keyref="medname"/> takes you to the article text, with a table of contents in the left navigation bar.</p>
					<p>If you want to see another related topic, you can select <uicontrol>Change Topic</uicontrol> to return to the Elsevier's First Consult full topic list.</p>
				</stentry>
			</strow>
			<strow>
				<stentry>Medical References</stentry>
				<stentry>This tool allows you to review all the content available in <ph keyref="prodnamefirst"/> for your selected topic.  </stentry>
				<stentry>
					<p>When you select this tool, a new page appears, displaying a search result set based on your <ph keyref="medname"/> topic. Lexis Advance includes a large and growing database of medical content, including an expansive collection of medical journals published by Elsevier. By default, this page displays Scientific content, but you can use the navigation tools on the left side of the page to see results for other content types.</p>
					<p>If you select the <uicontrol>Illustrations</uicontrol> button at the top of the page, a new page will appear with a new result set, based on your <ph keyref="medname"/> topic and filtered to show only images. Our medical illustrations cover anatomy, physiology, and the onset, diagnosis and treatment of most medical conditions.</p>
				</stentry>
			</strow>
		</simpletable>
	</conbody>
</concept>