<?xml version="1.0" encoding="utf-8"?>
<!DOCTYPE concept PUBLIC "-//IBM//DTD DITA Composite//EN" "c:/dtd/ditabase.dtd">
<concept id="memberid_cpt" otherprops="memberid">
	<title>What is a <ph keyref="prodnamefirst"/> Member ID?</title>
	<prolog>
		<author>Barb Bruns</author>
		<copyright>
			<copyryear year="2009"/>
			<copyrholder>Lexisnexis</copyrholder>
		</copyright>
		<critdates>
			<created date="2009-01-21"/>
		</critdates>
		<metadata>
			<prodinfo>
				<prodname>Lexis Advance</prodname>
				<vrmlist>
					<vrm version="1"/>
				</vrmlist>
			</prodinfo>
		</metadata>
	</prolog>
	<conbody>
		<p>You are currently signed into <ph keyref="prodnamefirst"/> with an embedded Member ID (the ID is entered automatically when you access <ph keyref="prodname"/> - you don't need to type it in).  When you use a <ph keyref="prodname"/> Custom Interface or Library Patron Access, your Member ID gives you access to authorized content, products, and features from approved networks.</p>

		<p>The Member ID Profile, list of valid network addresses, and content accessible through your Member ID were determined by your organization’s administrator. </p>
		<p></p>

		<p>While you are signed in with a Member ID,</p>
		
		<ul>
		<li>User-specific features such as folders, alerts, or notifications are not available.</li>
		<li>Content outside your organization’s Member ID setup is not available.</li>
		<li>History is only retained for your current Member ID session.</li>
		</ul>  
		<p>If you have a <ph keyref="prodname"/> ID, you can access the full product features and content available to you using one of the methods below.</p>
		<ul>
		<li>Sign out of your Member ID session and sign in with your <ph keyref="prodname"/> ID.</li>
		<li>Open a separate, new browser session and sign into <ph keyref="prodname"/> from there. This lets you  keep your current Member ID session open, and work with both simultaneously. For detailed information about how to do this, see <xref href="midbrowsersession_cpt.xml" scope="peer">starting a new browser session</xref>.</li>
		</ul>

		
	</conbody>
</concept>