<?xml version="1.0" encoding="utf-8"?>
<!DOCTYPE concept PUBLIC "-//IBM//DTD DITA Composite//EN" "c:/dtd/ditabase.dtd">
<concept id="midbrowsersession_cpt" otherprops="memberid">
	<title>What is starting a new browser session?</title>
	<prolog>
		<author>Barb Bruns</author>
		<copyright>
			<copyryear year="2009"/>
			<copyrholder>Lexisnexis</copyrholder>
		</copyright>
		<critdates>
			<created date="2009-01-21"/>
		</critdates>
		<metadata>
			<prodinfo>
				<prodname>Lexis Advance</prodname>
				<vrmlist>
					<vrm version="1"/>
				</vrmlist>
			</prodinfo>
		</metadata>
	</prolog>
	<conbody>
		<p>To start a new <ph keyref="prodnamefirst"/> session using a different ID without signing out or interrupting your current work, you can open a new browser session. To do this, go to your Internet browser (such as Google Chrome or Microsoft Internet Explorer&#174;), and then do one of the following.</p>
<simpletable>
				<strow>
					<stentry>In Microsoft Internet Explorer&#174;</stentry>
					<stentry>Select <uicontrol>File</uicontrol>, and then <uicontrol>New Session</uicontrol>
					</stentry>
				</strow>
				<strow>
					<stentry>In Google Chrome</stentry>
					<stentry>Right-click the Google Chrome icon and select <uicontrol>New incognito window</uicontrol> (or just open Chrome and click <uicontrol>Ctrl+Shift+N</uicontrol>).</stentry>
				</strow>
				</simpletable>
			<p>Doing either of these will start a separate new browser session. When you're finished with your work in either session, sign out of the session you no longer need.</p>
	</conbody>
</concept>