<?xml version="1.0" encoding="utf-8"?>
<!DOCTYPE concept PUBLIC "-//IBM//DTD DITA Composite//EN" "c:/dtd/ditabase.dtd">
<concept id="myfolders_cpt" otherprops="folders">
	<title>What Are Folders?</title>
	<prolog>
		<author>Barb Bruns</author>
		<author>Christina Stommel (GDSI Release)</author>
		<copyright>
			<copyryear year="2009"/>
			<copyrholder>Lexisnexis</copyrholder>
		</copyright>
		<critdates>
			<created date="2009-01-21"/>
		</critdates>
		<metadata>
			<prodinfo>
				<prodname>Lexis Advance</prodname>
				<vrmlist>
					<vrm version="1"/>
				</vrmlist>
			</prodinfo>
		</metadata>
	</prolog>
	<conbody>
		<p>When you're working on multiple projects and clients, you can organize your work by saving your searches, documents, notes, and alerts into folders, so you can return to them later. You can access your folders from:</p>
		<ul>
			<li>The <uicontrol>Folders</uicontrol> link in <uicontrol>More</uicontrol> drop-down list at the top of any page.</li>
			<li>The <uicontrol>Folders</uicontrol> pod on the <ph keyref="prodnamefirst"/> home page.</li>
		</ul>
		<p>Read through the links below for more information about how to create and use folders.</p>
	</conbody>
	<task conref="saveresearch_hdi.xml" id="saveresearch_hdi"><title/><taskbody/></task>
	<task conref="createfolder_hdi.xml" id="createfolder_hdi"><title/><taskbody/></task>
	<task conref="savedocumenttofolder_hdi.xml" id="savedocumenttofolder_hdi"><title/><taskbody/></task>
	<task conref="savetexttofolder_hdi.xml" id="savetexttofolder_hdi"><title/><taskbody/></task>
	<reference conref="folderlistips.xml" id="folderlistips"><title/><refbody/></reference>
	<!--reference conref="folderfulltips.xml" id="folderfulltips"><title/><refbody/></reference-->
	<concept conref="tutorialfolders_cpt.xml" id="tutorialfolders"><title/><conbody/></concept>
	<task conref="searchfolders_hdi.xml" id="searchfolders_hdi"><title/><taskbody/></task>
	<task conref="addnote_hdi.xml" id="addnote_hdi"><title/><taskbody/></task>
	<task conref="editnote_hdi.xml" id="editnote_hdi"><title/><taskbody/></task>
	<task conref="deletenote_hdi.xml" id="deletenote_hdi"><title/><taskbody/></task>
</concept>