<?xml version="1.0" encoding="utf-8"?>
<!DOCTYPE concept PUBLIC "-//IBM//DTD DITA Composite//EN" "c:/dtd/ditabase.dtd">
<concept id="naturalvsterms_cpt"  otherprops="natlang">
	<title>What does the <uicontrol>Run search as ...</uicontrol> option do?</title>
	<titlealts>
		<navtitle>
			<option>Run search as ... Option</option>
		</navtitle>
	</titlealts>
	<prolog>
		<author>Barb Bruns</author>
		<copyright>
			<copyryear year="2010"/>
			<copyrholder>Lexisnexis</copyrholder>
		</copyright>
		<critdates>
			<created date="2006-11-30"/>
		</critdates>
		<metadata>
			<prodinfo>
				<prodname>Lexis Advance</prodname>
				<vrmlist>
					<vrm version="1"/>
				</vrmlist>
			</prodinfo>
		</metadata>
	</prolog>
	<conbody>
		<p>When you enter a search, you don't need to enter your terms using terms and connectors or natural language guidelines because <ph keyref="prodnamefirst"/> automatically determines which type of search to perform from your search terms.  For example, if you enter <userinput>budget and deficit</userinput>, <ph keyref="prodname"/> will run a terms and connectors search, because the connector &quot;and&quot; is part of the search.</p>
		<p>When your search results are displayed, you'll see an <uicontrol>Actions</uicontrol> drop-down menu at the top (next to your search terms).  When you select it, one of the options is either <uicontrol>Run search as natural language</uicontrol> or <uicontrol>Run search as terms &amp; connectors</uicontrol>, depending on which way your original search was run.  If you would like to see what your results are when the alternate search type is used, select the option. Your search will be run again automatically and your results will be displayed. You may find that your results are slightly different when run with the other search type.</p>

		<note type="note">You can also rerun a search from the history <uicontrol>Research Map</uicontrol>.  For more information, see <xref href="rerunsearch_hdi.xml" scope="peer"/></note>

		<p>Refer to the help articles below for more information about natural language searching and terms and connectors searching.</p>
	</conbody>
	<reference conref="developnaturalsearch_ref.xml" id="developnaturalsearch_ref">
		<title/>
		<refbody/>
	</reference>

	<reference conref="connectors_group_ref.xml" id="connectors_group_ref">
		<title/>
		<refbody/>
	</reference>
</concept>