<?xml version="1.0" encoding="utf-8"?>
<!DOCTYPE concept PUBLIC "-//IBM//DTD DITA Composite//EN" "c:/dtd/ditabase.dtd">
<concept id="nonjuris_cpt" otherprops="searchadvanced" audience="res">
	<title>What is a non-jurisdictional content?</title>
	<prolog>
		<author>Barb Bruns</author>
		<copyright>
			<copyryear year="2009"/>
			<copyrholder>Lexisnexis</copyrholder>
		</copyright>
		<critdates>
			<created date="2009-01-21"/>
		</critdates>
		<metadata>
			<prodinfo>
				<prodname>Lexis Advance</prodname>
				<vrmlist>
					<vrm version="1"/>
				</vrmlist>
			</prodinfo>
		</metadata>
	</prolog>
	<conbody>		
<p>Non-jurisdictional content is content that is not associated with a specific jurisdiction. For example, a general treatise on contract law that is relevant to an attorney in any state is non-jurisdictional content.</p>
<p>Select <uicontrol>Include non-jurisdictional content</uicontrol> to include relevant content in your results that is not associated with a particular state or jurisdiction. </p>
    </conbody>

</concept> 

	

