<?xml version="1.0" encoding="utf-8"?>
<!DOCTYPE concept PUBLIC "-//IBM//DTD DITA Composite//EN" "c:/dtd/ditabase.dtd">
<concept id="notes_cpt" otherprops="fulldocrhp">
	<title>What are the About and Notes tabs?</title>
	<prolog>
		<author>Barb Bruns</author>
		<copyright>
			<copyryear year="2009"/>
			<copyrholder>Lexisnexis</copyrholder>
		</copyright>
		<critdates>
			<created date="2009-01-21"/>
		</critdates>
		<metadata>
			<prodinfo>
				<prodname>Lexis Advance</prodname>
				<vrmlist>
					<vrm version="1"/>
				</vrmlist>
			</prodinfo>
		</metadata>
	</prolog>
	<conbody>
		<p>When you view a document, you'll see a box to the right of the document with tabs for <uicontrol>About</uicontrol> and <uicontrol>Notes</uicontrol>.</p>  
		
		<p>Select the <uicontrol>About</uicontrol> tab to see <ph keyref="shepardsfirst"/> information about the document, including whether prior history is available, citing decisions, and other citing sources.</p>
		<p>Select the <uicontrol>Notes</uicontrol> tab to see annotations you have made in the document and saved. Your notes are saved when you save the document to a folder.</p>
				
	</conbody>
	
</concept>