<?xml version="1.0" encoding="utf-8"?>
<!DOCTYPE concept PUBLIC "-//IBM//DTD DITA Composite//EN" "c:/dtd/ditabase.dtd">
<concept id="notifications_cpt" otherprops="notifications;notificationstips">
	<title>What are <ph keyref="prodnamefirst"/> Notifications?</title>
	<prolog>
		<author>Barb Bruns</author>
		<copyright>
			<copyryear year="2009"/>
			<copyrholder>Lexisnexis</copyrholder>
		</copyright>
		<critdates>
			<created date="2009-01-21"/>
		</critdates>
		<metadata>
			<prodinfo>
				<prodname>Lexis Advance</prodname>
				<vrmlist>
					<vrm version="1"/>
				</vrmlist>
			</prodinfo>
		</metadata>
	</prolog>
	<conbody>
				
	<section>
	<p>When you share an item, such as a document, a folder, or an alert, you send a notification to the people you have shared the item with.  When someone shares an item with you, you will receive a notification about it.  Notifications are also sent when you or someone else stops sharing an item that has been shared, or adds or removes an item in a shared folder.</p>
	<p>To see the list of all the notifications you have sent or received, you can either select <uicontrol>Notifications</uicontrol> from the <uicontrol>More</uicontrol> drop-down list at the top of any page, or you can view the <uicontrol>Notifications</uicontrol> pod on the <ph keyref="prodnamefirst"/> home page. </p>		
		<p>If you prefer not to receive notifications, you can turn them off for one or all of the event types on the <uicontrol>Settings > General</uicontrol> page.</p>
		</section>	
		
	</conbody>
</concept>