<?xml version="1.0" encoding="utf-8"?>
<!DOCTYPE concept PUBLIC "-//IBM//DTD DITA Composite//EN" "c:/dtd/ditabase.dtd">
<concept id="practicepage_cpt" otherprops="practicepage" audience="res">
	<title>What is a <ph keyref="prodnamefirst"/> practice center?</title>
	<prolog>
		<author>Barb Bruns</author>
		<copyright>
			<copyryear year="2010"/>
			<copyrholder>Lexisnexis</copyrholder>
		</copyright>
		<critdates>
			<created date="2009-01-21"/>
		</critdates>
		<metadata>
			<prodinfo>
				<prodname>Lexis Advance</prodname>
				<vrmlist>
					<vrm version="1"/>
				</vrmlist>
			</prodinfo>
		</metadata>
	</prolog>
	<conbody>
		<p>A <ph keyref="prodnamefirst"/> Practice Center provides customized, curated content with fast access to the top sources, news, and key legal topics for your practice area or a jurisdiction. You can perform much of your research from your practice center, while still having access to all <ph keyref="prodname"/> content and products from the viewpoint of your practice area or jurisdiction.</p>
		<p> You can open a practice center from the <uicontrol>Browse</uicontrol> drop-down menu, or <xref href="practicepagesetstart_hdi.xml" scope="peer">set it to be the first page you see when you sign in</xref>.</p>
	
<p>The content available from each practice center varies, but all practice centers have a search box at the top.  Links to sources, news, favorites, and so on are organized into a number of &quot;pods&quot; on the page.  A practice center may include any of the pods below, but not every page has all of them. </p>

<dl>
						<dlentry>
							<dt>Top Sources</dt>
							<dd>The most-respected and most-accessed legal sources for the practice area or jurisdiction. You can select from these sources, or click <uicontrol>View all sources</uicontrol> to select from all sources.</dd>
							</dlentry>
<dlentry>
							<dt>Favorites</dt>
							<dd>Sources and topics you have selected in recent searches or saved as favorites</dd>
							</dlentry>
<dlentry>
							<dt>News &amp; Analysis</dt>
							<dd>Current news stories from the news sources relevant to the practice area or jurisdiction</dd>
							</dlentry>
<dlentry>
							<dt>Key Topics</dt>
							<dd>Topics that are most relevant for the practice area or jurisdiction</dd>
							</dlentry>
<!-- <dlentry>
							<dt>Lexis Practice Advisor</dt>
							<dd>A practical guidance product that provides key information and tools for attorneys who handle transactional matters</dd>
							</dlentry>
<dlentry>
							<dt>National View of Recent Legislation &amp; Regulations (Practice Area Pages only)</dt>
							<dd>A tool that lets you monitor and assess new and changing laws and regulations and also provides summaries of issues</dd>
							</dlentry>-->
							</dl>


</conbody>	
	<task conref="practicepageuse_hdi.xml" id="practicepageuse_hdi"><title/><taskbody/></task>
	<task conref="practicepagesearch_hdi.xml" id="practicepagesearch_hdi"><title/><taskbody/></task>
</concept>