<?xml version="1.0" encoding="utf-8"?>
<!DOCTYPE concept PUBLIC "-//IBM//DTD DITA Composite//EN" "c:/dtd/ditabase.dtd">
<concept id="purchase_cpt" otherprops="results;purchasetips;shepurchasepreviewtips;shepurchasetips;purchasepreviewtips" audience="res">
	<title>Why should I get items?</title>
	<prolog>
		<author>Robin Stubbart</author>
		<copyright>
			<copyryear year="2010"/>
			<copyrholder>Lexisnexis</copyrholder>
		</copyright>
		<critdates>
			<created date="2010-02-05"/>
		</critdates>
		<metadata>
			<prodinfo>
				<prodname>Lexis Advance</prodname>
				<vrmlist>
					<vrm version="1"/>
				</vrmlist>
			</prodinfo>
		</metadata>
	</prolog>
	<conbody>
		<p>If you choose to, you can select "Get It Now!" to retrieve documents or <ph keyref="shepardsfirst"/> reports for a fee. Documents available are not included in your subscription, so will be marked "out of plan".</p>
		<!--You may want to review the free preview paragraph to determine whether this document or report will be useful for your research needs before selecting the <uicontrol>Get It Now!</uicontrol> button.-->
	</conbody>
</concept>