<?xml version="1.0" encoding="utf-8"?>
<!DOCTYPE concept PUBLIC "-//IBM//DTD DITA Composite//EN" "c:/dtd/ditabase.dtd">
<concept id="resultsnarrowby_cpt" otherprops="resultsfilter">
	<title>What is narrowing my results?</title>
	<prolog>
		<author>Barb Bruns</author>
		<copyright>
			<copyryear year="2009"/>
			<copyrholder>Lexisnexis</copyrholder>
		</copyright>
		<critdates>
			<created date="2009-01-21"/>
		</critdates>
		<metadata>
			<prodinfo>
				<prodname>Lexis Advance</prodname>
				<vrmlist>
					<vrm version="1"/>
				</vrmlist>
			</prodinfo>
		</metadata>
	</prolog>		
<conbody>
		<data>focus</data>
		<p>Your search results may be presented in one of the following ways:</p>
		<ul>
			<li>
				<p>For searches that retrieve multiple documents, your results are displayed as a list. On the left side of the page, you can view options for narrowing your results to a specific category type. If you want to view at-a-glance details for every category all at once, you can view the <uicontrol>Snapshot</uicontrol> page.</p>
				<p>Your search (or a portion of it, depending on how long it is) appears at the top of the page next to <uicontrol>Results for:</uicontrol>.  A smaller search box is also displayed at the top of the page, so you continue your research. </p>
			</li>
			<li>If you retrieved an individual document by entering its citation in the search box, that document is displayed at the top of the results list, with other documents containing that citation displayed below it. If the document is included your subscription, it appears automatically. If it is outside your subscription, you'll have the option of accessing it for a fee.</li> 
			<li>Multiple documents retrieved by a single citation (such as table cases) appear as a list of documents.</li>
			<li>If you enter multiple citations in the search box, your results are displayed as a list of documents.</li>
			<li>If you used the <uicontrol>Search for (</uicontrol><b><i>citation</i></b><uicontrol>)</uicontrol> option in <uicontrol>About This Document</uicontrol> to retrieve all documents referencing a specific citation, the documents will be displayed as a list of results, regardless of any specific content type, jurisdiction, practice area, or &quot;Start in&quot; selections you made before your search.</li>
		</ul>
		<p>Use the <uicontrol>Narrow By</uicontrol> pane on the left to narrow your results by entering search terms in the <uicontrol>Search Within Results</uicontrol> filter, or by several specific criteria, such as jurisdiction, court, timeline, and so on, depending on what kind of search you ran and what types of content your results contain. By default, the jurisdiction, location, and court filters are displayed by number of results (highest - lowest). You can change this to display them in alphabetical order instead, in <uicontrol>Settings</uicontrol>.</p>
		<p>You can also use the search form at the top of the page to change your search terms, or change the content type, jurisdiction, practice area, etc. you want to search and run the search again.</p>

	</conbody>

	<reference conref="resultips.xml" id="resultips"><title/><refbody/></reference>
	<task conref="narrowresults_hdi.xml" id="narrowresults_hdi"><title/><taskbody/></task>	
	<task conref="saveresearch_hdi.xml" id="saveresearch_hdi"><title/><taskbody/></task>


</concept>