<?xml version="1.0" encoding="utf-8"?>
<!DOCTYPE concept PUBLIC "-//IBM//DTD DITA Composite//EN" "c:/dtd/ditabase.dtd">
<concept id="resultslist_cpt" otherprops="results;resultips">
	<title>What is a results list?</title>
	<prolog>
		<author>Dave Montgomery</author>
		<author>Barb Bruns</author>
		<copyright>
			<copyryear year="2009"/>
			<copyrholder>LexisNexis</copyrholder>
		</copyright>
		<critdates>
			<created date="2009-01-21"/>
		</critdates>
		<metadata>
			<prodinfo>
				<prodname>LA-Q</prodname>
				<vrmlist><vrm version="1"/></vrmlist>
			</prodinfo>
		</metadata>
	</prolog>
	<conbody>
		

		<p>A results list is the list of results produced by a search. After you run a search that produces multiple results, <ph keyref="prodnamefirst"/> displays a results page consisting of two panes. The left pane lists the content types you searched and contains filters that enable you to narrow your results. The right pane initially lists either a snapshot of all results or the results for one of the content types you searched.</p>

		<note type="tip">	The Settings option enables you to specify what results should initially appear in the right pane when you search multiple content types. For more information, see <xref href="settingstips.xml" scope="peer">Display search results in this content type first</xref> on the Lexis Advance Research tab.</note>

		<p>In snapshot view, you can select a specific content type from the <uicontrol>Jump to</uicontrol> drop-down list to go directly to the snapshot view for that type. Otherwise, to view all results for a given content type, select the name of the content type in the left pane or, in snapshot view, select the <uicontrol>View all</uicontrol> link below the list of results for that type. By default, no more than 25 results are listed per page. You can use the <xref href="settingstips.xml" scope="peer">Settings</xref> option to increase that limit to 50 or to reduce it to 10.</p>

	<p>Use the icons at the top right of the results list to display your results in one of the following views:</p>
		<ul>
		<li>Graphical view. This view shows the location and distribution of each of your search terms in each of the documents in your results in a graphical display.  You can change or remove the search terms you want included in the display. For more information about the graphical view, see <xref href="analyticalview_cpt.xml" scope="peer">What is the graphical view?</xref></li>
		<li>Full view. Full view lists all available information for each document, including document overviews, excerpts, and so on. </li>
		<li>Title view. Title view lists only minimal information for each document by suppressing the display of document overviews, excerpts, and similar information.</li>
		</ul>
	
		<p>You can use the Graphical View (<image href="#analyticalview.png" alt="Graphical View" placement="inline"/>), Full View (<image href="#fullview.png" alt="Full View" placement="inline"/>), or Title View (<image href="#titleview.png" alt="Title View" placement="inline"/>) icons at the top of the results list to display the results in the view you want. The Graphical View shows the location and distribution of your search terms in a graphical display. Full view lists all available information for each document, including document overviews, excerpts, and so on. Title view lists only minimal information for  each document by suppressing the display of document overviews, excerpts, and similar information.</p>
		<note type="tip">You can use the Settings option to specify which view you want to appear by default. For more information, see <xref href="settingstips.xml" scope="peer">Choose how much detail to include for each result</xref> on the General tab. You can also use the Settings option to specify what information should appear in full view. For more information, see <xref href="settingstips.xml#settingstips/contentypedisplay" scope="peer">Content Type Display</xref>.</note>
			
		<section>
		<title>Narrowing your results</title>
		<p>After you display the results for a specific content type, the <uicontrol>Narrow By</uicontrol> heading appears in the left pane, followed by any jurisdiction, legal topic, or source filters you applied to the search. Below that, a list of headings appears, and you can select them in order to filter your results further.  For example, you can enter additional terms in the <uicontrol>Search Within Results</uicontrol> search box to narrow the currently displayed results to only documents containing those terms. Note that the headings that appear can vary, depending on the content type you are viewing</p>		
		<p>As you select additional filters, they are immediately applied to the currently displayed results and are listed below the <uicontrol>Narrow By</uicontrol> heading, the same as any filters you may have selected when creating the search. You can clear any filter by selecting the delete filter icon (<image href="RemoveFilter.png" alt="Delete Filter" placement="inline"/>) to the right of the filter name, or you can clear all filters by selecting <uicontrol>Clear</uicontrol>. You can also select the Favorite icon (<image href="FavoriteEmpty.png" alt="Save as a favorite filter" placement="inline"/>) to save the filters as favorites for use in future searches. For more information on narrowing results lists, see <xref href="narrowresults_hdi.xml" scope="peer"/></p>
		</section>		

		<section>
		<title>Accessing documents outside your subscription plan</title>
		<p>If a document falls outside your subscription plan, either a <uicontrol>Get It Now!</uicontrol> link appears in the results list below the document title or an Additional Charges Will Apply icon (<image href="additionalcharges2.png" alt="Additional Charges Will Apply" placement="inline"/>) appears below the title to the left of each of the parallel citation hyperlinks. If you select the <uicontrol>Get It Now!</uicontrol> link, you will be accepting the listed charges, and the document will appear. If you select a parallel citation preceded by an Additional Charges Will Apply icon (<image href="additionalcharges2.png" alt="Additional Charges Will Apply" placement="inline"/>), the Additional Charges Will Apply page appears, where you either accept the charges and access the document or cancel the transaction. For more information on accessing documents outside your subscription plan, see <xref href="purchase_cpt.xml" scope="peer"/>.</p>
		</section>
		
		<section>
		<title>Creating alerts</title>
		<p>You can select the alerts (<image href="#alerts2.png" alt="Alerts" placement="inline"/>) icon at the top of the results list to save your current search as a search alert. A search alert is a search you schedule <ph keyref="prodname"/> to repeat automatically at periodic intervals. You can use search alerts to check for new results over time. For more information, see <xref href="gh_alerts.xml" scope="peer"/>.</p> 
		</section>

		<section>
		<title>Delivering results (print, email, download, send to Dropbox)</title>
		<p>You can select the delivery options button (<image href="#deliveryprint3.png" alt="Print" placement="inline"/>) to print, email, or <xref href="downloading_cpt.xml" scope="peer">download</xref> results. You can also <xref href="dropbox_cpt.xml" scope="peer">send results to Dropbox</xref>. For more information, see <xref href="delivery_cpt.xml" scope="peer"/>.</p>
		</section>
		
		<section>
		<title>Saving results to <ph keyref="prodname"/> folders</title>
		<p>In addition to downloading results, you can also save them to <ph keyref="prodname"/> folders. For more information, see <xref href="gh_workfolders.xml" scope="peer"/>.</p>
		</section>

		<section>
		<title>Sorting</title>
		<p>By default, when you display the results for a specific content type, they are listed in order of relevance. You can select options  in the <uicontrol>Sort by</uicontrol> drop-down list to sort the list in different ways, depending on the content type.</p>
		</section>

		<section>
		<title>Including or excluding legal phrase equivalents</title>
		<p>In the <xref href="settingstips.xml#settingstips/legalequivalent" scope="peer">Settings</xref> option, if you specified that your searches should include legal phrase equivalents, you can remove them from your results by selecting <uicontrol>Exclude legal phrase equivalents</uicontrol> from the <uicontrol>Actions</uicontrol> list at the top of the results list. Or, if you specified your searches should NOT include legal phrase equivalents, you can include them by selecting <uicontrol>Include legal phrase equivalents</uicontrol>.</p>
		</section>
	
		<section id="naturalandterms">
		<title>Natural language and terms &amp; connectors searches</title>		
		<p>When you run a search, <ph keyref="prodname"/> automatically determines whether to run a <xref href="naturalvsterms_cpt.xml" scope="peer">natural language or terms &amp; connectors search</xref>. If the current search is run as a natural language search, then after the results appear, you can select <uicontrol>Run as terms &amp; connectors</uicontrol> from the <uicontrol>Actions</uicontrol> drop-down list to run it as a terms &amp; connectors search. Likewise, if the search is run as a terms &amp; connectors search, you can select <uicontrol>Run as natural language</uicontrol> to run it as a natural language search. For more information on these different types of searches, see <xref href="search_cpt.xml#search_cpt/natural_or_terms" scope="peer">Creating natural language or terms &amp; connectors searches</xref>.</p>
		
		<note type="note">When you run a natural language search, either standard (only the top) results or expanded (all) results appear in the results list, according to what specification is selected in the <xref href="settingstips.xml#settingstips/preferredresults" scope="peer">Settings</xref> option. If standard results are specified, then you can select <uicontrol>Expanded results</uicontrol> from the <uicontrol>Actions</uicontrol> list at the top of the results list to view expanded (all) results. Or, if expanded results are specified, you can select <uicontrol>Fewer results</uicontrol> to view only the standard (top) results.</note>
		</section>

	</conbody>
</concept>