<?xml version="1.0" encoding="utf-8"?>
<!DOCTYPE concept PUBLIC "-//IBM//DTD DITA Composite//EN" "c:/dtd/ditabase.dtd">
<concept id="search_cpt" audience="res;lpa" otherprops="searchbasic;searchtips">
	<title>What is a <ph keyref="prodnamefirst"/> search?</title>
	<prolog>
		<author>Barb Bruns</author>
		<copyright>
			<copyryear year="2010"/>
			<copyrholder>Lexisnexis</copyrholder>
		</copyright>
		<critdates>
			<created date="2009-01-21"/>
		</critdates>
		<metadata>
			<prodinfo>
				<prodname>Lexis Advance</prodname>
				<vrmlist>
					<vrm version="1"/>
				</vrmlist>
			</prodinfo>
		</metadata>
	</prolog>
	<conbody>
		<p>You can use <ph keyref="prodnamefirst"/> to search <ph keyref="companyfirst"/> sources and related Web content or to <i>Shepardize®</i> a citation. Select <uicontrol>Search: Everything</uicontrol> to the left of the search button ( <image href="redmagnifyglass.png" alt="Search" placement="inline"/> ) to limit your search results to specific:</p>
	
		<ul>
			<li>Jurisdictions</li>
			<li>Categories</li>
			<li>Content types</li>
			<li>Practice areas and topics</li>
		</ul>
<p>You can also select from any recently used or favorite filters, or select a content type, jurisdiction, or practice area from <uicontrol>Explore Content</uicontrol> to limit your search to specific sources.</p> 

</conbody>	
	<task conref="search_hdi.xml" id="search_hdi"><title/><taskbody/></task><!--ok-->
	
	<concept conref="tutorialsearch_cpt.xml" id="tutorialresults"><title/></concept>	
	<task conref="useconnectors_hdi.xml" id="useconnectors_hdi"><title/><taskbody/></task>
	
	<task conref="restrictsearch_hdi.xml" id="restrictsearch_hdi"><title/><taskbody/></task>	
	<task conref="shepardizebycitation_hdi.xml" id="shepardizebycitation_hdi"><title/><taskbody/></task>

</concept>