<?xml version="1.0" encoding="utf-8"?>
<!DOCTYPE concept PUBLIC "-//IBM//DTD DITA Composite//EN" "c:/dtd/ditabase.dtd">
<concept id="shepCRB_cpt" otherprops="shep">
	<title>What is the top citing reference?</title>
	<prolog>
		<author>Dea Henrich</author>
		<copyright>
			<copyryear year="2016"/>
			<copyrholder>Lexisnexis</copyrholder>
		</copyright>
		<critdates>
			<created date="2016-05-15"/>
		</critdates>
		<metadata>
			<prodinfo>
				<prodname>Lexis Advance</prodname>
				<vrmlist>
					<vrm version="1"/>
				</vrmlist>
			</prodinfo>
		</metadata>
	</prolog>
	<conbody>
		<p>The Shepard's editorial team analyzes the cases, which determines the Shepard's Signal™ indicator assigned to it. If there are several determinative cases, the top one is selected with a link to view all cases that generated the signal. You can link to the citing case to review the passage to determine if a particular Shepard's Signal indicator is applicable to the matter you are researching. In addition, subsequent history is provided if it is associated with the Shepard's Signal indicator.   

</p>
	
	</conbody>
</concept>