<?xml version="1.0" encoding="utf-8"?>
<!DOCTYPE concept PUBLIC "-//IBM//DTD DITA Composite//EN" "c:/dtd/ditabase.dtd">
<concept id="shepardsbcheckexcel_cpt"  otherprops="bcheck">
	<title>What is Shepard's&#174; BriefCheck&#153;</title>
	<prolog>
		<author>Dea Henrich</author>
		<copyright>
			<copyryear year="2015"/>
			<copyrholder>Lexisnexis</copyrholder>
		</copyright>
		<critdates>
			<created date="2016-01-11"/>
		</critdates>
		<metadata>
			<prodinfo>
				<prodname>Shepard's&#174; BriefCheck&#153;</prodname>
				<vrmlist>
					<vrm version="1"/>
				</vrmlist>
			</prodinfo>
		</metadata>
	</prolog>
	<conbody>
		<p>You can now export Shepard's&#174; reports to Microsoft&#153; Excel&#153;. By delivering Shepard’s reports in Excel format, you can take advantage of that application’s features to manipulate those reports and the up to 10,000 citing referenced available each report. Please note that only Shepard's reports can be exported to Excel. If you choose this option, BriefCheck will clear other services.</p> 
		<p>Some the advantages of exporting to Excel include the ability to sort by column. You can sort on the Date column so that the most recent citing decisions bubble to the top. Or take advantage of multiple sort keys to:</p>		
		<ul>
		<li>Group the citing decisions by Court</li>
		<li>Sort within each Court by the way the citing decisions treat your case (e.g., Warning, Questioned, Caution, Positive).</li>
		<li>Sort by reverse chronological date</li>
		<li>Search within columns for specific words or phrases</li>
		</ul>
				<p>
					<image href="Excel.png" alt="Excel Sort Dialog"/>
				</p>
		<p>You can also filter the delivered Shepard’s reports since you can filter on any of the available columns in Excel. You can filter by:</p>
		<ul>
		<li>Specific analysis codes</li>
		<li>Specific Courts at a more granular level than available online</li>
		<li>Shepard’s Signal Indicator (e.g., only those with a red signal)</li>
		<li>Section of the report (e.g., view only the Appellate History portion of the reports)</li>
		</ul>
	</conbody>
</concept>