<?xml version="1.0" encoding="utf-8"?>
<!DOCTYPE concept PUBLIC "-//IBM//DTD DITA Composite//EN" "c:/dtd/ditabase.dtd">
<concept id="shepardsmlth_cpt"  otherprops="shep">
	<title>What is Shepard's&#174; More Like This Headnote</title>
	<prolog>
		<author>Dea Henrich</author>
		<copyright>
			<copyryear year="2015"/>
			<copyrholder>Lexisnexis</copyrholder>
		</copyright>
		<critdates>
			<created date="2017-01-03"/>
		</critdates>
		<metadata>
			<prodinfo>
				<prodname>Shepard's&#174;</prodname>
				<vrmlist>
					<vrm version="1"/>
				</vrmlist>
			</prodinfo>
		</metadata>
	</prolog>
	<conbody>
		<p><i>Shepard's</i>&#174; More Like This Headnote feature lets you find other headnotes that are similar to the one you are currently viewing. Just click the <image href="Search.png" alt="magnifying glass" placement="inline"/> to see similar headnotes and/or paragraphs from the case.  The results will include up to three headnotes for each case, or a paragraph of text with similar terms from the headnote.</p>
	</conbody>
</concept>