<?xml version="1.0" encoding="utf-8"?>
<!DOCTYPE concept PUBLIC "-//IBM//DTD DITA Composite//EN" "c:/dtd/ditabase.dtd">
<concept id="shepdepthofdiscussion_cpt" audience="res" otherprops="shep">
	<title>What is a <i>Shepard's</i>® depth of discussion indicator?</title>
	<prolog>
		<author>Robin Stubbart</author>
		<copyright>
			<copyryear year="2010"/>
			<copyrholder>Lexisnexis</copyrholder>
		</copyright>
		<critdates>
			<created date="2010-02-05"/>
		</critdates>
		<metadata>
			<prodinfo>
				<prodname>Lexis Advance</prodname>
				<vrmlist>
					<vrm version="1"/>
				</vrmlist>
			</prodinfo>
		</metadata>
	</prolog>
	<conbody>
		<p>These indicators show you the various ways in which citing documents consider the cited reference. The number of bars shown indicates the relative differences between the categories.</p>
		<simpletable>
			<sthead>
				<stentry>Image</stentry>
				<stentry>Indicator</stentry>
				<stentry>The Citing Document...</stentry>
			</sthead>
			<strow>
				<stentry><image href="IconDiscuss04.png" alt="Depth of Discussion indicator with 4 bars" placement="inline"/></stentry>
				<stentry>Analyzed</stentry>
				<stentry>Fully considers the cited reference</stentry>
			</strow>
			<strow>
				<stentry><image href="IconDiscuss03.png" alt="Depth of Discussion indicator with 3 bars" placement="inline"/></stentry>
				<stentry>Discussed</stentry>
				<stentry>Discusses the cited reference with some measure of analysis</stentry>
			</strow>
			<strow>
				<stentry><image href="IconDiscuss02.png" alt="Depth of Discussion indicator with 2 bars" placement="inline"/></stentry>
				<stentry>Mentioned</stentry>
				<stentry>Mentions the cited reference but does so briefly</stentry>
			</strow>
			<strow>
				<stentry><image href="IconDiscuss01.png" alt="Depth of Discussion indicator with 1 bar" placement="inline"/></stentry>
				<stentry>Cited</stentry>
				<stentry>Cites to the reference with minimal if any discussion</stentry>
			</strow>
		</simpletable>
	</conbody>
</concept>