<?xml version="1.0" encoding="utf-8"?>
<!DOCTYPE concept PUBLIC "-//IBM//DTD DITA Composite//EN" "c:/dtd/ditabase.dtd">
<concept id="shepardsbcheck_cpt"  audience="bcheck" otherprops="bcheck">
	<title>What is Shepard's&#174; BriefCheck&#153;</title>
	<prolog>
		<author>Barb Bruns</author>
		<author>Dea Henrich</author>
		<copyright>
			<copyryear year="2015"/>
			<copyrholder>Lexisnexis</copyrholder>
		</copyright>
		<critdates>
			<created date="2016-01-11"/>
		</critdates>
		<metadata>
			<prodinfo>
				<prodname>Shepard's&#174; BriefCheck&#153;</prodname>
				<vrmlist>
					<vrm version="1"/>
				</vrmlist>
			</prodinfo>
		</metadata>
	</prolog>
	<conbody>
		<p>Shepard's&#174; BriefCheck&#153; is a wizard-like feature that extracts citations from documents you upload. Then, BriefCheck takes you through the process of generating reports for your citations. You have the option to request Shepard's reports for citations, to retrieve the document a citation points to, or to check cited quotations for accuracy. For more information, please refer to:</p>
	</conbody>
			<concept conref="shepards_cpt.xml" id="shepards_cpt"><title/><conbody/></concept>
			<concept conref="shepardsbcheckquotecheck_cpt.xml" id="shepardsbcheckquotecheck_cpt"><title/><conbody/></concept>
</concept>