<?xml version="1.0" encoding="utf-8"?>
<!DOCTYPE concept PUBLIC "-//IBM//DTD DITA Composite//EN" "c:/dtd/ditabase.dtd">
<concept id="shepchicklets_cpt" audience="res" otherprops="shep">
	<title>What is a <i>Shepard's</i>® phrase level indicator?</title>
	<prolog>
		<author>Robin Stubbart</author>
		<copyright>
			<copyryear year="2010"/>
			<copyrholder>Lexisnexis</copyrholder>
		</copyright>
		<critdates>
			<created date="2010-02-05"/>
		</critdates>
		<metadata>
			<prodinfo>
				<prodname>Lexis Advance</prodname>
				<vrmlist>
					<vrm version="1"/>
				</vrmlist>
			</prodinfo>
		</metadata>
	</prolog>
	<conbody>
		<p>These indicators reflect the signal generating value of the editorial phrase next to the indicator.</p>
		<p>The colors of the level phrases indicate:</p>
		<simpletable>
			<sthead>
				<stentry>Indicator</stentry>
				<stentry>Color</stentry>
				<stentry>Description</stentry>
			</sthead>
			<strow>
				<stentry><image href="ChickletRed.png" align="Red indicator" placement="inline"/></stentry>
				<stentry>Red</stentry>
				<stentry>Warning</stentry>
			</strow>
			<strow>
				<stentry><image href="ChickletOrange.png" align="Orange indicator" placement="inline"/></stentry>
				<stentry>Orange</stentry>
				<stentry>Questioned</stentry>
			</strow>
			<strow>
				<stentry><image href="ChickletYellow.png" align="Yellow indicator" placement="inline"/></stentry>
				<stentry>Yellow</stentry>
				<stentry>Caution</stentry>
			</strow>
			<strow>
				<stentry><image href="ChickletGreen.png" align="Green indicator" placement="inline"/></stentry>
				<stentry>Green</stentry>
				<stentry>Positive</stentry>
			</strow>
			<strow>
				<stentry><image href="ChickletBlue.png" align="Blue indicator" placement="inline"/></stentry>
				<stentry>Blue</stentry>
				<stentry>Neutral</stentry>
			</strow>
			<strow>
				<stentry><image href="ChickletLightBlue.png" align="Light Blue indicator" placement="inline"/></stentry>
				<stentry>Light Blue</stentry>
				<stentry>No phrase exists</stentry>
			</strow>
		</simpletable>
	</conbody>
</concept>