<?xml version="1.0" encoding="utf-8"?>
<!DOCTYPE concept PUBLIC "-//IBM//DTD DITA Composite//EN" "c:/dtd/ditabase.dtd">
<concept id="shepardsblink_cpt" otherprops="blink">
	<title>What is Shepard's&#174; BriefLink?</title>
	<prolog>
		<author>Barb Bruns</author>
		<author>Dea Henrich</author>
		<copyright>
			<copyryear year="2015"/>
			<copyrholder>Lexisnexis</copyrholder>
		</copyright>
		<critdates>
			<created date="2016-01-11"/>
		</critdates>
		<metadata>
			<prodinfo>
				<prodname>Lexis Advance</prodname>
				<vrmlist>
					<vrm version="1"/>
				</vrmlist>
			</prodinfo>
		</metadata>
	</prolog>
	<conbody>
		<p>Shepard's&#174; BriefLink changes citations in your document to live links to Lexis Advance&#174; materials. 
		Simply upload a document from your desktop or network drive. Next, choose the document type you want emailed, either a Word document 
		or a PDF. Shepard's BriefLink creates a new version of the brief with active links to materials on 
		Lexis Advance&#174;. You also have the option to create <uicontrol>Shepardize&#174;</uicontrol> links to updated Shepard's reports for your citation, 
		when applicable. The updated brief is emailed to the recipients of your choice.</p>
	</conbody>
</concept>