<?xml version="1.0" encoding="utf-8"?>
<!DOCTYPE concept PUBLIC "-//IBM//DTD DITA Composite//EN" "c:/dtd/ditabase.dtd">
<concept id="shepardsbcheckquotecheck_cpt" audience="bcheck" otherprops="bcheck">
	<title>What is QuoteCheck&#153;</title>
	<prolog>
		<author>Dea Henrich</author>
		<copyright>
			<copyryear year="2015"/>
			<copyrholder>Lexisnexis</copyrholder>
		</copyright>
		<critdates>
			<created date="2016-01-11"/>
		</critdates>
		<metadata>
			<prodinfo>
				<prodname>Shepard's&#174; BriefCheck&#153;</prodname>
				<vrmlist>
					<vrm version="1"/>
				</vrmlist>
			</prodinfo>
		</metadata>
	</prolog>
	<conbody>
		<p>QuoteCheck&#153; is a service offered through Shepard's&#174; BriefCheck&#153; that verifies the quotations in your brief are valid and correctly cited. You can select a report for each quote, and the service will let you know if: </p>
			<ul>
			<li>Quote Check could not find a match for your quote.</li>
			<li>Your quote is substantially the same as retrieved quote.</li>
			<li>Your quote was found on a different page.</li>			
			<li>Your quote is different from the retrieved quote.</li>
			<li>Your quote is different from the retrieved quote. A better match was found on a different page.</li>
			<li>The retrieved quote was found on a different page.</li>
			</ul>
	
	</conbody>
</concept>