<?xml version="1.0" encoding="utf-8"?>
<!DOCTYPE concept PUBLIC "-//IBM//DTD DITA Composite//EN" "c:/dtd/ditabase.dtd">
<concept id="snapshot_cpt" audience="res;lpa" otherprops="resultsfilter">
	<title>What is the Snapshot view?</title>
	<prolog>
		<author>Barb Bruns</author>
		<copyright>
			<copyryear year="2009"/>
			<copyrholder>Lexisnexis</copyrholder>
		</copyright>
		<critdates>
			<created date="2009-01-21"/>
		</critdates>
		<metadata>
			<prodinfo>
				<prodname>Lexis Advance</prodname>
				<vrmlist>
					<vrm version="1"/>
				</vrmlist>
			</prodinfo>
		</metadata>
	</prolog>
	<conbody>
		<p>The <uicontrol>Snapshot</uicontrol> provides an at-a-glance view of your results for all the categories you selected for your search.  The first 4 categories you selected appear on the first page of the snapshot, with the category you selected to start in at the top. The first 3 document names in each category are listed with a portion of the first line of text of the document (depending on the category).  To see the results from any other of the categories, select <uicontrol>View More Categories</uicontrol> at the bottom of the page.  You can:</p>
		<ul>
			<li>Open any of the documents in a category</li>
			<li>Select <uicontrol>View all [Category Name]</uicontrol> to see all the results in a category</li>			
		</ul>
	</conbody>
</concept>