<?xml version="1.0" encoding="utf-8"?>
<!DOCTYPE concept PUBLIC "-//IBM//DTD DITA Composite//EN" "c:/dtd/ditabase.dtd">
<concept id="sourceselect_cpt" otherprops="searchbrowse">
	<title>What is source selection?</title>
	<prolog>
		<author>Barb Bruns</author>
		<copyright>
			<copyryear year="2009"/>
			<copyrholder>Lexisnexis</copyrholder>
		</copyright>
		<critdates>
			<created date="2009-01-21"/>
		</critdates>
		<metadata>
			<prodinfo>
				<prodname>Lexis Advance</prodname>
				<vrmlist>
					<vrm version="1"/>
				</vrmlist>
			</prodinfo>
		</metadata>
	</prolog>
	<conbody>
		<p>You can select a specific source or sources in which to search. If there is a source you often search in, you can save that source as a favorite for future searches.</p>
		
		
<p>To select a specific source to search in, select <uicontrol>Browse</uicontrol> at the top of the <ph keyref="prodnamefirst"/> home page, then select <uicontrol>Sources</uicontrol>.  Then you can browse the sources by category, browse them alphabetically, or search for a specific source by name.</p>
<note>If you make selections from <uicontrol>Filters</uicontrol> after you have selected sources, your selections will replace the selections you made from <uicontrol>Sources</uicontrol>.</note>
		<p>For more information about selecting sources, read through the links below.</p>
	</conbody>
	<task conref="sourceselect_hdi.xml" id="sourceselect_hdi"><title/><taskbody/></task>
	<task conref="sourcefavorite_hdi.xml" id="sourcefavorite_hdi"><title/><taskbody/></task>
	<reference conref="faveselectedtips.xml" id="faveselectedtips"><title/><refbody/></reference>
</concept>