<?xml version="1.0" encoding="utf-8"?>
<!DOCTYPE concept PUBLIC "-//IBM//DTD DITA Composite//EN" "c:/dtd/ditabase.dtd">
<concept id="taxabout_cpt" otherprops="taxsearch;taxresults" audience="tax">
	<title>What is <ph keyref="taxnamefirst"/>?</title>
	<prolog>
		<author>Christina Stommel</author>
		<copyright>
			<copyryear year="2013"/>
			<copyrholder>Lexisnexis</copyrholder>
		</copyright>
		<critdates>
			<created date="2013-08-12"/>
		</critdates>
		<metadata>
			<prodinfo>
				<prodname>Lexis Advance</prodname>
				<vrmlist>
					<vrm version="1"/>
				</vrmlist>
			</prodinfo>
		</metadata>
	</prolog>
	<conbody>
	<p>Using <ph keyref="taxnamefirst"/>, you can simplify your tax research by conducting a single search across multiple resources, which might include cases, codes, regulations, tax analysis, tax commentary, tax news, and other information required to practice tax law. </p>
	<p><ph keyref="taxname"/> lets you, among other things:</p>
	<ul>
	<li>Review expert analysis and insight with related federal code sections and tax topics in Lexis Tax Advisor - Federal Code Reporter.</li>
	<li>Examine practical analysis of state tax codes and regulations drafted by the top tax professionals by using Lexis State Tax Practice Insights.</li>
	<li>Stay on top of the latest tax news by reviewing headlines from Tax Analysts Tax Notes Today or CCH Federal Tax Weekly.</li>
	<li>Review the Matthew Bender® tax treatise collection, which is written by respected authorities in their field and frequently cited by the IRS and tax courts.</li>
	<li>Easily determine whether relevant laws and IRS Administrative rulings are still valid by using available Shepard's Signal&#153; indicators.</li>
	</ul>
	
		


	</conbody>
</concept>