<?xml version="1.0" encoding="utf-8"?>
<!DOCTYPE concept PUBLIC "-//IBM//DTD DITA Composite//EN" "c:/dtd/ditabase.dtd">
<concept id="toc_cpt">
	<title>What is Table of Contents <!--or Index -->browsing?</title>
	
	<prolog>
		<author>Barb Bruns</author>
		<copyright>
			<copyryear year="2009"/>
			<copyrholder>Lexisnexis</copyrholder>
		</copyright>
		<critdates>
			<created date="2006-10-26"/>
		</critdates>
		<metadata>
			<prodinfo>
				<prodname>Lexis Advance</prodname>
				<vrmlist>
					<vrm version="1"/>
				</vrmlist>
			</prodinfo>
		</metadata>
	</prolog>
	<conbody>
	<note type="note">The Table of Contents is only available for publications having this structure, such as statutes and treatises.</note>
		<p>In full document view, you can use the Table of Contents to display a document's location within a publication and navigate to other documents in that publication. For example, if you are viewing a specific Statute section, the Table of Contents displays the structure of the entire statute, showing the names of the sections before and after the one you are viewing.</p>		
		<p>From the results list view, you can display the Table of Contents for a publication by selecting the <uicontrol>View Table of Contents</uicontrol> link in the results list.</p>
		<p>When the Table of Contents is displayed, you can:</p>
		<ul>
			
			<li>Select the right-facing arrow <image href="TriangleRight.png" alt="Expand" placement="inline"/> to the left of a section to expand the section</li>
			<li>Search the headings and/or documents (or both) in the Table of Contents for specific search terms, publication names, or part of a name.</li>
			<li>Select the search icon <image href="addtosearch.png" alt="Add to search" placement="inline"/> to the right of a section to search for specific search terms in that section.</li>
			<li>Select links in the Table of Contents to quickly view other sections of the publication.</li>
			
			<li>Display a document in the publication in a full-screen view.</li>
	</ul>
			
			<p>When a section is open in the full-screen view, you can reopen the Table of Contents by selecting <uicontrol>Table of Contents</uicontrol> to the left of the document. Select it again to close it.</p>

			
						
	
	</conbody>
</concept>