<?xml version="1.0" encoding="utf-8"?>
<!DOCTYPE concept PUBLIC "-//IBM//DTD DITA Composite//EN" "c:/dtd/ditabase.dtd">
<concept id="tutorialvsa_cpt" audience="vsa" otherprops="tutorials">

	<!--Barb: replace TotalPatent name in the prolog and the first paragraph of the body text. The links to full-size and text-only versions should work as-is.-->

	<title>Tutorial: Using the <ph keyref="vsanamefirst"/> Service</title>
	<prolog>
		<author>Barb Bruns</author>
		<copyright>
			<copyryear year="2010"/>
			<copyrholder>Lexisnexis</copyrholder>
		</copyright>
		<critdates>
			<created date="2010-04-14"/>
		</critdates>
		<metadata>
			<prodinfo>
				<prodname>Lexis Advance</prodname>
				<vrmlist>
					<vrm version="1"/>
				</vrmlist>
			</prodinfo>
		</metadata>
	</prolog>
	<conbody>
		<p>The tutorial below introduces you to using the <ph keyref="prodnamefirst"/>&nbsp;<ph keyref="vsanamefirst"/> service and its key features. <xref href="bigtutorialvsa_cpt-nomap?lbu=US&amp;locale=en_US&amp;audience=all" scope="local">Full-size</xref> and <xref href="tutorialvsatext_ref-nomap?lbu=US&amp;locale=en_US&amp;audience=all" scope="local">text-only</xref> versions are also available.</p>
		<p>

			<!--Barb: replace 2 URLs below that begin with certlexisgw.lexis-nexis.com to use the URLs for the SWF files that Liz sent-->

			<object classid="clsid:D27CDB6E-AE6D-11cf-96B8-444553540000" codebase="http://download.macromedia.com/pub/shockwave/cabs/flash/swflash.cab#version=6,0,0,0" data="http://web.lexis.com/help/multimedia/nl/nl_vsa_search.swf"
			        type="application/x-shockwave-flash" height="361" width="590" id="newlexis">
				<param name="movie" value="http://web.lexis.com/help/multimedia/nl/nl_vsa_search.swf"/>
				<param name="wmode" value="transparent"></param>
				<param name="quality" value="high"/>
				<param name="bgcolor" value="#FFFFFF"/>
				<param name="pluginspage" value="http://www.macromedia.com/shockwave/download/index.cgi?P1_Prod_Version=ShockwaveFlash"/>
			</object>
		</p>

		<!--Barb: replace the text below within the beginning and ending data tags with the full text of Liz's text-only tutorial (with no HTML tags). The easiest way I found to do this was to open the text-only file in a browser, copy all of the text, and then paste it here. I also took the extra step of removing all the line breaks, but that's not really necessary... I just liked the way it looked better.-->

		<data>
			Tutorial - Using <ph keyref="companyfirst"/> <ph keyref="vsaname"/>.

			<ph keyref="vsanamefirst"/> aggregates jury verdicts and settlements to help you determine the likely outcome and value of litigation.
			Results appear in a series of graphs and charts, which let you identify trends and determine the probability and profitability of various outcomes for cases like yours.
			As you enter search terms, New Lexis analyzes them and offers suggestions.
			Besides displaying results in a variety of graphs, you can display individual cases that may be of particular interest or relevance.
			Searching.
			Start by entering search terms that represent the key ideas or issues of your case, such as "dog bite".
			You can limit results to specific:

			Dates,
			Jurisdictions (such as "Jury Verdicts and Settlements"),
			Areas of law,
			Injuries.

			... by selecting the appropriate category from the lists in the Search box.
			Select the Search button when you're ready to run your search.
			Results appear in a tab with a portion of your search.
			Viewing and Filtering Reports
			To display the report, make sure the "Jury Verdicts and Settlements" results tab is selected; then select the graph icon or the "<ph keyref="vsanamefirst"/>" link.
			LexisNexis <ph keyref="vsaname"/> searches for verdicts and settlements that match your search terms, and displays your results at the reports page.
			Your report includes a series of charts and graphs, as well as a cite list.
			These can help you evaluate the level of risk or opportunity associated with a case by looking at the outcomes of similar cases.
			You might use this data to:

			Help drive case strategy.
			Identify the potential settlement value of a case.
			Determine litigation reserve requirements.

			The charts and graphs will be described in the "Viewing a Sample Report" tutorial (select its link on the Help page).
			Use the tools in the left pane to narrow your search results.
			You can enter additional terms in the "Search Within Results" box to include only results with those terms.
			Or, you can filter your search results based on:

			Court
			Practice Areas &amp; Topics,
			Case Resolution,
			Timeline,
			Award Amount,
			Injuries,
			Known Data.

			To display more options in a category, select its More link.
			To select more than 1 category for a filter, choose "Select multiple". Select checkboxes for the categories you want, then select the OK button.
			Use the Timeline to limit results to a date range. You can use the sliders to set the start and end dates, or type them in the date boxes. Then select the OK button to view the results.
			Removing Filters.
			As you add filters, the &quot;Narrow By&quot; pane shows which filters you've selected. You can remove a filter by selecting its Remove icon. You can select the "Clear all" link to remove all filters to return to your original results list.
			Due to the vastness of its record repository, LexisNexis <ph keyref="vsaname"/> sometimes encounters incomplete data. You can filter these records to display only known data from your results.
			To return to the main search page, select the logo in the upper left corner of the screen.
			Finding More Information
			More information about using LexisNexis <ph keyref="vsaname"/> is available in other Help topics.
			This concludes the "Using LexisNexis <ph keyref="vsaname"/>" tutorial.
		</data>
	</conbody>
</concept>