<?xml version="1.0" encoding="utf-8"?>
<!DOCTYPE concept PUBLIC "-//IBM//DTD DITA Composite//EN" "c:/dtd/ditabase.dtd">
<concept id="tutorialshepcitingdec_cpt" audience="res" otherprops="tutorials">

	<!--Barb: replace TotalPatent name in the prolog and the first paragraph of the body text. The links to full-size and text-only versions should work as-is.-->

	<title>Tutorial: Shepard's® Citing Decisions</title>
	<prolog>
		<author>Robin Stubbart</author>
		<copyright>
			<copyryear year="2013"/>
			<copyrholder>Lexisnexis</copyrholder>
		</copyright>
		<critdates>
			<created date="2013-01-17"/>
		</critdates>
		<metadata>
			<prodinfo>
				<prodname>Lexis Advance</prodname>
				<vrmlist>
					<vrm version="1"/>
				</vrmlist>
			</prodinfo>
		</metadata>
	</prolog>
	<conbody>
		<p>The tutorial below introduces you to Shepard's® Citing Decisions. <xref href="bigtutorialshepciting_cpt-nomap?lbu=US&amp;locale=en_US&amp;audience=all" scope="local">Full-size</xref> and <xref href="tutorialshepcitingdectext_ref-nomap?lbu=US&amp;locale=en_US&amp;audience=all" scope="local">text-only</xref> versions are also available.</p>
		<p>

			<!--Barb: replace 2 URLs below that begin with certlexisgw.lexis-nexis.com to use the URLs for the SWF files that Liz sent-->

			<object classid="clsid:D27CDB6E-AE6D-11cf-96B8-444553540000" codebase="http://download.macromedia.com/pub/shockwave/cabs/flash/swflash.cab#version=6,0,0,0" data="http://web.lexis.com/help/multimedia/nl/nl_shep_citingDec.swf"
			        type="application/x-shockwave-flash" height="361" width="590" id="newlexis">
				<param name="movie" value="http://web.lexis.com/help/multimedia/nl/nl_shep_citingDec.swf"/>
				<param name="wmode" value="transparent"></param>
				<param name="quality" value="high"/>
				<param name="bgcolor" value="#FFFFFF"/>
				<param name="pluginspage" value="http://www.macromedia.com/shockwave/download/index.cgi?P1_Prod_Version=ShockwaveFlash"/>
			</object>
		</p>

		<!--Barb: replace the text below within the beginning and ending data tags with the full text of Liz's text-only tutorial (with no HTML tags). The easiest way I found to do this was to open the text-only file in a browser, copy all of the text, and then paste it here. I also took the extra step of removing all the line breaks, but that's not really necessary... I just liked the way it looked better.-->

		<!--data>Shepard's® Citing Decisions

Introduction
When you Shepardize® a citation, the results are presented in a Shepard's® report.
The report has four categories, each appearing as a subtab in the report.
This tutorial describes the Citing Decisions portion of the report, which contains citing primary authority, including agency and case law decisions.
You can view citing decisions as a List or a Grid. The Grid view depicts the complete set of citing decisions based on both court and date.
Citing Decisions List
The Citing Decisions list displays decisions sorted by:
•	Court
•	Analysis
•	Discussion
•	Date
Use the column headings or the "Sort by" menu to change the order in which they appear.
Color-coded icons indicate the signal-generating value of the editorial phrase next to each icon. Hover on an icon to display its meaning. You also can select the Legend button to display descriptions of all symbols used in the report.
Use the List and Detail links to choose how much information to display about each case. Detail view displays a portion of the document where the case you Shepardized is first cited.
Click a document's text link to open the document at the point where that text appears. The document is opened in a new tab.
Headnotes links show which headnotes from your Shepardized case are discussed in each citing decision. Click the link to open the document at that point.
Use options in the left column to filter your report based on:
•	Analysis
•	Court
•	Discussion
•	Headnotes
•	Searching within the results
•	Date range
The Headnotes category has a feature that lets you preview the headnote before applying it as a filter. Just place your cursor over a headnote to display its text.
Narrowing search results is covered in other Help topics.
Citing Decisions Grid
Citing decisions are represented graphically by 2 grids. One grid shows analysis by court, the other shows analysis over time.
These grids also let you filter your Shepard's report. You can select a:
•	Row to view decisions with only that type of analysis
•	Column to view decisions from only that court or year
•	Cell to view only decisions with that analysis and court or year
When you select filters from the grid, you return to the list with the new filters applied. Any filters you previously set will be cleared.
You can find more information about the Shepard's Citations Service in other Help topics.
This concludes the tutorial.

</data-->
	</conbody>
</concept>
