<?xml version="1.0" encoding="utf-8"?>
<!DOCTYPE concept PUBLIC "-//IBM//DTD DITA Composite//EN" "c:/dtd/ditabase.dtd">
<concept id="tutorialvsarpt_cpt" audience="vsa" otherprops="tutorials">

	<!--Barb: replace TotalPatent name in the prolog and the first paragraph of the body text. The links to full-size and text-only versions should work as-is.-->

	<title>Tutorial: Viewing a Sample <ph keyref="vsanamefirst"/> Report</title>
	<prolog>
		<author>Barb Bruns</author>
		<copyright>
			<copyryear year="2007"/>
			<copyrholder>Lexisnexis</copyrholder>
		</copyright>
		<critdates>
			<created date="2010-04-14"/>
		</critdates>
		<metadata>
			<prodinfo>
				<prodname>Lexis Advance</prodname>
				<vrmlist>
					<vrm version="1"/>
				</vrmlist>
			</prodinfo>
		</metadata>
	</prolog>
	<conbody>
		<p>The tutorial below reviews a sample <ph keyref="vsanamefirst"/> report and some of the report features. <xref href="bigtutorialvsarpt_cpt-nomap?lbu=US&amp;locale=en_US&amp;audience=all" scope="local">Full-size</xref> and <xref href="tutorialvsarptext_ref-nomap?lbu=US&amp;locale=en_US&amp;audience=all" scope="local">text-only</xref> versions are also available.</p>
		<p>
		<!--Barb: replace 2 URLs below that begin with certlexisgw.lexis-nexis.com to use the URLs for the SWF files that Liz sent-->

			<object classid="clsid:D27CDB6E-AE6D-11cf-96B8-444553540000" codebase="http://download.macromedia.com/pub/shockwave/cabs/flash/swflash.cab#version=6,0,0,0" data="http://web.lexis.com/help/multimedia/nl/nl_vsa_report.swf"
			        type="application/x-shockwave-flash" height="361" width="590" id="newlexis">
				<param name="movie" value="http://web.lexis.com/help/multimedia/nl/nl_vsa_report.swf"/>
				<param name="wmode" value="transparent"></param>
				<param name="quality" value="high"/>
				<param name="bgcolor" value="#FFFFFF"/>
				<param name="pluginspage" value="http://www.macromedia.com/shockwave/download/index.cgi?P1_Prod_Version=ShockwaveFlash"/>
			</object>
		</p>
	</conbody>
</concept>