<?xml version="1.0" encoding="utf-8"?>
<!DOCTYPE concept PUBLIC "-//IBM//DTD DITA Composite//EN" "c:/dtd/ditabase.dtd">
<concept id="tutorialsearch_cpt" audience="res" otherprops="tutorials">

	<!--Barb: replace TotalPatent name in the prolog and the first paragraph of the body text. The links to full-size and text-only versions should work as-is.-->

	<title>Tutorial: Searching</title>
	<prolog>
		<author>Barb Bruns</author>
		<copyright>
			<copyryear year="2007"/>
			<copyrholder>Lexisnexis</copyrholder>
		</copyright>
		<critdates>
			<created date="2010-04-14"/>
		</critdates>
		<metadata>
			<prodinfo>
				<prodname>Lexis Advance</prodname>
				<vrmlist>
					<vrm version="1"/>
				</vrmlist>
			</prodinfo>
		</metadata>
	</prolog>
	<conbody>
		<p>The tutorial below introduces you to searching with <ph keyref="prodnamefirst"/>. <xref href="bigtutorialsearch_cpt-nomap?lbu=US&amp;locale=en_US&amp;audience=all" scope="local">Full-size</xref> and <xref href="tutorialsearchtext_ref-nomap?lbu=US&amp;locale=en_US&amp;audience=all" scope="local">text-only</xref> versions are also available.</p>
		<p>

			<!--Barb: replace 2 URLs below that begin with certlexisgw.lexis-nexis.com to use the URLs for the SWF files that Liz sent-->

			<object classid="clsid:D27CDB6E-AE6D-11cf-96B8-444553540000" codebase="http://download.macromedia.com/pub/shockwave/cabs/flash/swflash.cab#version=6,0,0,0" data="http://web.lexis.com/help/multimedia/nl/nl_search.swf"
			        type="application/x-shockwave-flash" height="361" width="590" id="newlexis">
				<param name="movie" value="http://web.lexis.com/help/multimedia/nl/nl_search.swf"/>
				<param name="wmode" value="transparent"></param>
				<param name="quality" value="high"/>
				<param name="bgcolor" value="#FFFFFF"/>
				<param name="pluginspage" value="http://www.macromedia.com/shockwave/download/index.cgi?P1_Prod_Version=ShockwaveFlash"/>
			</object>
		</p>

		<!--Barb: replace the text below within the beginning and ending data tags with the full text of Liz's text-only tutorial (with no HTML tags). The easiest way I found to do this was to open the text-only file in a browser, copy all of the text, and then paste it here. I also took the extra step of removing all the line breaks, but that's not really necessary... I just liked the way it looked better.-->

		<data>Searching with New Lexis®. 

New Lexis® lets you easily search <ph keyref="companyfirst"/> sources and related Web content.

It’s as easy as 1, 2, 3.


Enter search terms in the Search box. 
Choose how to restrict your results. 
Select the Search button.

 
As you enter search terms, New Lexis analyzes them and offers suggestions.

Search terms can include connectors (such as "and", "or", "near"). You can find information about connectors in this Help topic.

To <i>Shepardize</i>&#174; a citation, enter "shep", followed by a colon, followed by the document citation, for example, shep: 800 f.2d 111.

You can use the links at the bottom of the search box to limit search results to specific:


Content types
Jurisdictions 
Practice areas and topics

 
Then select the Search button to run your search.

Any limitations you set remain in effect for subsequent searches.

You can use the Search Assistant to enter or add to your search terms by selecting the Search Assistant link at the bottom of the search box. Use the drop-down list to select the relationships between terms, then enter the terms in the search field. 

Select the "Add to search" button to add terms, then select the "OK" button to run the search.

You can also run a search you saved to a folder or from the search history. These are listed in the "My Workspace" area of the search form. Just select the search you want to run.

This concludes the "Searching with New Lexis" tutorial.</data>
	</conbody>
</concept>