<?xml version="1.0" encoding="utf-8"?>
<!DOCTYPE concept PUBLIC "-//IBM//DTD DITA Composite//EN" "c:/dtd/ditabase.dtd">
<concept id="tutorialgettingstarted_cpt" otherprops="tutorials">

<!--Barb: replace TotalPatent name in the prolog and the first paragraph of the body text. The links to full-size and text-only versions should work as-is.-->

	<title>Tutorial: Getting Started with Lexis Advance&#174;</title>
	<titlealts>
		<navtitle>
			<option>Tutorial</option>
		</navtitle>
	</titlealts>
	<prolog>
		<author>Barb Bruns</author>
		<copyright>
			<copyryear year="2007"/>
			<copyrholder>Lexisnexis</copyrholder>
		</copyright>
		<critdates>
			<created date="2013-06-18"/>
		</critdates>
		<metadata>
			<prodinfo>
				<prodname>Lexis Advance</prodname>
				<vrmlist>
					<vrm version="1"/>
				</vrmlist>
			</prodinfo>
		</metadata>
	</prolog>
	<conbody>
		<p>The tutorial below will help get you started with using the <ph keyref="prodnamefirst"/> system by highlighting many of the features and functions. <xref href="bigtutorialgettingstarted_cpt-nomap?lbu=US&amp;locale=en_US&amp;audience=all" scope="local">Full-size</xref> and <xref href="tutorialgettingstartedtext_ref-nomap?lbu=US&amp;locale=en_US&amp;audience=all" scope="local">text-only</xref> versions are also available.</p>
		<p>
		
		<!--Barb: replace 2 URLs below that begin with certlexisgw.lexis-nexis.com to use the URLs for the SWF files that Liz sent-->

			<object classid="clsid:D27CDB6E-AE6D-11cf-96B8-444553540000" codebase="http://download.macromedia.com/pub/shockwave/cabs/flash/swflash.cab#version=6,0,0,0" 
                data="http://web.lexis.com/help/multimedia/nl/nl_gettingstarted.swf"
                type="application/x-shockwave-flash" height="361" width="590" id="newlexis">
                     <param name="movie" value="http://web.lexis.com/help/multimedia/nl/nl_gettingstarted.swf"/>
                     <param name="wmode" value="transparent"></param>
					 <param name="quality" value="high"/>
                     <param name="bgcolor" value="#FFFFFF"/>
                     <param name="pluginspage" value="http://www.macromedia.com/shockwave/download/index.cgi?P1_Prod_Version=ShockwaveFlash"/>
                </object>


           </p>

		
		<!--Barb: replace the text below within the beginning and ending data tags with the full text of Liz's text-only tutorial (with no HTML tags). The easiest way I found to do this was to open the text-only file in a browser, copy all of the text, and then paste it here. I also took the extra step of removing all the line breaks, but that's not really necessary... I just liked the way it looked better.-->

		<data>Welcome to <ph keyref="companyfirst"/>! This tutorial will help get you started by highlighting many of the Lexis Advance features and functions.

We'll review:

•	The home page and searching
•	Search results
•	The Shepard's® Citations Service
•	Helpful tools such as alerts, folders, and search history

<ph keyref="prodnamefirst"/> Home Page

After signing in, you'll see the Lexis Advance home page.

At the top of the page, you'll find a drop-down, which lets you choose from a variety of <ph keyref="company"/> products that are available to you. If more than 1 are available to you, they will be listed there.

There are also tools that let you:

•	Set up a new client ID or, after setting up client IDs, choose from a list of them
•	Go to Alerts, Folders, or History (more on those later)
•	Set your preferences
•	Find Help
•	Provide feedback

The My Workspace carousel gives you quick access to your work, including:

•	Alerts
•	Work folders
•	Search History, plus
•	Top News from Law360
•	Customer Support Information

To search, enter your search terms, select which types of results you'd like, and select the Search button.

As you enter search terms, Lexis Advance™ analyzes them and offers suggestions. Just select a suggestion to use it in your search.

If your search terms include connectors, Lexis Advance runs a Boolean search; otherwise, it runs a natural language search.

Not sure how best to construct your search? Select the Search Tips link to get started.

Do you prefer searching by topic or source? Click Browse Topics to display a list of research topics that you can search or browse. Or select Browse Sources to display a list of sources that you can also search or browse. For sources with a table of contents, select its link to start browsing.

Searching is described in more detail in a separate tutorial.
Search Results 

Results are organized by content type, each with its own tab. Just select a content type to display its documents.

Options in the "Narrow By" pane let you filter your results in a variety of ways.

You can also search within your results, which lets you focus on more specific terms.

Select documents to:

•	Save to a work folder
•	Print
•	Download
•	Email

Click the "Create an alert" icon to set up an alert for the search.

Click a document title to open it in a new tab.

This new tab has the full text of the document, along with some useful tools.  

The Tools menu lets you:

•	Place a copy of the document citation on your clipboard
•	Do a number of things with text you have already selected in the document 

Use the Jump to... menu to go to a specific segment of the document.
Use the Reporter menu or links to change pagination.

The <ph keyref="litnamefirst"/> provides a map of the citations in your case and their citing references.

Working with search results and using the <ph keyref="litname"/> are described in more detail in a separate tutorial.
The Shepard's® Citations Service

The Shepard's® Citations Service provides a comprehensive report of the cases, statutes, secondary sources, and annotations that cite your document.

You can Shepardize® a document by entering its citation in the search box and selecting the Shepard's® button, or by selecting its <ph keyref="shepsignalsingularfirst"/> in a results list.

The Shepard's report has 4 categories, each containing different types of information about the document you Shepardized™.

This report also includes graphical representations.

The Shepard's Citations Service is described in more detail in other tutorials.

<ph keyref="companyfirst"/> Alerts

Alerts let you set up a search to run automatically and notify you of the results.

You can set up alerts for:

•	Searches
•	Topics
•	Shepard's reports
•	And more

Working with alerts is described in more detail in a separate tutorial.

Work Folders

Work folders help you keep all your research organized in one place.

You can save search results, documents, notes, and more for an unlimited time.

Working with folders is described in more detail in a separate tutorial.

Research History

The Lexis Advance History feature makes it easy for you to resume interrupted research, rerun a search from a previous session, and more.

Searches, document views, Shepard's reports, document delivery, Web page views, topic summaries, and more are recorded.

You can view your research history in a list view or as a graphical research map.

Research history is described in more detail in other tutorials.

This concludes the tutorial. 



</data>
	</conbody>
</concept>