<?xml version="1.0" encoding="utf-8"?>
<!DOCTYPE concept PUBLIC "-//IBM//DTD DITA Composite//EN" "c:/dtd/ditabase.dtd">
<concept id="tutorialresults_cpt" otherprops="tutorials">

<!--Barb: replace TotalPatent name in the prolog and the first paragraph of the body text. The links to full-size and text-only versions should work as-is.-->

	<title>Tutorial: Working with Search Results</title>
	<titlealts>
		<navtitle>
			<option>Tutorial</option>
		</navtitle>
	</titlealts>
	<prolog>
		<author>Barb Bruns</author>
		<copyright>
			<copyryear year="2007"/>
			<copyrholder>Lexisnexis</copyrholder>
		</copyright>
		<critdates>
			<created date="2010-04-14"/>
		</critdates>
		<metadata>
			<prodinfo>
				<prodname>Lexis Advance</prodname>
				<vrmlist>
					<vrm version="1"/>
				</vrmlist>
			</prodinfo>
		</metadata>
	</prolog>
	<conbody>
		<p>The tutorial below shows you how to work with your search results in <ph keyref="prodnamefirst"/>. <xref href="bigtutorialresults_cpt-nomap?lbu=US&amp;locale=en_US&amp;audience=all" scope="local">Full-size</xref> and <xref href="tutorialresultstext_ref-nomap?lbu=US&amp;locale=en_US&amp;audience=all" scope="local">text-only</xref> versions are also available.</p>
		<p>
		
		<!--Barb: replace 2 URLs below that begin with certlexisgw.lexis-nexis.com to use the URLs for the SWF files that Liz sent-->

			<object classid="clsid:D27CDB6E-AE6D-11cf-96B8-444553540000" codebase="http://download.macromedia.com/pub/shockwave/cabs/flash/swflash.cab#version=6,0,0,0" 
                data="http://web.lexis.com/help/multimedia/nl/nl_results.swf"
                type="application/x-shockwave-flash" height="361" width="590" id="newlexis">
                     <param name="movie" value="http://web.lexis.com/help/multimedia/nl/nl_results.swf"/>
                     <param name="wmode" value="transparent"></param>
					 <param name="quality" value="high"/>
                     <param name="bgcolor" value="#FFFFFF"/>
                     <param name="pluginspage" value="http://www.macromedia.com/shockwave/download/index.cgi?P1_Prod_Version=ShockwaveFlash"/>
                </object>


           </p>

		
		<!--Barb: replace the text below within the beginning and ending data tags with the full text of Liz's text-only tutorial (with no HTML tags). The easiest way I found to do this was to open the text-only file in a browser, copy all of the text, and then paste it here. I also took the extra step of removing all the line breaks, but that's not really necessary... I just liked the way it looked better.-->

		<data>Working with Search Results in 

New Lexis provides a variety of ways to view, sort, and filter your search results.

This tutorial describes how to work with search results, including the Results List and Full Document pages.. 

This example is based on a search for information about popular music, using the search terms, "pop! near/5 music or song".

Results List.
Results appear in a tab with the first characters of your search.

You can have results open in more than one tab at a time, and select the tabs to display each set of results.

Click the Close icon to close a tab. When you close your last tab, you return to the Search screen.

You can review documents from <ph keyref="companyfirst"/> Legal sources and from related content found on the Web by selecting the appropriate tab.

The search box is available at the top of search results screens. Use it anytime to modify your search or enter a new one.

You can sort documents a number of ways using the Sort by menu.

Column headers are links you can also use to sort your documents.

Use the "Items per page" menu to choose whether the document list displays 10, 25, or 50 items per page.

Use the navigation arrows or the page numbers at the bottom of the list to display another page.

Each document title is a link that displays the full text. The document is opened in its own tab.

The Narrow By pane, on the left of the document list, provides a variety of ways to filter your search results.

The number and types of options depend on the type of search you ran and the documents it retrieved. These filters include:

Content Type, 
Jurisdiction, 
Timeline, 
Practice Areas and Topics, 
Citations, 
and others. 
To display the full list of choices in a category, select its More link.

Choose the "Select multiple" link to display the full list with checkboxes, so you can select more than 1 item.

Use the Timeline to limit the results to a date range. 

You can use the sliders to set the start and end dates, or type them in the date boxes. Then select the OK button to view the results.

As you select filters (for example, if you selected the Cases option), the "Narrow By" pane lists them at the top. You can remove a filter by selecting its Close icon. Remove all filters to return to your original results list.

Full Document.
Select a document title to open it in a new tab.

The full document page has the full text of the document, along with some useful tools.

The Tools pane on the right side has a "Copy citation" link, which lets you place a copy of the document citation on your clipboard, You can also highlight text in the document and use other Tools-pane links to copy that text to your clipboard or to one of your work folders.

The area at the bottom of the screen shows a portion of the document list, with the current document highlighted. Place the cursor over an item to display information about the document.

You can close the right and bottom panes to display more of the document. Just select their close/open icons.

Besides scrolling to the section of the document you’re interested in, there are a few ways to navigate.

There are a couple ways to change pagination. You can select one of the links at the top of the document; or you can use the Reporter menu, which is on the left side below the document. Then use the arrows next to the menu to jump from page to page.

You can use the terms menu, which is on the right side below the document, to select a specific search term, or all terms. Then use the arrows next to the Terms menu to jump from term to term.

If you’d like to add this document to one of your work folders, select the checkbox on the left above the document, then select the nearby folder icon.

To print the document, select the print icon above the document. This opens a printer-friendly version of the document, which has a Print button. 

You can find more information about working with search results in this Help topic.

This concludes the "Working with Results in New Lexis" tutorial. 


</data>
	</conbody>
</concept>