<?xml version="1.0" encoding="utf-8"?>
<!DOCTYPE concept PUBLIC "-//IBM//DTD DITA Composite//EN" "c:/dtd/ditabase.dtd">
<concept id="tutorialhistorylist_cpt" otherprops="tutorials">

	<!--Barb: replace TotalPatent name in the prolog and the first paragraph of the body text. The links to full-size and text-only versions should work as-is.-->

	<title>Tutorial: Viewing Your Search History in the History List View</title>
	<prolog>
		<author>Barb Bruns</author>
		<copyright>
			<copyryear year="2007"/>
			<copyrholder>Lexisnexis</copyrholder>
		</copyright>
		<critdates>
			<created date="2010-04-14"/>
		</critdates>
		<metadata>
			<prodinfo>
				<prodname>Lexis Advance</prodname>
				<vrmlist>
					<vrm version="1"/>
				</vrmlist>
			</prodinfo>
		</metadata>
	</prolog>
	<conbody>
		<p>The tutorial below shows you how to work with your search history in the History List view. <xref href="bigtutorialhistorylist_cpt-nomap?lbu=US&amp;locale=en_US&amp;audience=all" scope="local"> Full-size</xref> and <xref href="tutorialhistorylistext_ref-nomap?lbu=US&amp;locale=en_US&amp;audience=all" scope="local">text-only</xref> versions are also available.</p>
		<p>

			<!--Barb: replace 2 URLs below that begin with certlexisgw.lexis-nexis.com to use the URLs for the SWF files that Liz sent-->

			<object classid="clsid:D27CDB6E-AE6D-11cf-96B8-444553540000" codebase="http://download.macromedia.com/pub/shockwave/cabs/flash/swflash.cab#version=6,0,0,0" data="http://web.lexis.com/help/multimedia/nl/nl_history_list.swf"
			        type="application/x-shockwave-flash" height="361" width="590" id="newlexis">
				<param name="movie" value="http://web.lexis.com/help/multimedia/nl/nl_history_list.swf"/>
				<param name="wmode" value="transparent"></param>
				<param name="quality" value="high"/>
				<param name="bgcolor" value="#FFFFFF"/>
				<param name="pluginspage" value="http://www.macromedia.com/shockwave/download/index.cgi?P1_Prod_Version=ShockwaveFlash"/>
			</object>
		</p>


		<!--Barb: replace the text below within the beginning and ending data tags with the full text of Liz's text-only tutorial (with no HTML tags). The easiest way I found to do this was to open the text-only file in a browser, copy all of the text, and then paste it here. I also took the extra step of removing all the line breaks, but that's not really necessary... I just liked the way it looked better.-->

		<!--data>
				<p>Tutorial - Using the History List</p>
				<p>The Lexis Advance&#174; History feature makes it easy for you to resume interrupted research, rerun a search from a previous session, and more.</p>
				<p>Your 10 most recent searches appear on the Search History pod on the home page. Just select a link to rerun the search.</p>
				<p>
					<b>Displaying a History List</b>.</p>
				<p>You can also select the "list view" link on the Search History pod to display the History page.</p>
				<p>The History page lets you review your searches from the past 90 days.</p>
				<p>You can view history in list form, which is described in this tutorial, or as a Research Map, which is described in a separate tutorial.</p>
				<p>You also can display the History page using the "My Workspace" menu. This menu lets you return to any of your 10 most recent search activities, or display the history page. Click the "Go to history list" link to display the history list.</p>
				<p>
					<b>Sorting the History List</b>.</p>
				<p>Sort the list using the "Sort by" menu or the column headers.</p>
				<p>To display extra information (sources, content type, etc.) for each item, select the Details link. Click the List link to clear the details and display more items per page.</p>
				<p>
					<b>Rerunning a Search</b>.</p>
				<p>To rerun a search or display a document, select its title. The results open in a new tab.</p>
				<p>You can have more than one tab open at a time. Click its Close icon to close a tab.</p>
				<p>
					<b>Searching and Filtering List Items</b>.</p>
				<p>The left side of the page has options for searching and filtering items in history.</p>
				<p>Use the "Search History" box to find items that contain a particular term or terms, such as in a document or search.</p>
				<p>Use the "Narrow By" options to filter your history, for example to display items only for a particular client and/or date.</p>
				<p>
					<b>Save/Delivery Options</b>.</p>
				<p>Checkboxes next to items let you select items to save to a folder, download, email, or print.</p>
				<p>Just select the boxes, select the appropriate icon, and follow the on-screen instructions.</p>
				<p>This concludes the "Using the History List" tutorial.</p>
		</data-->
	</conbody>
</concept>