<?xml version="1.0" encoding="utf-8"?>
<!DOCTYPE concept PUBLIC "-//IBM//DTD DITA Composite//EN" "c:/dtd/ditabase.dtd">
<concept id="tutorialtrail_cpt" otherprops="tutorials" audience="res">

	<!--Barb: replace TotalPatent name in the prolog and the first paragraph of the body text. The links to full-size and text-only versions should work as-is.-->

	<title>Tutorial: Using the Lexis Advance&#174; <ph keyref="litnamefirst"/></title>
	<prolog>
		<author>Barb Bruns</author>
		<copyright>
			<copyryear year="2007"/>
			<copyrholder>Lexisnexis</copyrholder>
		</copyright>
		<critdates>
			<created date="2010-04-14"/>
		</critdates>
		<metadata>
			<prodinfo>
				<prodname>Lexis Advance</prodname>
				<vrmlist>
					<vrm version="1"/>
				</vrmlist>
			</prodinfo>
		</metadata>
	</prolog>
	<conbody>
		<p>The tutorial below introduces you to using the <ph keyref="litnamefirst"/> and its key features. <xref href="bigtutorialtrail_cpt-nomap?lbu=US&amp;locale=en_US&amp;audience=all" scope="local">Full-size</xref> and <xref href="tutorialtrailtext_ref-nomap?lbu=US&amp;locale=en_US&amp;audience=all" scope="local">text-only</xref> versions are also available.</p>
		<p>

			<!--Barb: replace 2 URLs below that begin with certlexisgw.lexis-nexis.com to use the URLs for the SWF files that Liz sent-->

			<object classid="clsid:D27CDB6E-AE6D-11cf-96B8-444553540000" codebase="http://download.macromedia.com/pub/shockwave/cabs/flash/swflash.cab#version=6,0,0,0" data="http://web.lexis.com/help/multimedia/nl/nl_trail.swf"
			        type="application/x-shockwave-flash" height="361" width="590" id="newlexis">
				<param name="movie" value="http://web.lexis.com/help/multimedia/nl/nl_trail.swf"/>
				<param name="wmode" value="transparent"></param>
				<param name="quality" value="high"/>
				<param name="bgcolor" value="#FFFFFF"/>
				<param name="pluginspage" value="http://www.macromedia.com/shockwave/download/index.cgi?P1_Prod_Version=ShockwaveFlash"/>
			</object>

		</p>

		<!--Barb: replace the text below within the beginning and ending data tags with the full text of Liz's text-only tutorial (with no HTML tags). The easiest way I found to do this was to open the text-only file in a browser, copy all of the text, and then paste it here. I also took the extra step of removing all the line breaks, but that's not really necessary... I just liked the way it looked better.-->

		<data>
			Using the <ph keyref="litname"/>.
			If you're trying to hone in on a particular legal issue or a point of law in the case you're viewing, then you need to know about the <ph keyref="litname"/>.

			Introduction

			The <ph keyref="litname"/> can help you track down other cases that contain legal passages similar to those in your case.
			Here's how it works...

				We've identified reason-for-citing (RFC) passages in our documents, and provided an Activate Passages button that makes them visible.
				When selected, these passages connect you to cases that directly cite your case, as well as those your case cites.
				Some of these cases might not be in your original search results, which can provide a more thorough set of results related to your topic than your original search yielded.
			
			Opening a <ph keyref="litname"/>.
			After running a search and opening a relevant document, select the "Activate Passages" button. Activated passages appear with an outline, and the display jumps to the document’s first RFC passage. The Navigate menu changes to Passages so you can step forward or backward through activated passages.
			Click an activated passage to display its <ph keyref="litname"/>. The passage’s <ph keyref="litname"/> is opened in a new tab. Your selected passage appears in the left frame. The right frame displays cases cited by your case and cases that cite your case.
			Working with a <ph keyref="litname"/>.
			Cases appear in order depending on how similar their passages are to your case’s passage. You can sort the documents in other ways using the Sort menu, or by selecting a column header.
			You can mark documents to save to a work folder using the checkboxes and Folder icon.
			And you can view documents in "Details" view, which shows a portion of each document; or you can select "List" view, which shows more cases without scrolling.
			To open the case in full view, select its document title. The document is opened in a new tab, and at the relevant passage, which is very similar to your original passage. If you'd like to pursue this passage, select it to display its <ph keyref="litname"/>.
			You can return to your original document or results list by selecting the appropriate tab.
			Select the Deactivate Passages button if you want to return the RFC passages to their original state.

			This concludes the "Using the <ph keyref="litname"/>" tutorial.
		</data>
	</conbody>
</concept>