<?xml version="1.0" encoding="utf-8"?>
<!DOCTYPE concept PUBLIC "-//IBM//DTD DITA Composite//EN" "c:/dtd/ditabase.dtd">
<concept id="tutorialshepheadnote_cpt" audience="res" otherprops="tutorials">

	<!--Barb: replace TotalPatent name in the prolog and the first paragraph of the body text. The links to full-size and text-only versions should work as-is.-->

	<title>Tutorial: Using <ph keyref="companyfirst"/> Headnotes in <ph keyref="shepardsfirst"/> Reports</title>
	<prolog>
		<author>Robin Stubbart</author>
		<copyright>
			<copyryear year="2013"/>
			<copyrholder>Lexisnexis</copyrholder>
		</copyright>
		<critdates>
			<created date="2013-01-17"/>
		</critdates>
		<metadata>
			<prodinfo>
				<prodname>Lexis Advance</prodname>
				<vrmlist>
					<vrm version="1"/>
				</vrmlist>
			</prodinfo>
		</metadata>
	</prolog>
	<conbody>
		<p>The tutorial below introduces you to using <ph keyref="companyfirst"/> Headnotes in <ph keyref="shepards"/> Reports. <xref href="bigtutorialshepheadnote_cpt-nomap?lbu=US&amp;locale=en_US&amp;audience=all" scope="local">Full-size</xref> and <xref href="tutorialshepheadnotetext_ref-nomap?lbu=US&amp;locale=en_US&amp;audience=all" scope="local">text-only</xref> versions are also available.</p>
		<p>

			<!--Barb: replace 2 URLs below that begin with certlexisgw.lexis-nexis.com to use the URLs for the SWF files that Liz sent-->

			<object classid="clsid:D27CDB6E-AE6D-11cf-96B8-444553540000" codebase="http://download.macromedia.com/pub/shockwave/cabs/flash/swflash.cab#version=6,0,0,0" data="http://web.lexis.com/help/multimedia/nl/nl_shep_headnotes.swf"
			        type="application/x-shockwave-flash" height="361" width="590" id="newlexis">
				<param name="movie" value="http://web.lexis.com/help/multimedia/nl/nl_shep_headnotes.swf"/>
				<param name="wmode" value="transparent"></param>
				<param name="quality" value="high"/>
				<param name="bgcolor" value="#FFFFFF"/>
				<param name="pluginspage" value="http://www.macromedia.com/shockwave/download/index.cgi?P1_Prod_Version=ShockwaveFlash"/>
			</object>
		</p>

		<!--Barb: replace the text below within the beginning and ending data tags with the full text of Liz's text-only tutorial (with no HTML tags). The easiest way I found to do this was to open the text-only file in a browser, copy all of the text, and then paste it here. I also took the extra step of removing all the line breaks, but that's not really necessary... I just liked the way it looked better.-->

		<!--data>Lexis Advance™ Text-only Tutorial: Using LexisNexis® Headnotes in Shepard’s® Reports
Introduction
LexisNexis® headnotes are fully integrated into the Shepard's® Citations Service, letting you quickly determine which citing cases discuss the issue that interests you.
When you Shepardize® your case, you may find a long list of cases that cite to your decision.
They can cite to your case for any number of reasons; but you may be interested in only one or two issues discussed in your case.
This tutorial shows you how to look for those issues using LexisNexis headnotes.
With LexisNexis headnotes, you can identify when a citing case discusses an issue similar to one or more of the LexisNexis headnotes of the case you Shepardized™.
Viewing Headnotes
The Citing Decisions category of your Shepard’s report identifies the LexisNexis headnotes of the case you Shepardized that have been matched to the language of any of the citing cases.
HN links under each document in the list indicate which headnotes are referenced in each document. Click a link to open the document at the portion of the case that is likely to be of interest to you.
Scroll to the Headnotes filter in the Narrow By pane to find a list of these headnotes. The number next to each headnote indicates how many times the LexisNexis headnote from your Shepardized document is identified to a citing case within this report.
Click the “View text of headnotes”  link to display the text of all LexisNexis headnotes for the case you Shepardized. You can use this information to decide which references might be relevant to your case. Place your cursor over an individual headnote to display its text.
Click a headnote to narrow your results to only cases that reference it. To select more than 1 headnote:
1.	Click the “Select Multiple” link. 
2.	Select the checkboxes of the headnotes you’re interested in. 
3.	Click the OK button.
This displays only documents that have references to any of the selected headnotes.
You can find more information about the Shepard's Citations Service in other Help topics.
This concludes the tutorial.


</data-->
	</conbody>
</concept>
