<?xml version="1.0" encoding="utf-8"?>
<!DOCTYPE concept PUBLIC "-//IBM//DTD DITA Composite//EN" "c:/dtd/ditabase.dtd">
<concept id="VSAaboutunknown_cpt" audience="vsa" otherprops="vsaresults">
	<title>What if my <ph keyref="vsanamefirst"/> search results contain documents with unknown data?</title>
	<prolog>
		<author>Christina Stommel</author>
		<copyright>
			<copyryear year="2010"/>
			<copyrholder>Lexisnexis</copyrholder>
		</copyright>
		<critdates>
			<created date="2010-01-18"/>
		</critdates>
		<metadata>
			<prodinfo>
				<prodname>Lexis Advance</prodname>
				<vrmlist>
					<vrm version="1"/>
				</vrmlist>
			</prodinfo>
		</metadata>
	</prolog>
	<conbody>
		<p>The <xref href="VSAsourcelistips.xml" scope="peer">repository</xref> that <ph keyref="vsanamefirst"/> searches to find cases that match your search criteria is quite large. As such, some documents in that repository may not contain all of the data types you might expect to see listed. For example, some documents may not list the jurisdiction for the case while others may not list the area of law or the settlement amount. When this information isn't included in the document, it is graphed as "unknown data" in your search results.</p>		
		<p>For example, say you search for cases on age discrimination. Your search returns 610 relevant documents. Of those 610 documents, 600 of them list the specific verdict type (plaintiff verdict, settlement, etc.). This means that 10 of the documents list an unknown verdict. You can filter your results to view cases by this unknown data by choosing that option from the <uicontrol>Narrow By</uicontrol> options.</p>
		
	</conbody>
</concept>