<?xml version="1.0" encoding="utf-8"?>
<!DOCTYPE concept PUBLIC "-//IBM//DTD DITA Composite//EN" "c:/dtd/ditabase.dtd">
<concept id="VSAsearchresults_cpt" otherprops="vsa" audience="vsaresults">
	<title>Understanding <ph keyref="vsanamefirst"/> Search Results</title>
	<prolog>
		<author>Barbara Bruns</author>
		<copyright>
			<copyryear year="2010"/>
			<copyrholder>Lexisnexis</copyrholder>
		</copyright>
		<critdates>
			<created date="2011-06-16"/>
		</critdates>
		<metadata>
			<prodinfo>
				<prodname>Lexis Advance</prodname>
				<vrmlist>
					<vrm version="1"/>
				</vrmlist>
			</prodinfo>
		</metadata>
	</prolog>
	<conbody>
	<section>
		
		<p>The <ph keyref="vsanamefirst"/> reports provide a graphic view of verdict and settlement data for the cases in your results, presented through a number of <xref href="VSAgraphsdescrip_ref.xml" scope="peer">charts and graphs</xref>. To view individual cases, select the document you want to view from the list of cases below the graphs.</p>
		<note type="note">LexisNexis sometimes receives reports of the same case from multiple sources. While each case is represented in the total document count in your search results list, only unique cases are represented in the charts and graphs.</note>
		<p>Use the <uicontrol>Narrow By</uicontrol> pane on the left to filter your results by specific categories. To select several criteria in a category, select <uicontrol>Select multiple</uicontrol></p>
		</section>

	</conbody>
</concept>