<?xml version="1.0" encoding="utf-8"?>
<!DOCTYPE concept PUBLIC "-//IBM//DTD DITA Composite//EN" "c:/dtd/ditabase.dtd">
<concept id="VSAwhatisvsa_cpt" audience="vsa" otherprops="vsasearch">
	<title>What is <ph keyref="vsanamefirst"/>?</title>
	<prolog>
		<author>Christina Stommel</author>
		<copyright>
			<copyryear year="2010"/>
			<copyrholder>Lexisnexis</copyrholder>
		</copyright>
		<critdates>
			<created date="2010-01-18"/>
		</critdates>
		<metadata>
			<prodinfo>
				<prodname>Lexis Advance</prodname>
				<vrmlist>
					<vrm version="1"/>
				</vrmlist>
			</prodinfo>
		</metadata>
	</prolog>
	<conbody>
	<section>
		
		<p>Litigators and general counsel are increasingly involved in evaluating and valuing cases throughout the litigation process. They must understand the likelihood of success and the expected outcome from pursuing litigation as they try to decrease their costs and reduce time spent on the case.</p>
		<p><ph keyref="vsanamefirst"/> can assist you in assessing and evaluating the level of risk or opportunity associated with a particular case. Specifically, <ph keyref="vsaname"/> examines the outcomes of cases similar to yours and summarizes the results in a series of graphs and charts, which can then be examined more closely for specific verdict information, such as the case topic, specific results, and key players. Having this information early in the case assessment process can help you determine how you want to proceed with a particular case.</p>
		<p><ph keyref="vsaname"/> provides verdicts and settlements from a wide variety of sources. Click <xref href="VSAsourcelistips.xml" scope="peer">here</xref> to view that list.</p>
		</section>

	</conbody>

	
</concept>