<?xml version="1.0" encoding="utf-8"?>
<!DOCTYPE concept PUBLIC "-//IBM//DTD DITA Composite//EN" "c:/dtd/ditabase.dtd">
<concept id="whatisla_cpt" audience="res" otherprops="aboutLA">
	<title>What is Lexis Advance&#174;?</title>
	<prolog>
		<author>Barb Bruns</author>
		<copyright>
			<copyryear year="2010"/>
			<copyrholder>Lexisnexis</copyrholder>
		</copyright>
		<critdates>
			<created date="2012-12-04"/>
		</critdates>
		<metadata>
			<prodinfo>
				<prodname>Lexis Advance</prodname>
				<vrmlist>
					<vrm version="1"/>
				</vrmlist>
			</prodinfo>
		</metadata>
	</prolog>
	<conbody>
		<p><ph keyref="prodnamefirst"/> is a legal research tool that is efficient and easy to use, and includes the following product features.</p>
			<ul>
				<li>Simplified search box</li>
				<li>No source selection needed, but if you choose, you can limit your search by source, topic, category, jurisdiction, or practice area.</li>
				<li>Shepard's® Citations Service</li>
				<li>Folders for organizing your research</li>
				<li><ph keyref="litnamefirst"/></li>
				<li><ph keyref="companyfirst"/> and Web content searching</li>
				<li>Additional features, such as <ph keyref="mednamefirst"/>, <ph keyref="lpsnamefirst"/>, <ph keyref="vsanamefirst"/>, and <ph keyref="lpanamefirst"/></li>
			</ul>
		<p>For more information about <ph keyref="prodname"/>, review these articles:</p>
		<ul> 
			<li><xref href="sourceselect_cpt.xml" scope="peer"/></li>
			<li><xref href="search_cpt.xml" scope="peer"/></li>
			<li><xref href="resultsnarrowby_cpt.xml" scope="peer"/></li>
		</ul>
	</conbody>
	
</concept>