<?xml version="1.0" encoding="utf-8"?>
<!DOCTYPE concept PUBLIC "-//IBM//DTD DITA Composite//EN" "c:/dtd/ditabase.dtd">
<concept id="zipfiles_cpt" otherprops="delivery">
	<title>What are Zip files?</title>
	<prolog>
		<author>Barb Bruns</author>
		<copyright>
			<copyryear year="2009"/>
			<copyrholder>Lexisnexis</copyrholder>
		</copyright>
		<critdates>
			<created date="2006-10-26"/>
		</critdates>
		<metadata>
			<prodinfo>
				<prodname>Lexis Advance</prodname>
				<vrmlist>
					<vrm version="1"/>
				</vrmlist>
			</prodinfo>
		</metadata>
	</prolog>
	<conbody>
		<p>When you email, download, or send documents to Dropbox, you have the option to send the files in ZIP format. "Zipped" files are compressed to make the files smaller.  They have the following advantages:</p>
		<ul>
			<li>Some email servers are unable to accept large file sizes. Smaller, compressed files are more likely to be received.</li>
			<li>Compressed files take up less space in the recipient's mailbox.</li>
			<li>When downloading, compressed files take up less space on your computer's local drive.</li>
		</ul>
		<note type="note">Files sent in ZIP format can be opened and viewed using WinZip®, an application that may be purchased from this location: http://www.winzip.com/downwz.htm if the recipient does not already have it.</note>
	</conbody>
</concept>