{
    "concept": {
        "@audience": "res",
        "@id": "bigtutorialshepheadnote_cpt",
        "title": {
            "ph": [
                {
                    "@keyref": "companyfirst",
                    "#tail": "Headnotes in"
                },
                {
                    "@keyref": "shepardsfirst",
                    "#tail": "Reports"
                }
            ],
            "#text": "Tutorial: Using"
        },
        "prolog": {
            "author": "Robin Stubbart",
            "copyright": {
                "copyryear": {
                    "@year": "2013"
                },
                "copyrholder": "Lexisnexis"
            },
            "critdates": {
                "created": {
                    "@date": "2013-01-17"
                }
            },
            "metadata": {
                "prodinfo": {
                    "prodname": "Lexis Advance",
                    "vrmlist": {
                        "vrm": {
                            "@version": "1"
                        }
                    }
                }
            }
        },
        "conbody": {
            "section": {
                "object": {
                    "@classid": "clsid:D27CDB6E-AE6D-11cf-96B8-444553540000",
                    "@type": "application/x-shockwave-flash",
                    "@height": "459",
                    "@codebase": "http://download.macromedia.com/pub/shockwave/cabs/flash/swflash.cab#version=6,0,0,0",
                    "@width": "750",
                    "@data": "http://web.lexis.com/help/multimedia/nl/nl_shep_headnotes.swf",
                    "@id": "newlexis",
                    "param": [
                        {
                            "@name": "movie",
                            "@value": "http://web.lexis.com/help/multimedia/nl/nl_shep_headnotes.swf"
                        },
                        {
                            "@name": "quality",
                            "@value": "high"
                        },
                        {
                            "@name": "bgcolor",
                            "@value": "#FFFFFF"
                        },
                        {
                            "@name": "pluginspage",
                            "@value": "http://www.macromedia.com/shockwave/download/index.cgi?P1_Prod_Version=ShockwaveFlash"
                        }
                    ]
                }
            }
        }
    }
}