{
    "concept": {
        "@id": "bigtutorialdelivery_cpt",
        "title": "Tutorial: Delivering your results in Lexis Advance\u00ae",
        "prolog": {
            "author": [
                "Multimedia Team",
                "Mike Lloyd"
            ],
            "copyright": {
                "copyryear": {
                    "@year": "2012"
                },
                "copyrholder": "Lexisnexis"
            },
            "critdates": {
                "created": {
                    "@date": "2012-03-24"
                }
            },
            "metadata": {
                "prodinfo": {
                    "prodname": "Lexis Advance",
                    "vrmlist": {
                        "vrm": {
                            "@version": "1"
                        }
                    }
                }
            }
        },
        "conbody": {
            "section": {
                "object": {
                    "@classid": "clsid:D27CDB6E-AE6D-11cf-96B8-444553540000",
                    "@type": "application/x-shockwave-flash",
                    "@height": "459",
                    "@codebase": "http://download.macromedia.com/pub/shockwave/cabs/flash/swflash.cab#version=6,0,0,0",
                    "@width": "750",
                    "@data": "http://web.lexis.com/help/multimedia/nl/nl_delivery.swf",
                    "@id": "newlexis",
                    "param": [
                        {
                            "@name": "movie",
                            "@value": "http://web.lexis.com/help/multimedia/nl/nl_delivery.swf"
                        },
                        {
                            "@name": "quality",
                            "@value": "high"
                        },
                        {
                            "@name": "bgcolor",
                            "@value": "#FFFFFF"
                        },
                        {
                            "@name": "pluginspage",
                            "@value": "http://www.macromedia.com/shockwave/download/index.cgi?P1_Prod_Version=ShockwaveFlash"
                        }
                    ]
                }
            }
        }
    }
}