{
    "reference": {
        "@id": "tutorialvsatext_ref",
        "title": "Lexis Advance\u00ae Text-only Tutorial",
        "prolog": {
            "author": [
                "Multimedia Team",
                "Barb Bruns"
            ],
            "copyright": {
                "copyryear": {
                    "@year": "2014"
                },
                "copyrholder": "Lexisnexis"
            },
            "critdates": {
                "created": {
                    "@date": "2010-07-12"
                }
            },
            "metadata": {
                "prodinfo": {
                    "prodname": "Lexis Advance",
                    "vrmlist": {
                        "vrm": {
                            "@version": "1"
                        }
                    }
                }
            }
        },
        "refbody": {
            "section": {
                "title": {
                    "ph": {
                        "@keyref": "vsanamefirst"
                    },
                    "#text": "Using"
                },
                "p": [
                    {
                        "ph": {
                            "@keyref": "vsanamefirst",
                            "#tail": "aggregates jury verdicts and settlements to help you determine the likely outcome and value of litigation."
                        }
                    },
                    "Results appear in a series of graphs and charts, which let you identify trends and determine the probability and profitability of various outcomes for cases like yours.",
                    "As you enter search terms, Lexis Advance\u00ae analyzes them and offers suggestions.",
                    "Besides displaying results in a variety of graphs, you can display individual cases that may be of particular interest or relevance.",
                    "Searching.",
                    "There are 2 ways to display Verdict & Settlement Analyzer reports.",
                    "You can run a normal search, then select the \"Verdict & Settlement Analyzer\" link in the \"Jury Verdicts & Settlements\" category.",
                    "Or you can run a search from the Verdict & Settlement Analyzer search box.",
                    "Just select the product menu, then \"Verdict & Settlement Analyzer\".",
                    "Enter search terms that represent the key ideas or issues of your case, such as \"dog bite\".",
                    "You can limit results to specific:",
                    "Dates,",
                    "Jurisdictions",
                    "... by selecting the appropriate category using the \"Filters\" button in the Search box.",
                    "Select the Search button when you're ready to run your search.",
                    "LexisNexis Verdict & Settlement Analyzer searches for verdicts and settlements that match your search terms, and displays your results at the reports page.",
                    "Viewing and Filtering Reports",
                    {
                        "ph": {
                            "@keyref": "vsaname",
                            "#tail": "\" link."
                        },
                        "#text": "To display the report, make sure the \"Jury Verdicts and Settlements\" results tab is selected; then select the graph icon or the \""
                    },
                    {
                        "ph": {
                            "@keyref": "vsaname",
                            "#tail": "searches for verdicts and settlements that match your search terms, and displays your results at the reports page."
                        }
                    },
                    "Your report includes a series of charts and graphs, as well as a cite list.",
                    "These can help you evaluate the level of risk or opportunity associated with a case by looking at the outcomes of similar cases.",
                    "You might use this data to:",
                    "Help drive case strategy.",
                    "Identify the potential settlement value of a case.",
                    "Determine litigation reserve requirements.",
                    "The charts and graphs are described in the \"Viewing a Sample Report\" tutorial (select its link on the Help page).",
                    "Use the tools in the left pane to narrow your search results.",
                    "You can enter additional terms in the \"Search Within Results\" box to include only results with those terms.",
                    "Or, you can filter your search results based on:",
                    "Court",
                    "Practice Areas & Topics",
                    "Case Resolution",
                    "Timeline",
                    "Award Amount",
                    "Injuries",
                    "To display more options in a category, select its More link.",
                    "To select more than 1 category for a filter, choose \"Select multiple\". Select checkboxes for the categories you want, then select the OK button.",
                    "Use the Timeline to limit results to a date range. You can use the sliders to set the start and end dates, or type them in the date boxes. Then select the OK button to view the results.",
                    "Removing Filters.",
                    "As you add filters, the \"Narrow By\" pane shows which filters you've selected. You can remove a filter by selecting its Remove icon. You can select the \"Clear\" link to remove all filters to return to your original results list.",
                    "To return to the main search page, select the logo in the upper left corner of the screen.",
                    "Finding More Information",
                    {
                        "ph": {
                            "@keyref": "vsaname",
                            "#tail": "is available in other Help topics."
                        },
                        "#text": "More information about using"
                    },
                    {
                        "ph": {
                            "@keyref": "vsanamefirst",
                            "#tail": "\" tutorial."
                        },
                        "#text": "This concludes the \"Using"
                    }
                ]
            }
        },
        "related-links": {
            "linklist": {
                "link": {
                    "@href": "tutorialresults_cpt.xml"
                }
            }
        }
    }
}