{
    "reference": {
        "@audience": "res",
        "@id": "tutorialsheptoatext_ref",
        "title": {
            "ph": {
                "@keyref": "shepards",
                "#tail": "Table of Authorities"
            },
            "#text": "Lexis Advance\u00ae Text-only Tutorial:"
        },
        "prolog": {
            "author": "Robin Stubbart",
            "copyright": {
                "copyryear": {
                    "@year": "2013"
                },
                "copyrholder": "Lexisnexis"
            },
            "critdates": {
                "created": {
                    "@date": "2013-01-17"
                }
            },
            "metadata": {
                "prodinfo": {
                    "prodname": "Lexis Advance",
                    "vrmlist": {
                        "vrm": {
                            "@version": "1"
                        }
                    }
                }
            }
        },
        "refbody": {
            "section": [
                {
                    "title": "Introduction",
                    "p": [
                        {
                            "ph": {
                                "@keyref": "shepards",
                                "#tail": "Table of Authorities gives you an at-a-glance analysis of the foundation of your case."
                            }
                        },
                        {
                            "i": {
                                "#tail": "current status.",
                                "#text": "their"
                            },
                            "#text": "The Table of Authorities lists cases that your case cited and shows which cases it relied on, with"
                        },
                        {
                            "ph": {
                                "@keyref": "shepards",
                                "#tail": "report for Juncker v Tinney."
                            },
                            "#text": "This tutorial shows you how to use the Table of Authorities to help validate a case as a precedent. It focuses on the"
                        }
                    ]
                },
                {
                    "title": "Is it Good Law or Not?",
                    "p": [
                        {
                            "ph": [
                                {
                                    "@keyref": "shepardizefirst",
                                    "#tail": "Juncker v Tinney (549 F. Supp. 574), its"
                                },
                                {
                                    "@keyref": "shepsignalsingularfirst",
                                    "#tail": "indicates positive treatment.  Juncker v Tinney appears to be good law. But is it?"
                                }
                            ],
                            "#text": "If you"
                        },
                        {
                            "ph": {
                                "@keyref": "shepardsignalsingular",
                                "#tail": "for Parratt v Taylor."
                            },
                            "#text": "Click the Table of Authorities category, and it shows that Juncker v Tinney relied on a case that has received negative treatment, as indicated by the"
                        }
                    ]
                },
                {
                    "title": "Table of Authorities Features",
                    "p": [
                        {
                            "uicontrol": {
                                "#tail": "menu lets you sort cited references by jurisdiction or analysis.",
                                "#text": "Sort by"
                            },
                            "#text": "The"
                        },
                        {
                            "uicontrol": {
                                "#tail": "pane, you can narrow the Table of Authorities to display only cited cases:",
                                "#text": "Narrow By"
                            },
                            "#text": "Using options in the"
                        },
                        "Each cited case includes:"
                    ],
                    "ul": [
                        {
                            "li": [
                                "With specific types of analysis",
                                "From certain courts",
                                "That state your specific fact or point of law"
                            ]
                        },
                        {
                            "li": [
                                "A description of how your case treated the cited case",
                                {
                                    "ph": {
                                        "@keyref": "shepardsignalsingular",
                                        "#tail": "for the cited case"
                                    },
                                    "#text": "The"
                                },
                                "An indication of the depth of discussion of the cited case"
                            ]
                        }
                    ]
                },
                {
                    "title": "Checking Your Case's Case",
                    "p": [
                        "Each cited case has links for easy access to:",
                        {
                            "i": {
                                "#tail": "\u00ae a cited case by selecting its",
                                "#text": "Shepardize"
                            },
                            "ph": {
                                "@keyref": "shepardsignalsingular",
                                "#tail": ". If you do that with Parratt v Talyor, then switch to its Citing Decisions category, you'll find that Parratt was overturned, which may reveal that Juncker is \"bad law\", since it relied on Parratt."
                            },
                            "#text": "And you can fully"
                        },
                        "And for further verification, it's a good idea to check the pinpoint page to see why the case was overruled.",
                        {
                            "i": {
                                "#tail": "Table of Authorities, you can quickly evaluate the authorities your case relies on.",
                                "#text": "Shepard's"
                            },
                            "#text": "With"
                        },
                        {
                            "ph": {
                                "@keyref": "shepardsfirst",
                                "#tail": "in other Help topics."
                            },
                            "#text": "You can find more information about the"
                        },
                        "This concludes the tutorial."
                    ],
                    "ul": {
                        "li": [
                            "The full text of the cited case",
                            {
                                "i": {
                                    "#tail": "case, opened at its first reference to the cited case",
                                    "#text": "Shepardized"
                                },
                                "#text": "Your"
                            }
                        ]
                    }
                }
            ]
        },
        "related-links": {
            "linklist": {
                "link": {
                    "@href": "tutorialshepover_cpt.xml"
                }
            }
        }
    }
}