{
    "reference": {
        "@audience": "res",
        "@id": "tutorialshepheadnotetext_ref",
        "title": {
            "ph": [
                {
                    "@keyref": "prodnamefirst",
                    "#tail": "Text-only Tutorial: Using"
                },
                {
                    "@keyref": "companyfirst",
                    "#tail": "Headnotes in"
                },
                {
                    "@keyref": "shepardsfirst",
                    "#tail": "Reports"
                }
            ]
        },
        "prolog": {
            "author": "Robin Stubbart",
            "copyright": {
                "copyryear": {
                    "@year": "2013"
                },
                "copyrholder": "Lexisnexis"
            },
            "critdates": {
                "created": {
                    "@date": "2013-01-17"
                }
            },
            "metadata": {
                "prodinfo": {
                    "prodname": "Lexis Advance",
                    "vrmlist": {
                        "vrm": {
                            "@version": "1"
                        }
                    }
                }
            }
        },
        "refbody": {
            "section": [
                {
                    "title": "Introduction",
                    "p": [
                        {
                            "ph": [
                                {
                                    "@keyref": "companyfirst",
                                    "#tail": "headnotes are fully integrated into the"
                                },
                                {
                                    "@keyref": "shepardsfirst",
                                    "#tail": ", letting you quickly determine which citing cases discuss the issue that interests you."
                                }
                            ]
                        },
                        {
                            "i": {
                                "#tail": "\u00ae your case, you may find a long list of cases that cite to your decision.",
                                "#text": "Shepardize"
                            },
                            "#text": "When you"
                        },
                        "They can cite to your case for any number of reasons; but you may be interested in only one or two issues discussed in your case.",
                        {
                            "ph": {
                                "@keyref": "company",
                                "#tail": "headnotes."
                            },
                            "#text": "This tutorial shows you how to look for those issues using"
                        },
                        {
                            "ph": [
                                {
                                    "@keyref": "company",
                                    "#tail": "headnotes, you can identify when a citing case discusses an issue similar to one or more of the"
                                },
                                {
                                    "@keyref": "company",
                                    "#tail": "headnotes of the case you"
                                }
                            ],
                            "i": {
                                "#tail": "\u0099.",
                                "#text": "Shepardized"
                            },
                            "#text": "With"
                        }
                    ]
                },
                {
                    "title": "Viewing Headnotes",
                    "p": [
                        {
                            "ph": [
                                {
                                    "@keyref": "shepards",
                                    "#tail": "report identifies the"
                                },
                                {
                                    "@keyref": "company",
                                    "#tail": "headnotes of the case you"
                                }
                            ],
                            "i": {
                                "#tail": "that have been matched to the language of any of the citing cases.",
                                "#text": "Shepardized"
                            },
                            "#text": "The Citing Decisions category of your"
                        },
                        "HN links under each document in the list indicate which headnotes are referenced in each document. Click a link to open the document at the portion of the case that is likely to be of interest to you.",
                        {
                            "uicontrol": {
                                "#tail": "pane to find a list of these headnotes. The number next to each headnote indicates how many times the",
                                "#text": "Narrow By"
                            },
                            "ph": {
                                "@keyref": "company",
                                "#tail": "headnote from your"
                            },
                            "i": {
                                "#tail": "document is identified to a citing case within this report.",
                                "#text": "Shepardized"
                            },
                            "#text": "Scroll to the Headnotes filter in the"
                        },
                        {
                            "uicontrol": {
                                "#tail": "link to display the text of all",
                                "#text": "View text of headnotes"
                            },
                            "ph": {
                                "@keyref": "company",
                                "#tail": "headnotes for the case you"
                            },
                            "i": {
                                "#tail": ". You can use this information to decide which references might be relevant to your case. Place your cursor over an individual headnote to display its text.",
                                "#text": "Shepardized"
                            },
                            "#text": "Click the"
                        },
                        "Click a headnote to narrow your results to only cases that reference it. To select more than one headnote:",
                        "This displays only documents that have references to any of the selected headnotes.",
                        {
                            "ph": {
                                "@keyref": "shepardsfirst",
                                "#tail": "in other Help topics."
                            },
                            "#text": "You can find more information about the"
                        },
                        "This concludes the tutorial."
                    ],
                    "ol": {
                        "li": [
                            {
                                "uicontrol": {
                                    "#tail": "link.",
                                    "#text": "Select Multiple"
                                },
                                "#text": "Click the"
                            },
                            "Select the checkboxes of the headnotes you're interested in.",
                            {
                                "uicontrol": {
                                    "#tail": "button.",
                                    "#text": "OK"
                                },
                                "#text": "Click the"
                            }
                        ]
                    }
                }
            ]
        },
        "related-links": {
            "linklist": {
                "link": {
                    "@href": "tutorialshepover_cpt.xml"
                }
            }
        }
    }
}