<?xml version="1.0" encoding="UTF-8"?>
<!DOCTYPE reference PUBLIC "-//IBM//DTD DITA Composite//EN" "c:/dtd/ditabase.dtd">
<reference id="alertcreatetaxnewstips" otherprops="alertcreatetaxnewstips" audience="tax">
	<title>Create a Search Alert Page (Lexis Advance&#xae; Tax)</title>
	<prolog>		
		<author>Christina Stommel</author>
		<copyright>
			<copyryear year="2007"/>
			<copyrholder>Lexisnexis</copyrholder>
		</copyright>
		<critdates>
			<created date="2009-12-29"/>
		</critdates>
		<metadata>
			<prodinfo>
				<prodname>Lexis Advance Tax</prodname>
				<vrmlist>
					<vrm version="1"/>
				</vrmlist>
			</prodinfo>
		</metadata>
	</prolog>
	<refbody>
		<section>		
			<p>Use this form to create a tax search alert and specify how often you want to be notified of any results, how you want to receive the results, and other options.</p>
		</section>
		<properties>
			<property>
				<propvalue>Overview tab</propvalue>
				<propdesc>
				<dl>
				<dlentry>
				<dt>Title</dt>
				<dd>Give the alert a name that you will use later to retrieve it.</dd>
				</dlentry>
				<dlentry>
				<dt>Description</dt>
				<dd>Enter a description you want to associate with the alert.</dd>
				</dlentry> 
				<dlentry>
				<dt>Search terms</dt>
				<dd>Enter the terms on which you want to search. These can be a business name, topic, name of person, and so forth.</dd>
				</dlentry>
				<dlentry>
				<dt>Search type</dt>
				<dd>Displays the type of search you used.</dd>
				</dlentry>				
				<dlentry>
				<dt>Client</dt>
				<dd>Either select <uicontrol>Recent client</uicontrol> and choose a client you've recently used from the drop-down list, or select <uicontrol>New client</uicontrol> to enter the name of a new client.</dd>
				</dlentry>				
			
				</dl>				
				</propdesc>
				</property>

			<property>
			<propvalue>Monitor tab</propvalue>
				<propdesc>
				<dl>
				<dlentry>
				<dt>Category</dt>
				<dd>Indicates what tax categories the alert will monitor for new documents. By default, the search alert monitors for all recent news sources. To monitor <i>all</i> news sources, select <uicontrol>Add all legal news sources</uicontrol>,  which sets the alert for all legal news sources and not just the recent news sources available for the filter. Once selected, the recent news sources shown under <uicontrol>Narrow By</uicontrol> will be hidden.</dd>
						</dlentry>
						</dl>
				</propdesc>
			</property>

			<property>
<propvalue>Deliver tab</propvalue>
				<propdesc>
				<dl>
				
				
<dlentry>
				<dt>Duration</dt>
				<dd>Enter dates in the <uicontrol>Start</uicontrol> and <uicontrol>End</uicontrol> boxes (or select from the calendars) to indicate how long you want this alert to run.</dd>
				</dlentry>
					<dlentry>
				<dt>Delivery Type</dt>
				<dd>You can choose online delivery only or email plus online delivery.  If you select email, enter your <uicontrol>Email address</uicontrol> and in the <uicontrol>Delivery format</uicontrol> group, choose whether you want the email to be delivered in HTML or text format.</dd>
			</dlentry>

			<dlentry>
				<dt>Frequency</dt>
				<dd>
					<p>Select how often you want to be notified of any results.</p>
					<note>Between notifications, you can go online at any time to view your results.</note>
					<dl>
						<dlentry>
							<dt>Daily</dt>
							<dd>Each day of the week.</dd>
						</dlentry>
						<dlentry>
							<dt>Business daily</dt>
							<dd>Each day from Monday through Friday.</dd>
						</dlentry>
						<dlentry>
							<dt>Weekly</dt>
							<dd>Once a week, on the day you select.</dd>
						</dlentry>
						<dlentry>
							<dt>Monthly</dt>
							<dd>Once a month, on the date you select. If the date doesn't occur in a certain month, you will receive notification of any results on the first day of the following month.  For example, if you select <uicontrol>30</uicontrol>, you will be notified on March 1, because there is no 30th day in February.</dd>
						</dlentry>
						</dl>
						</dd>
						</dlentry>
</dl>



				</propdesc>
			</property>
			
<property>
<propvalue>Share tab</propvalue>
				<propdesc>
				<dl>
					<dlentry>
				<dt>Enter a user's name (using the format of last name, first name), or enter the user's email address.
				</dt>
				<dd>To share the alert with other users in your organization, type the user's first name or last name. The alert will be shared immediately with him or her. To share the alert with users who are not part of your organization, type the user's email address. Outside recipients will need to accept the invitation to view the alert. </dd>
				</dlentry>
				<dlentry>
				<dt>Added Contacts</dt>
				<dd>The list of users with whom you have shared this alert.</dd>
				</dlentry>
					<dlentry>
				<dt>Note</dt>
				<dd>Enter a personal note you want to associate with the alert.</dd>
				</dlentry> 
				</dl>
				</propdesc>
				</property>
		</properties>
	</refbody>
</reference>