<?xml version="1.0" encoding="UTF-8"?>
<!DOCTYPE reference PUBLIC "-//IBM//DTD DITA Composite//EN" "c:/dtd/ditabase.dtd">
<reference id="alertssavetofoldertips" otherprops="alertssavetofoldertips">
	<title>Save Alert Results to Folder Page</title>
	<!--GDSI Release note: I can't find anything relating to this in the 4.2 prototype.-->
	<prolog>
		<author>Barb Bruns</author>
		<copyright>
			<copyryear year="2007"/>
			<copyrholder>Lexisnexis</copyrholder>
		</copyright>
		<critdates>
			<created date="2009-12-29"/>
		</critdates>
		<metadata>
			<prodinfo>
				<prodname>Lexis Advance</prodname>
				<vrmlist>
					<vrm version="1"/>
				</vrmlist>
			</prodinfo>
		</metadata>
	</prolog>
	<refbody>
		<properties>
			<property>
				<propvalue>Selected Documents (<i>n</i>) tab</propvalue>
				<propdesc>Indicates the alert results that you have selected to save to the folder.  You can clear the checkboxes for some of the documents in the list above if you no longer want to save them. (To edit the document titles, select <uicontrol>Edit all titles</uicontrol>.)</propdesc>
			</property>

			<property>
			<propvalue>Save Options tab</propvalue>
				<propdesc>
				<dl>
				<dlentry>
				<dt>Notes</dt>
				<dd>Enter any notes you would like to store with the document.</dd>
				</dlentry>

				<dlentry>
				<dt>Save In</dt>
				<dd>Select the name of the folder you want to save the alerts results to.  You can also select a folder in which to create a new sub-folder. (Click <uicontrol>Create New Folder</uicontrol> to create the folder.)</dd>
						</dlentry>

						</dl></propdesc>
						</property>

						<property>
						<propvalue>Share With Others tab</propvalue>
						<propdesc>To share the alert result with other users, enter the name or email address in the <uicontrol>Select contacts to share</uicontrol> box and then enter the name or email address of the person you want to share with. Click <uicontrol>Add</uicontrol> to add them. </propdesc>
						</property>


		</properties>
	</refbody>
</reference>