<?xml version="1.0" encoding="UTF-8"?>
<!DOCTYPE reference PUBLIC "-//IBM//DTD DITA Composite//EN" "c:/dtd/ditabase.dtd">
<reference id="alerteditentitytips" otherprops="alerteditentityips" audience="Future">
	<title>Edit Entity Alert Page</title>
		<prolog>
		<author>Barb Bruns</author>	
		<copyright>
			<copyryear year="2007"/>
			<copyrholder>Lexisnexis</copyrholder>
		</copyright>
		<critdates>
			<created date="2009-12-29"/>
		</critdates>
		<metadata>
			<prodinfo>
				<prodname>Lexis Advance</prodname>
				<vrmlist>
					<vrm version="1"/>
				</vrmlist>
			</prodinfo>
		</metadata>
	</prolog>
	<refbody>
		<section>
			<p>Use this form to edit an existing entity alert.  You can change your selections for these options:</p>
			<ul>
				<li>Title</li>
				<li>Client</li>
				<li>How often you are notified of any results</li>
				<li>Duration of the alert</li>
				<li>Delivery options</li>
				<li>Sharing options</li>
			</ul>
		</section>
		<properties>
			<property>
				<propvalue>Title</propvalue>
				<propdesc>Keep the alert name that is displayed, or give it a name that you will use later to retrieve it.</propdesc>
			</property>
			<dlentry>
				<dt>Description</dt>
				<dd>Enter a description you want to associate with the alert.</dd>
				</dlentry> 
			<property>
				<propvalue>Type</propvalue>
				<propdesc>Indicates that this is a search alert.</propdesc>
			</property>
			<property>
			<propvalue>Monitor</propvalue>
				<propdesc>
				<dl>
<dlentry>
							<dt>Monitor for New Documents</dt>
							<dd>Indicates that the alert will monitor the search for new documents. Select the content types you want the alert to monitor.  The content types displayed are the ones you selected when you searched, plus your <uicontrol>You've Selected</uicontrol> items from your results. Select <uicontrol>Web</uicontrol> if you want the alert to search content from the web (leave it cleared if you want the alert to search only <ph keyref="company"/> content).</dd>
						</dlentry>
						
						</dl>
				</propdesc>
			</property>

			<property>
<propvalue>Deliver</propvalue>
				<propdesc>
				<dl>
				
				<dlentry>
				<dt>How Often</dt>
				<dd>
					<p>Select how often you want to be notified of any results.</p>
					<note>Between notifications, you can go online at any time to view your results.</note>
					<dl>
						<dlentry>
							<dt>Daily</dt>
							<dd>Each day of the week.</dd>
						</dlentry>
						<dlentry>
							<dt>Business Daily</dt>
							<dd>Each day from Monday through Friday.</dd>
						</dlentry>
						<dlentry>
							<dt>Weekly</dt>
							<dd>Once a week, on the day you select.</dd>
						</dlentry>
						<dlentry>
							<dt>Monthly</dt>
							<dd>Once a month, on the date you select. If the date doesn't occur in a certain month, you will receive notification of any results on the first day of the following month.  For example, if you select <uicontrol>30</uicontrol>, you will be notified on March 1, because there is no 30th day in February.</dd>
						</dlentry>
						</dl>
						</dd>
						</dlentry>
<dlentry>
				<dt>Alert Duration</dt>
				<dd>Enter dates in the <uicontrol>From</uicontrol> and <uicontrol>To</uicontrol> boxes (or select from the calendars) to indicate how long you want this alert to run.</dd>
				</dlentry>
					<dlentry>
				<dt>Delivery Type</dt>
				<dd>You can choose online delivery only or email plus online delivery.  If you select email, enter your <uicontrol>Email address</uicontrol> and in the <uicontrol>Delivery format</uicontrol> group, choose whether you want the email to be delivered in HTML or text format.</dd>
			</dlentry>
</dl>
				</propdesc>
			</property>
			
<property>
<propvalue>Share</propvalue>
				<propdesc>
				<dl>
					<dlentry>
				<dt>Enter a user's name (using the format of last name, first name), or enter the user's email address.
				</dt>
				<dd>To share the alert with other users in your organization, type the user's first name or last name. The alert will be shared immediately with him or her. To share the alert with users who are not part of your organization, type the user's email address. Outside recipients will need to accept the invitation to view the alert. </dd>
				</dlentry>
				<dlentry>
				<dt>Added contacts / Shared with</dt>
				<dd>The list of users with whom you have shared this alert.</dd>
				</dlentry>
				<dlentry>
				<dt>Note</dt>
				<dd>Enter a personal note you want to associate with the alert.</dd>
				</dlentry> 
				</dl>
				</propdesc>
				</property>
		</properties>

	</refbody>
</reference>