<?xml version="1.0" encoding="UTF-8"?>
<!DOCTYPE reference PUBLIC "-//IBM//DTD DITA Composite//EN" "c:/dtd/ditabase.dtd">
<reference id="alertshepeditips" otherprops="alertshepeditips" audience="res">
	<title>Edit <ph keyref="shepalert"/> Page</title>
	<prolog>
		<author>Barb Bruns</author>
		<author>Christina Stommel (GDSI Release)</author>
		<copyright>
			<copyryear year="2007"/>
			<copyrholder>Lexisnexis</copyrholder>
		</copyright>
		<critdates>
			<created date="2009-12-29"/>
		</critdates>
		<metadata>
			<prodinfo>
				<prodname>Lexis Advance</prodname>
				<vrmlist>
					<vrm version="1"/>
				</vrmlist>
			</prodinfo>
		</metadata>
	</prolog>
	<refbody>
		<section>		
			<p>Use this form to edit an existing <ph keyref="shepalert"/>.  You can change your selections for these options:</p>
			<ul>
				<li>Title</li>
				<li>Client</li>
				<li>Changes the alert is monitoring for</li>
				<li>How often you are notified of any results</li>
				<li>Duration of the alert</li>
				<li>Notification options</li>
				<li>Lists of people with whom you've shared the alert</li>
			</ul>
		</section>

		<properties>
		<property>
		<propvalue>Overview tab</propvalue>
		<propdesc>Provide the following information:
		<dl>
		<dlentry>
		<dt>Title</dt>
		<dd>Keep the alert name that is displayed (this is the &quot;topline&quot; name from the <ph keyref="shepards"/> report), or give it a name that you will use later to retrieve it.</dd>
		</dlentry>
		<dlentry>
		<dt>Client</dt>
		<dd>Either select <uicontrol>Recent client</uicontrol> and choose a client you've recently used from the drop-down list, or select <uicontrol>New client</uicontrol> to enter the name of a new client.</dd>
		</dlentry>
		
		<!-- These options do not appear in 4.2 as designed dlentry>	
		<dt>Monitor for / Duration / Frequency / Delivery / Sharing overviews</dt>
		<dd>These sections describe the settings associated with these areas of alerts. To edit the settings, either select the <uicontrol>Edit</uicontrol> link associated with the section or select the tab along the top of the dialog box. Details about each tab are provided below.</dd></dlentry -->		
		
		</dl>
		</propdesc>
		</property>

		<property>
		<propvalue>Monitor tab</propvalue>
		<propdesc>Provide the following information:
		<dl>
		<dlentry>
		<dt>Monitor for</dt>
		<dd>Select the type of change you want to be alerted for.
		<ul>
		<li>Any change - Select this to be alerted to any change, positive or negative.</li>
		<li>New negative analysis - Select this to be alerted only to new negative analysis.</li>
		<li>Custom settings - Choose from the custom settings to select the specific treatments and headnotes for which you want to be alerted. The settings that are available to select from depend on the type of Shepard's report (caselaw or statute) the alert is based on.</li>
		</ul></dd>
		</dlentry></dl></propdesc></property>


		<property>
		<propvalue>Deliver tab</propvalue>
		<propdesc>Provide the following information:
		<dl>		
		<dlentry>
		<dt>Duration</dt>
		<dd>Enter dates in the <uicontrol>Start</uicontrol> and <uicontrol>End</uicontrol> boxes (or select from the calendars) to indicate how long you want this alert to run.</dd>
		</dlentry>
		<dlentry>
		<dt>Delivery Type</dt>
		<dd>You can choose online delivery only or email plus online delivery.  If you select email, enter your <uicontrol>Email address</uicontrol> and in the <uicontrol>Delivery format</uicontrol> group, choose whether you want the email to be delivered in HTML or text format.</dd>
		</dlentry>
		<dlentry>
		<dt>Frequency</dt>
		<dd><p>Select how often you want to be notified of any results.</p>
								<note>Between notifications, you can go online at any time to view your results.</note>
								<ul>
									<li>Daily - Each day of the week</li>
									<li>Business Daily - Each day from Monday through Friday.</li>
									<li>Weekly - Once a week, on the day you select.</li>
									<li>Monthly - Once a month, on the date you select. If the date doesn't occur in a certain month, you will receive notification of any results on the first day of the following month.  For example, if you select <uicontrol>30</uicontrol>, you will be notified on March 1, because there is no 30th day in February.</li>
									</ul>
									</dd>
		</dlentry>
		</dl>
		</propdesc>
		</property>

		<property>
		<propvalue>Share tab</propvalue>
		<propdesc>Provide the following information:
		<dl>
			<dlentry>
				<dt>Enter a user's name (using the format of last name, first name), or enter the user's email address.
				</dt>
				<dd>To share the alert with other users in your organization, type the user's first name or last name. The alert will be shared immediately with him or her. To share the alert with users who are not part of your organization, type the user's email address. Outside recipients will need to accept the invitation to view the alert. </dd>
				</dlentry>
		<dlentry>
		<dt>Added contacts / Shared with</dt>
		<dd>Shows the list of people with whom you are sharing the alert.</dd>
		</dlentry>
		</dl></propdesc>		
		</property>
		<property>
				<propvalue>Save</propvalue>
				<propdesc>Click to save the alert.</propdesc>
			</property>
			<property>
				<propvalue>Cancel</propvalue>
				<propdesc>Click to return to the previous page without saving any changes.</propdesc>
			</property>
		</properties>
		
	</refbody>
</reference>