<?xml version="1.0" encoding="UTF-8"?>
<!DOCTYPE reference PUBLIC "-//IBM//DTD DITA Composite//EN" "c:/dtd/ditabase.dtd">
<reference id="alertcomparetips" otherprops="alertcomparetips">
	<title>Create New Compare Search Results or Find Similar Results Alert Page</title>
	<prolog>
		<author>Barb Bruns</author>
		<author>Christina Stommel (GDSI Release)</author>
		<copyright>
			<copyryear year="2007"/>
			<copyrholder>Lexisnexis</copyrholder>
		</copyright>
		<critdates>
			<created date="2009-12-29"/>
		</critdates>
		<metadata>
			<prodinfo>
				<prodname>Lexis Advance</prodname>
				<vrmlist>
					<vrm version="1"/>
				</vrmlist>
			</prodinfo>
		</metadata>
	</prolog>
	<refbody>
		<section>		
			<p>When you use the <uicontrol>Compare Search Results</uicontrol> or <uicontrol>Find Similar Results</uicontrol> feature from the research map, then select <uicontrol>Create an alert</uicontrol> from the results, use this form to create an alert to find additional new documents common to the searches. These alerts can be run on a schedule you set up.</p>
			<ul>
				<li>For more information about the Compare Search Results feature of the research map, see <xref href="mapcompare_cpt.xml" scope="peer"/></li>
				<li>For more information about the Find Similar Documents feature of the research map, see <xref href="mapfindsimilar_cpt.xml" scope="peer"/></li>
			</ul>
		</section>


		<properties>

			<property>
				<propvalue>Overview tab</propvalue>
				<propdesc>
				<dl>
				<dlentry>
				<dt>Title</dt>
				<dd>Give the alert a name that you will use later to retrieve it.</dd>
				</dlentry>

				<dlentry>
				<dt>Description</dt>
				<dd>Enter a description you want to associate with the alert.</dd>
				</dlentry> 

				<dlentry>
				<dt>Search terms</dt>
				<dd>Displays the search terms you used.</dd>
				</dlentry>

<dlentry>
				<dt>Client</dt>
				<dd>Either select <uicontrol>Recent client</uicontrol> and choose a client you've recently used from the drop-down list, or select <uicontrol>New client</uicontrol> to enter the name of a new client.</dd>
				</dlentry>
				
				<!-- These options do not appear in 4.2 as designed dlentry>	
				<dt>Category Type / Duration / Frequency / Delivery / Sharing overviews</dt>
				<dd>These sections describe the settings associated with these areas of alerts. To edit the settings, either select the <uicontrol>Edit</uicontrol> link associated with the section or select the tab along the top of the dialog box. Details about each tab are provided below.</dd></dlentry-->
				</dl></propdesc></property>			
			
			<property>
			<propvalue>Monitor tab</propvalue>
				<propdesc>
				<dl>
<dlentry>
							<dt>Category</dt>
							<dd>Indicates which content types the alert will monitor for new documents. Select the content types you want the alert to monitor.  The content types displayed are the ones you selected when you searched, plus your <uicontrol>Narrowed By</uicontrol> items from your results. <!--Select <uicontrol>Web</uicontrol> if you want the alert to search content from the web (leave it cleared if you want the alert to search only <ph keyref="company"/> content).--></dd>
						</dlentry>
						</dl>
				</propdesc>
			</property>

			<property>
<propvalue>Deliver tab</propvalue>
				<propdesc>
				<dl>
				<dlentry>
				<dt>Duration</dt>
				<dd>Enter dates in the <uicontrol>Start</uicontrol> and <uicontrol>End</uicontrol> boxes (or select from the calendars) to indicate how long you want this alert to run.</dd>
				</dlentry>
				<dlentry>
				<dt>Delivery Type</dt>
				<dd>You can choose online-only delivery or both online and email delivery.  If you select email, enter your <uicontrol>Email address</uicontrol> and in the <uicontrol>Delivery format</uicontrol> group, choose whether you want the email to be delivered in HTML or text format.</dd>
			</dlentry>
				
				<dlentry>
				<dt>Frequency</dt>
				<dd>
					<p>Select how often you want to be notified of any results.</p>
					<note>Between notifications, you can go online at any time to view your results.</note>
					<dl>
						<dlentry>
							<dt>Daily</dt>
							<dd>Each day of the week.</dd>
						</dlentry>
						<dlentry>
							<dt>Business Daily</dt>
							<dd>Each day from Monday through Friday.</dd>
						</dlentry>
						<dlentry>
							<dt>Weekly</dt>
							<dd>Once a week, on the day you select.</dd>
						</dlentry>
						<dlentry>
							<dt>Monthly</dt>
							<dd>Once a month, on the date you select. If the date doesn't occur in a certain month, you will receive notification of any results on the first day of the following month.  For example, if you select <uicontrol>30</uicontrol>, you will be notified on March 1, because there is no 30th day in February.</dd>
						</dlentry>
						<dlentry>
							<dt>As updates are available</dt>
							<dd>As updates to the search are available.</dd>
						</dlentry>
						</dl>
						</dd>
						</dlentry>

					
</dl>
				</propdesc>
			</property>
			
<property>
<propvalue>Share tab</propvalue>
				<propdesc>
				<dl>
				<dlentry>
				<dt>Enter a user's name (using the format of last name, first name), or enter the user's email address.
				</dt>
				<dd>To share the alert with other users in your organization, type the user's first name or last name. The alert will be shared immediately with him or her. To share the alert with users who are not part of your organization, type the user's email address. Outside recipients will need to accept the invitation to view the alert. </dd>
				</dlentry>
				<dlentry>
				<dt>Selected List</dt>
				<dd>The list of users with whom you have shared this alert.</dd>
				</dlentry>
				<dlentry>
				<dt>Note</dt>
				<dd>Enter a personal note you want to associate with the alert.</dd>
				</dlentry> 
				</dl>
				</propdesc>
				</property>
		</properties>
	</refbody>
</reference>