<?xml version="1.0"?>
<!DOCTYPE reference PUBLIC "-//IBM//DTD DITA Composite//EN" "c:/dtd/ditabase.dtd">
<reference id="alertlistips" otherprops="alertlistips">
	<title>Alerts List Page</title>
	<prolog>
		<author>Barb Bruns</author>
		<author>Christina Stommel (GDSI Release)</author>
		<copyright>
			<copyryear year="2009"/>
			<copyrholder>Lexisnexis</copyrholder>
		</copyright>
		<critdates>
			<created date="2009-01-23"/>
		</critdates>
		<metadata>
			<prodinfo>
				<prodname>Lexis Advance</prodname>
				<vrmlist>
					<vrm version="1"/>
				</vrmlist>
			</prodinfo>
		</metadata>
	</prolog>
	<refbody>
<section>
<p>You can view a list of all your alerts. To do this, you can either select <uicontrol>View all alerts</uicontrol> from the <uicontrol>Alerts</uicontrol> pod on the <ph keyref="prodnamefirst"/> home page, or you can choose <uicontrol>Alerts</uicontrol> from the <uicontrol>More</uicontrol> drop-down list at the top of any page. When you do, a page is opened with a list of all of your saved alerts.</p>

<note type="note">When you first view the alerts list, it is filtered based on which experience you are working in when you view all alerts. For example, if you are working in <ph keyref="vsanamefirst"/> and you view your alerts, the list is limited to show only <ph keyref="vsaname"/>-related alerts. You can clear this filter and view all of your available alerts (regardless of which experience you are working in) by clicking the X next to the filter name, above the <uicontrol>Narrow By</uicontrol> pane. </note>
			<p>Use the list to manage your alerts, using the tasks listed below.</p>
		</section>
		<properties>			
			<property>
				<propvalue>Sort by</propvalue>
				<propdesc>
					<p>By default, the alerts in the list are sorted in alphabetical order by alert title.</p>
					<p>Select an option from this list to sort in a different order. </p>
				</propdesc>
			</property>
			
			<property>
				<propvalue>Actions toolbar</propvalue>
				<propdesc>
					<p>Select the items you want to change and select any of the following buttons to perform that action on the item:</p>
					<dl>
						<!--dlentry>
							<dt>Update now (<ph keyref="shepalertplural"/> only)</dt>
							<dd>Click to update, or run, the alert between scheduled updates.</dd>
						</dlentry-->
						<dlentry>
							<dt>Start (<image href="alertplay.png" alt="Start Alert"/>)</dt>
							<dd>Click to restart any selected paused alerts or to start any new alerts you've created.</dd>
						</dlentry>
						<dlentry>
							<dt>Pause (<image href="alertpause.png" alt="Pause Alert"/>)</dt>
							<dd>Click to temporarily stop the selected alerts from running.</dd>
						</dlentry>
						<dlentry>
							<dt>Delete alert (<image href="closeremove.png" alt="Delete Alert"/>)</dt>
							<dd>Click to delete the selected alerts.</dd>
						</dlentry>
						</dl></propdesc></property>

						<property>
						<propvalue>More drop-down list</propvalue>
						<propdesc><p>Select the items you want to change and choose any of the following options from the More drop-down list:</p>						
						<dl>
						<dlentry>
							<dt>Mark results as read</dt>
							<dd>Click to mark all the results of the alert as having been read.</dd>
						</dlentry>
						<dlentry>
							<dt>Delete alert results</dt>
							<dd>Click to delete all the results of the alert.</dd>
						</dlentry>
						<dlentry>
						<dt>Printer-friendly view</dt>
						<dd>Click to view the list in a printer-friendly format.</dd>
						</dlentry></dl>
						</propdesc>
						</property>

					
			<!--property>
				<propvalue>List | Details</propvalue>
				<propdesc>Select <uicontrol>List</uicontrol> to display the list of your alerts described here. Select <uicontrol>Details</uicontrol> to display the list plus your search terms for each alert.</propdesc>
			</property-->
						<property>
				<propvalue>Narrow By</propvalue>
				<propdesc>
					<p>You can narrow your list of alerts by using any of the filters in the <uicontrol>Narrow By</uicontrol> pane on the left side of your results.</p>
					<p>To select several criteria in any given category, select <uicontrol>Select multiple</uicontrol>.</p>
					<note type="note">All of the alerts in the list will appear in more than one category. For example, all alerts will have values for "type", "client", "notification", and "frequency", and <ph keyref="shepalertplural"/> will have values for &quot;Monitor this Citation for&quot;.</note>
					<p>To return to a previous results set after filtering one or more times, select the Remove icon (<image href="CloseRemove.png" alt="Close level" placement="inline"/>) next to your selections at the top of the <uicontrol>Narrow By</uicontrol> pane to close that version.  When you have closed all the versions, your original results are displayed on the right side of the results view.</p>
					<p>You can also return to your original results by selecting <uicontrol>Clear All</uicontrol>.</p>
				</propdesc>
			</property><property>
				<propvalue>Search Within Alerts</propvalue>
				<propdesc>Enter the name of an alert, or search terms, client name, etc., and select <uicontrol>Search</uicontrol> to find a specific alert.</propdesc>
			</property>

			<property>
			<propvalue>Individual Alerts</propvalue>
			<propdesc>The following information is available about each individual alert:
			<dl>
			<dlentry>
			<dt>Alert title</dt>
			<dd>The title you gave the alert. To sort your results alphabetically by title, choose the appropriate option from the <uicontrol>Sort by</uicontrol> drop-down list.
			<note type="note">The number of unread results for each alert appears next to the alert title.</note></dd>
			</dlentry>

			<dlentry>
			<dt>Terms</dt>
			<dd>Displays the terms you used in your search.</dd>
			</dlentry>

			<dlentry>
			<dt>Filters</dt>
			<dd>Displays the different filters associated with the alert. </dd>
			</dlentry>

			<dlentry>
			<dt>Period</dt>
			<dd>Shows the date this alert began running and the date this alert will stop running. To sort your results by start or end date, choose the appropriate option from the <uicontrol>Sort by</uicontrol> drop-down list.</dd>
			</dlentry>

			<dlentry>
			<dt>Originated In</dt>
			<dd>Shows the <ph keyref="prodname"/> application you were viewing when you selected to view alerts. To view all available alerts, clear the filter by selecting the X next to the experience name in the <uicontrol>Narrow By</uicontrol> pane.</dd>
			</dlentry>
			
			<dlentry>
			<dt>Type</dt>
			<dd>The alert type. To sort your results by type, choose the appropriate option from the <uicontrol>Sort by</uicontrol> drop-down list.</dd>
			</dlentry>

			<dlentry>
			<dt>Client</dt>
			<dd>The client assigned when this alert was saved. To sort your results by client, choose the appropriate option from the <uicontrol>Sort by</uicontrol> drop-down list.</dd>
			</dlentry>

			<dlentry>
			<dt>Monitor changes for (available for legislative alerts)</dt>
			<dd>Watches for any legislation that will amend, repeal, or change the statute section shown (the section you searched for).</dd>
			</dlentry>			

			<dlentry>
			<dt>Frequency</dt>
			<dd>How often this alert runs. To sort your results by frequency, choose the appropriate option from the <uicontrol>Sort by</uicontrol> drop-down list.</dd>
			</dlentry>

			
			<dlentry>
			<dt>Delivery Type</dt>
			<dd>Indicates whether the results of this alert are delivered online or by email. To sort your results by delivery type, choose the appropriate option from the <uicontrol>Sort by</uicontrol> drop-down list.</dd>
			</dlentry>

			<dlentry>
			<dt>Edit (<image href="Edit.png" alt="Edit Alert"/>)</dt>
			<dd>Click this button to edit the properties of your alert.</dd>
			</dlentry>


			

			<!--<dlentry>
			<dt>Pause (<image href="alertpause.png" alt="Pause Alert"/>) / Start (<image href="alertplay.png" alt="Start Alert"/>)</dt>
			<dd>Click the Pause icon to pause an alert, or click the Start icon to restart a paused alert, or to start an alert you've created by copying another alert.</dd>
			</dlentry>

			<dlentry>
			<dt>Unsubscribe (<image href="Unsubscribe.png" alt="Unsubscribe From Alert"/>)</dt>
			<dd>Click this button to no longer receive notifications about an alert someone has shared with you.</dd>
			</dlentry>

			<dlentry>
			<dt>Update Now (<image href="Update.png" alt="Update Alert"/>)</dt>
			<dd>Click this button to update a Shepard's alert.</dd>
			</dlentry>-->


			
			</dl></propdesc>
			</property>				
			</properties>
	</refbody>
</reference>