<?xml version="1.0"?>
<!DOCTYPE reference PUBLIC "-//IBM//DTD DITA Composite//EN" "c:/dtd/ditabase.dtd">
<reference id="alertresultips" otherprops="alertresultips">
	<title>Alert Results Page</title>
	<prolog>
		<author>Barb Bruns</author>
		<author>Christina Stommel (GDSI Release)</author>
		<copyright>
			<copyryear year="2009"/>
			<copyrholder>Lexisnexis</copyrholder>
		</copyright>
		<critdates>
			<created date="2009-01-23"/>
		</critdates>
		<metadata>
			<prodinfo>
				<prodname>Lexis Advance</prodname>
				<vrmlist>
					<vrm version="1"/>
				</vrmlist>
			</prodinfo>
		</metadata>
	</prolog>
	<refbody>
		<section>		
			<p>When you select a specific alert from the list of all your saved alerts, a page displays all of the results for that alert. The results of your alert appear as a list of documents. You can choose the type of document you want to view by selecting its link in the left-side pod.</p>			
			<p>Use the list to manage the results for your alert.  You can do any of the following:</p>
			<ul>
				<li>View the results of an alert</li>
				<li>Mark results as read or unread</li>
				<li>Delete results</li>
				<li>Update the alert</li>
				<li>Pause the alert</li>
				<li>Delete the alert</li>
			</ul>			
		</section>
		<properties>			
			<property>
				<propvalue>alert title </propvalue>
				<propdesc>
					<p>The title you assigned to your alert. </p>
				</propdesc>
			</property>
			<!--property>
				<propvalue>&nbsp;&nbsp;<image href="Notifications.png" alt="Alert paused" placement="inline"/></propvalue>
				<propdesc>
					<p>This indicator appears if this alert has been paused because it has reached the maximum number of results for this content type.  To restart it, delete some of the results, and then select <uicontrol>Start</uicontrol> from <uicontrol>Actions</uicontrol>.</p>
				</propdesc>
			</property-->
			
			<property>
				<propvalue>Properties</propvalue>
				<propdesc>
					<p>Click this drop-down list (located after the alert title) to view the properties you set up for this alert, such as whether it is a search alert or <ph keyref="shepalert"/>, how often it runs, notification options, and so on. To change these properties, select <uicontrol>Edit alert</uicontrol>.</p>
				</propdesc>
			</property>

			<property>
				<propvalue>Sort by</propvalue>
				<propdesc>
					<p>By default, the results in the list are sorted by date and time in the order they were updated (newest to oldest).</p>
					<p>Select an option from this list to sort in a different order.  You can select from date and time in the order they were updated, by relevance, or by type of change.</p>
				</propdesc>
			</property>

			<property>
				<propvalue><i>alert type</i> (<i>nnn</i>)</propvalue>
				<propdesc>
					<p>The type of alert, followed by the number of results for this alert.</p>
				</propdesc>
			</property>

			<property>
			<propvalue>Category listing</propvalue>
			<propdesc>This list shows the categories in which results have been found. The number of unread results appears next to the category type.</propdesc>
			</property>
			
			<property>
			<propvalue><image href="AddToFolder.png" alt="Add to Folder"/></propvalue>
			<propdesc>Select the documents you want added to a folder and click the <uicontrol>Add to folder</uicontrol> icon.</propdesc>
			</property>

			<property>
			<propvalue>Print (<image href="Print.png" alt="Print"/>)</propvalue>
			<propdesc>Select the documents you want to print and click the <uicontrol>Print</uicontrol> icon. (Delivery options are consolidated under the icon for the last delivery option you used.) See <xref href="attachprintips.xml" scope="peer"/> for details.</propdesc>
			</property>

			<property>
			<propvalue>Download (<image href="Download.png" alt="Download"/>)</propvalue>
			<propdesc>Select the documents you want to download and click the <uicontrol>Download</uicontrol> icon. (Delivery options are consolidated under the icon for the last delivery option you used.) See <xref href="attachdownloadtips.xml" scope="peer"/> for details.</propdesc>
			</property>

			<property>
			<propvalue>Email (<image href="email.png" alt="Email"/>)</propvalue>
			<propdesc>Select the documents you want to email and click the <uicontrol>Email</uicontrol> icon. (Delivery options are consolidated under the icon for the last delivery option you used.) See <xref href="attachemailtips.xml" scope="peer"/> for details.</propdesc>
			</property>

			<property>
			<propvalue>Send to Dropbox (<image href="dropbox.png" alt="Send to Dropbox"/>)</propvalue>
			<propdesc>Select the documents you want to send to Dropbox and click the <uicontrol>Send to Dropbox</uicontrol> icon. (Delivery options are consolidated under the icon for the last delivery option you used.) See <xref href="attachdropboxtips.xml" scope="peer"/> for details.</propdesc>
			</property>

			<property>
			<propvalue>Delete Selected (<image href="closeremove.png" alt="Delete"/>)</propvalue>
			<!--pre63 propdesc>Select the documents you want to remove from the alerts results list and click the <uicontrol>Delete</uicontrol> icon. </propdesc-->
			<propdesc>Select the documents you want to remove from the alerts results list (including any unavailable documents) and click the <uicontrol>Delete</uicontrol> icon. </propdesc>
			</property>


			<property>
				<propvalue>More</propvalue>
				<propdesc>
					<p>Click this to display a list of things you can do with items you have selected using the checkbox.</p>
					<dl>
					<dlentry>
							<dt>Delete all</dt>
							<dd>Click this to delete all the results of this alert.</dd>
						</dlentry>
						<dlentry>
							<dt>Mark selected as read</dt>
							<dd>Select the alert results in the list that you want to mark as read, then select this.</dd>
						</dlentry>
						<dlentry>
							<dt>Mark all as read</dt>
							<dd>Click to mark all the results of this alert as having been read.</dd>
						</dlentry>
						<dlentry>
							<dt>Mark selected as unread</dt>
							<dd>Select the alert results in the list that you want to mark as unread, then select this.</dd>
						</dlentry>
						<dlentry>
							<dt>Mark all as unread</dt>
							<dd>Select the alert results in the list that you want to mark as unread, then select this.</dd>
						</dlentry>
						<dlentry>
							<dt>Access ($)</dt>
							<dd>Select the alert results in the list that you want to pay to access, then select this.</dd>
						</dlentry>
						<dlentry>
							<dt>Printer-friendly view</dt>
							<dd>Select the alert results in the list that you want to view in a printer-friendly version, then select this.</dd>
						</dlentry>						
					</dl>
				</propdesc>
			</property>
			
			<!--property>
				<propvalue>List | Details</propvalue>
				<propdesc>Select <uicontrol>List</uicontrol> to display the list of your alerts described here. Select <uicontrol>Details</uicontrol> to display the list plus your search terms for each alert.</propdesc>
			</property-->
			<property>
				<propvalue>Document Title </propvalue>
				<propdesc>The title of the document. Click this link to view the actual document.</propdesc>
			</property>
			<property>
				<propvalue>Jurisdiction</propvalue>
				<propdesc>The jurisdiction associated with the document.</propdesc>
			</property>
			<property>
				<propvalue>Court</propvalue>
				<propdesc>The court associated with the document.</propdesc>
			</property>

			<property>
				<propvalue>Date</propvalue>
				<propdesc>The date of the results.</propdesc>
			</property>
			<property>
				<propvalue>
					<image href="Triangleleft.png" alt="Previous" placement="inline"/> n - n <image href="Triangleright.png" alt="Next" placement="inline"/></propvalue>
				<propdesc>Click the right or left arrow to display the previous or next group of alerts in your list.</propdesc>
			</property>			
		</properties>



	</refbody>
</reference>