<?xml version="1.0" encoding="UTF-8"?>
<!DOCTYPE reference PUBLIC "-//IBM//DTD DITA Composite//EN" "c:/dtd/ditabase.dtd">
<reference id="annovieweditips" otherprops="annovieweditips">
	<title>View, Edit, Delete Annotation Page</title>
	<prolog>
		<author>Barb Bruns</author>
		<author>Christina Stommel (GDSI Release)</author>
		<copyright>
			<copyryear year="2007"/>
			<copyrholder>Lexisnexis</copyrholder>
		</copyright>
		<critdates>
			<created date="2009-12-29"/>
		</critdates>
		<metadata>
			<prodinfo>
				<prodname>Lexis Advance</prodname>
				<vrmlist>
					<vrm version="1"/>
				</vrmlist>
			</prodinfo>
		</metadata>
	</prolog>
	<refbody>
		<section>
			<p>This form allows you to view, edit, or delete a note you stored with a document.</p>
		</section>
		<properties>		
			<property>
				<propvalue>Notes text box</propvalue>
				<propdesc>Shows the text box where you can make the changes to the text of your annotation. Your annotation can be up to 4,000 characters and be formatted to appear bold, underlined, or italicized.</propdesc>
				</property>
<property>
				<propvalue><image href="pencil.png" alt="Edit" placement="inline"/></propvalue>
				<propdesc>Click this to edit an existing note.</propdesc>
				</property>
				<property>
			<propvalue>Highlight color</propvalue>
			<propdesc>To change the color of the annotation highlight, select the new color.</propdesc>
			</property>			
			<property>
			<propvalue>Edit Highlight</propvalue>
			<propdesc>Select this to change the highlight you've assigned to the text you've annotated. Then reapply the highlighting to the text in the document.</propdesc>
			</property>
			<property>
			<propvalue>Allow recipients to view your note</propvalue>
			<propdesc>If this is a shared document, and you want the note to be visible to the other users you have shared it with, select this checkbox.</propdesc>
			</property>
			<property>
				<propvalue>Delete Annotation</propvalue>
				<propdesc>Select the trash can icon (<image href="trashcan.png" alt="Delete" placement="inline"/>) to delete the icon. Then confirm the action.</propdesc>
			</property>	

		</properties>
	</refbody>
</reference>