<?xml version="1.0" encoding="UTF-8"?>
<!DOCTYPE reference PUBLIC "-//IBM//DTD DITA Composite//EN" "c:/dtd/ditabase.dtd">
<reference id="annocreatetips" otherprops="annocreatetips">
	<title>Create Annotation Page</title>
	<prolog>
		<author>Barb Bruns</author>
		<author>Christina Stommel (GDSI Release)</author>
		<copyright>
			<copyryear year="2007"/>
			<copyrholder>Lexisnexis</copyrholder>
		</copyright>
		<critdates>
			<created date="2009-12-29"/>
		</critdates>
		<metadata>
			<prodinfo>
				<prodname>Lexis Advance</prodname>
				<vrmlist>
					<vrm version="1"/>
				</vrmlist>
			</prodinfo>
		</metadata>
	</prolog>
	<refbody>
		<section>
			<p>Use this form to make notes in a document stored in one of your folders and save them to view later.</p>
		</section>
		<properties>
			<!--property>
				<propvalue>Selected Text</propvalue>
				<propdesc>The text you selected (and that your annotation will be attached to) is displayed here.</propdesc>
			</property-->
			<property>
				<propvalue>Notes text box</propvalue>
				<propdesc>Enter the text of your note (up to 4,000 characters) in this box. Use the formatting buttons above the box to apply bolding, underlining, or italics to the text. </propdesc>
			</property>
			<property>
			<propvalue>Choose your highlight color</propvalue>
			<propdesc>Select the color you want to use to highlight the text you are annotating.</propdesc>
			</property>
			<property>
			<propvalue>Allow recipients to view your note</propvalue>
			<propdesc>If this is a shared document, and you want your note to be visible to the other users you have shared it with, select this checkbox.</propdesc>
			</property>
		</properties>
	</refbody>
</reference>