<?xml version="1.0"?>
<!DOCTYPE reference PUBLIC "-//IBM//DTD DITA Composite//EN" "c:/dtd/ditabase.dtd">
<reference id="areatips" otherprops="urlapi" audience="res;urlapi">
	<title>Open a Specific Area</title>
	<prolog>
		<author>Barb Bruns</author>
		<copyright>
			<copyryear year="2009"/>
			<copyrholder>LexisNexis</copyrholder>
		</copyright>
		<critdates>
			<created date="2012-10-18"/>
		</critdates>
		<metadata>
			<prodinfo>
				<prodname>Lexis Advance® URL API</prodname>
				<vrmlist>
					<vrm version="1"/>
				</vrmlist>
			</prodinfo>
		</metadata>
	</prolog>
	<refbody>
		<section>
		<note conref="urlapi_group_ref.xml#urlapi_group_ref/urlapinote"/>
		<p>Use the <uicontrol>area</uicontrol> parameter to indicate the area of a specific product (such as <ph keyref="lpanamefirst"/> or LexisNexis&#174; Practical Guidance) to open. If you don't specify an area, your default practice area appears. Use the <uicontrol>area</uicontrol> parameter with the <uicontrol>context</uicontrol> parameter to specify your product. For a list of values that can be used with the context parameter, see <xref href="contextips.xml" scope="peer"/></p>
		<note>Currently, only the contexts <ph keyref="lpaname"/> or LexisNexis&#174; Practical Guidance support using the <uicontrol>area</uicontrol> parameter.</note>
		
<p>The area parameter is optional.</p>
<p>For a list of areas and the values to use for the parameter, see <xref href="areavalues_ref.xml" scope="peer">Values for the Area Parameter</xref>.</p>

<p><b>URL Template</b></p>
<p>http://advance.lexis.com/api/practice/home?{context}&amp;<b>{area}</b></p>

<example>http://advance.lexis.com/api/practice/home?context=1000522&amp;<b>area=1013004</b></example>
</section>


		<properties>
			<prophead>
				<propvaluehd>Value</propvaluehd>
				<propdeschd>Description</propdeschd>
			</prophead>
			<property>
				<propvalue>practice</propvalue>
				<propdesc>Indicates the user wants to open a practice area.</propdesc>
			</property>
			<property>
				<propvalue>home</propvalue>
				<propdesc>Indicates the user wants to open the practice area home page.</propdesc>
			</property>
			<property>
				<propvalue>context</propvalue>
				<propdesc>Indicates the user wants to open the <ph keyref="lpaname"/> context.</propdesc>
			</property>
			<property>
				<propvalue>area</propvalue>
				<propdesc><p>Query parameter that specifies the user's practice area.</p>
				<example><b>area</b>=1013004</example>
				</propdesc>
			</property>
		</properties>
	</refbody>
</reference>