<?xml version="1.0" encoding="UTF-8"?>
<!DOCTYPE reference PUBLIC "-//IBM//DTD DITA Composite//EN" "c:/dtd/ditabase.dtd">
<reference id="attachprintips" otherprops="attachprintips">
	<title>Print Page</title>	
	<!-- there are UI controls in this topic that were in the 4.2 wireframes but never appeared in the actual product. I left them in in case they surfaced some day.-->
	<prolog>
		<author>Barb Bruns</author>
		<author>Christina Stommel</author>		
		<copyright>
			<copyryear year="2007"/>
			<copyrholder>Lexisnexis</copyrholder>
		</copyright>
		<critdates>
			<created date="2006-10-25"/>
			<revised modified="2013-09-20"/>
		</critdates>
		<metadata>
			<prodinfo>
				<prodname>Lexis Advance</prodname>
				<vrmlist>
					<vrm version="1"/>
				</vrmlist>
			</prodinfo>
		</metadata>
	</prolog>
	<refbody>
	<section>
	<note type="caution">To have documents automatically printed when using Internet Explorer 8, you must first install Adobe Reader. Visit <xref href="https://get.adobe.com/reader/" scope="external">https://get.adobe.com/reader/</xref> to download the latest version.</note>
	</section>
	
		<section>	
		<p>You can print either your results list or an individual document. To do this, provide the information for each tab of the <uicontrol>Print</uicontrol> dialog box. Details about each item on the dialog box are provided below. </p>	
		<note type="note">Different options may be available depending on what type of document you are printing.</note>	
		</section>
		<properties>
			<property id="title">
				<propvalue>Selected Documents (<i>n</i>) tab</propvalue>
				<propdesc>The document titles of the documents you selected to print. If you want to remove any documents before printing them, you can either clear individual documents, or click <uicontrol>Select: None</uicontrol>.</propdesc>
			</property>

			<property id="printoptions">
				<propvalue>Basic Options tab</propvalue>
				<propdesc>
					<dl>						
							<dlentry>
							<dt>What do you want to print?</dt>
							<dd>Select one of the following options:
								<ul>
									<li><uicontrol>Full documents (n)</uicontrol> - Select this to print all the documents you selected.
									<note type="note">Select <uicontrol>Include document attachments, where available</uicontrol> to also include any attached documents associated with the items you are printing. See <xref href="deliverattachments_hdi.xml" scope="peer"/> for details.</note>
									</li>
									<li><uicontrol>Full document attachments only (where available)</uicontrol> - If any documents you want to print contain attachments, you can choose to print only those attachments (and not the related documents). </li>						
									<li><uicontrol>Results list for &lt;Content Type&gt;</uicontrol> - Select this to print the results list (not the documents themselves), and then enter the specific results you want delivered. You can download 250 of the first 1,000 results.
									<note type="note">Public Records delivers up to 200 consecutive as well as non-consecutive items; not 250.</note>
									<note type="note">Select <uicontrol>Include the graphical view of search terms (PDF only)</uicontrol> to include a graph that shows the location and distribution of each of your search terms in each of your results.</note></li>	
									<li><uicontrol>Litigation Profile Suite report for &lt; Name&gt;</uicontrol> - Select this, followed by either <uicontrol>All charts and graphs with results list</uicontrol> to print both the items from the results list you specify as well as the charts and graphs associated with the profile, or <uicontrol>Charts and graphs only</uicontrol> to print just the charts and graphs. If you choose to deliver the results list, you can select any number or combination of results up to 250 total. (<ph keyref="lpsname"/> users only.)</li>
									<li><uicontrol>Verdict &amp; Settlement Analyzer report for &lt; search term&gt;</uicontrol> - Select this, followed by either <uicontrol>All charts and graphs with results list</uicontrol> to print both the items from the results list you specify as well as the charts and graphs associated with the search, or <uicontrol>Charts and graphs only</uicontrol> to print just the charts and graphs. If you choose to deliver the results list, you can select any number or combination of results up to 250 total. (<ph keyref="vsaname"/> users only.)</li>


								</ul>
							</dd>
						</dlentry>
						<dlentry>
							<dt>Printer type</dt>
							<dd>Select one of the following options:
							<note type="note">Depending on your default printer selection, you may be prompted with other options for delivering the document. For example, if you have specified Microsoft XPS Document Writer as your default printer, you will be prompted to save the document, which you can then print. </note>
							<ul>
							<li>Attached printer - The documents will be printed on your attached printer.</li>
							<li>LexisNexis&#xAE; printer - The document will be printed using the LexisNexis print utility, which streamlines the print and download request process.</li></ul>
							</dd>
							
							</dlentry>
							</dl>							
				</propdesc>
			</property>


			<property>
				<propvalue>Formatting Options tab</propvalue>
				<propdesc>
					<dl>
						<dlentry>
							<dt>Include the following in the delivered document:</dt>
							<dd>
							<ul>
							<li><uicontrol>Cover page</uicontrol> - Select this if you want an introductory cover page as the first page in your document.</li>
							<li><uicontrol>LexisNexis&#xAE; logo</uicontrol> - Select this if you want <ph keyref="companyfirst"/> branding in your printed document attachment.</li>
							<li><uicontrol>First and last name on cover page and within footer</uicontrol> - Select this to include both your first name and last name on the cover page and in the footer of your documents.</li>
							<!--li><uicontrol>Reporter page numbers in document</uicontrol> - Include the page numbers from the reporter in the document.</li-->
							<li><uicontrol>Page numbering in document</uicontrol> - Select a position for the page number from the related options.</li>
							<li><uicontrol>Embedded references as links</uicontrol> - Select to embed citations and other references within the document and hyperlink them. (Select <uicontrol>Italicize embedded legal citations</uicontrol> if you want the embedded legal cites to appear in italic type in your documents).</li>
							<li><uicontrol>Users' annotations, highlights, and notes</uicontrol> - Select to include document markup from the user, and then specify what type of markup you want included: edits from all users (including your own) or just edits made by others (and not you).</li>
							<!--li><uicontrol>Shared properties</uicontrol> - Select this to include any of the document's shared properties within the document.</li-->
							</ul></dd>
						</dlentry>						
						<dlentry>
							<dt>Font type</dt>
							<dd>Select the font to use in your documents.
							<note type="tip">The <uicontrol>Times New Roman</uicontrol> font is best for cases, statutory materials, and any long documents that are typically read in printed form. <uicontrol>Courier</uicontrol> is best for tables and other types of content that don't display well with varying font widths.</note></dd>
						</dlentry>
						<dlentry>
							<dt>Font size</dt>
							<dd>Select the desired font size for your documents.</dd>
						</dlentry>
						<dlentry>
							<dt>Line spacing</dt>
							<dd>Choose either single or double spacing for your documents.
								<note type="note">
									<ul>
										<li>Double-spacing is not recommended for documents using dual column format.</li>
										<li>Double-spacing is not applied to tables, case citations, or spreadsheets.</li>					
									</ul>
								</note>
							</dd>
						</dlentry>
						<dlentry>
							<dt>Styling</dt>
							<dd>							
							<ul>
							<li><uicontrol>Bold search terms</uicontrol> - Select this if you want pagination to appear in bold type in your documents.</li>
							<li><uicontrol>Italicize search terms</uicontrol> - Select this if you want your search terms to appear in italic type in your documents.</li>
							<li><uicontrol>Underline search terms</uicontrol> - Select this if you want your search terms underlined.</li>
							<li><uicontrol>Bold reporter page numbers</uicontrol> - Select this if you want page numbers from the associated reporter to appear in bold type.</li>
							</ul>
							</dd>													
						</dlentry>						
					</dl>
				</propdesc>
			</property>

			<property>
				<propvalue>Content-Specific Options tab</propvalue>
				<propdesc>
					<dl>
						<dlentry>
					<dt>Statutes</dt>
					<dd>Select <uicontrol>Include annotations</uicontrol> to include any annotations that are associated with the statutes.</dd>
					</dlentry>

					<dlentry>
					<dt>Deliver full case document</dt>
					<dd>Select this option to deliver the full case document, along with the following options:
					<ul>
					<li><uicontrol>Show Shepard's Signal&#153; indicators</uicontrol> - Select this to include the Shepard's Signal indicator symbol next to cites in the document. These indicators help you understand whether the cite references "good law". </li>
					<li><uicontrol>Show Headnotes</uicontrol> - Select this to include the headnotes for the case with each document.</li>
					<li><uicontrol>Show Core Terms</uicontrol> - Select this to include the core terms for the case with each document.</li>
					<li><uicontrol>Show Case Summary</uicontrol> - Select this to include the case summary with each document.</li>
					</ul></dd></dlentry>

					<dlentry>
					<dt>Deliver Case Summary only</dt>
					<dd>Choose this option to deliver only the case summary.
					<note type="note">If no case summary for a delivered document exists, the document will be delivered instead.</note></dd>
					</dlentry>

					<dlentry>
					<dt>Number of Columns</dt>
					<dd>Choose one of the following: 
								<ul>
									<li><uicontrol>Dual</uicontrol> - Select this to save case law documents in dual column format.</li>
									<li><uicontrol>Single</uicontrol> - Select this to save documents formatted in a single column.</li>
								</ul>
							</dd>
						</dlentry>		

						<!--dlentry>
							<dt>Show <ph keyref="shepsignalsingularfirst"/></dt>
							<dd>Select this to include the <ph keyref="shepsignalsingular"/> with each document.</dd>
						</dlentry-->					
						
						<!--dlentry>
						<dt>Forms</dt>
						<dd>
						<ul>
						<li><uicontrol>Include published annotations and comments</uicontrol> - For forms that are annotated, select this to include the annotations.</li>
						<li><uicontrol>Include footnotes and margin notes</uicontrol> </li>
						</ul></dd></dlentry-->

						<dlentry>
						<dt>Secondary Materials</dt>
						<dd><uicontrol>Include annotations</uicontrol> - For secondary materials that are annotated, select this to include the annotations in the printed document.</dd>
						<dd><uicontrol>Include video transcripts</uicontrol> - Some practice guides include instructional videos. Select this option to include the written transcripts for these videos in your delivery.</dd></dlentry>

						<dlentry>
						<dt>Include classification information, like language, publication type, and subject keywords</dt>
						<dd>Select this option to include metadata about the news article and how it was categorized.</dd>
						</dlentry>

						<dlentry>
						<dt>Statutes</dt>
						<dd><uicontrol>Include published annotations</uicontrol> - For statutes that are annotated, select this to include the annotations.</dd></dlentry>				
						
						</dl>
				</propdesc>
			</property>

			<property id="OK">
				<propvalue>Print</propvalue>
				<propdesc>Click this to print your documents.</propdesc>
			</property>
			<property id="cancel">
				<propvalue>Cancel</propvalue>
				<propdesc>Click this to return to your search results without printing your documents.</propdesc>
			</property>
		</properties>

	</refbody>
</reference>