<?xml version="1.0" encoding="UTF-8"?>
<!DOCTYPE reference PUBLIC "-//IBM//DTD DITA Composite//EN" "c:/dtd/ditabase.dtd">
<reference id="attachdownloadfullreporttips" otherprops="attachdownloadfullreporttips">
	<title>Download a Full Report Page</title>	
	<prolog>
		<author>Paul Claggett</author>		
		<copyright>
			<copyryear year="2017"/>
			<copyrholder>Lexisnexis</copyrholder>
		</copyright>
		<critdates>
			<created date="2017-06-13"/>
		</critdates>
		<metadata>
			<prodinfo>
				<prodname>Lexis Advance</prodname>
				<vrmlist>
					<vrm version="1"/>
				</vrmlist>
			</prodinfo>
		</metadata>
	</prolog>
	<refbody>
	<section>	
	<p>Use the buttons and boxes on the left side of this page to select the results and result format you want to include in your report. Use the boxes and buttons on the right side of the page to select your report cover sheet and page numbering options. 
	</p>
	<p>If you want to change the name of your report, click to activate a cursor in the box next to <uicontrol>Filename</uicontrol>. You can highlight the default file name and overwrite it with the name you want to use, or you can use your backspace key to delete the default text, so you can enter a new name.</p>
	<p>When you are done setting your options, click <uicontrol>Download</uicontrol> to compile and download your report.</p>
		<note>The download process can take a few minutes.</note>
	
	
    </section>		
	</refbody>
</reference>
