<?xml version="1.0" encoding="UTF-8"?>
<!DOCTYPE reference PUBLIC "-//IBM//DTD DITA Composite//EN" "c:/dtd/ditabase.dtd">
<reference id="attachdownloadtips" otherprops="attachdownloadtips">
	<title>Download Page</title>	
	<prolog>
		<author>Barb Bruns</author>
		<author>Christina Stommel</author>
		<author>Garth Lewis</author>		
		<copyright>
			<copyryear year="2007"/>
			<copyrholder>Lexisnexis</copyrholder>
		</copyright>
		<critdates>
			<created date="2006-10-25"/>
		</critdates>
		<metadata>
			<prodinfo>
				<prodname>Lexis Advance</prodname>
				<vrmlist>
					<vrm version="1"/>
				</vrmlist>
			</prodinfo>
		</metadata>
	</prolog>
	<refbody>
	<section>	
	<p>You can download either your results list or an individual document. To do this, provide the information for each tab of the <uicontrol>Download</uicontrol> dialog box. Details about each item on the dialog box are provided below. </p>
		
		
		<note type="note">
		<ul>
		<li>Different options may be available depending on what type of document you are downloading.</li>
		<li>To view a list of documents you have already downloaded, select the <uicontrol>History</uicontrol> drop-down list in the global navigation bar and view the <uicontrol>Research Map</uicontrol>.  Your document download is shown in the list of your activities (indicated using the type <uicontrol>Download</uicontrol>). Click this <uicontrol>Download</uicontrol> link and choose <uicontrol>Retrieve Items</uicontrol> from the <uicontrol>Actions</uicontrol> list to view your options for retrieving it.</li></ul>		
		</note>
		</section>
		<properties>
		
			<property id="title">
				<propvalue>Selected Documents (<i>n</i>) tab</propvalue>
				<propdesc>The document titles of the documents you selected to download. If you want to remove any documents before downloading them, you can either clear individual documents, or click <uicontrol>Select: None</uicontrol>.</propdesc>
			</property>
						
			<property>
				<propvalue>Basic Options tab</propvalue>
				<propdesc>
					<dl>						
						<dlentry>
							<dt>What do you want to download?</dt>
							<dd>Select one of the following options, depending on whether you're downloading a results list or documents:
								<ul>
									<li><uicontrol>Full documents (n)</uicontrol> - Select this to download all the documents you selected.
									<note type="note">Select <uicontrol>Include document attachments, where available</uicontrol> to also include any attached documents associated with the items you are downloading. See <xref href="deliverattachments_hdi.xml" scope="peer"/> for details.</note>									
									</li>						
									<li><uicontrol>Full document attachments only (where available)</uicontrol> - If any documents you want to download contain attachments, you can choose to download only those attachments (and not the related documents). </li>
									<li><uicontrol>Results list for &lt;Content Type&gt; </uicontrol> - Select this to download the results list (not the documents themselves), and then enter the specific results you want delivered. You can download up to 250 of the top 1,000 results.
									<note type="note">Public Records delivers up to 200 consecutive as well as non-consecutive items; not 250.</note>
									<note type="note">Select <uicontrol>Include the graphical view of search terms (PDF only)</uicontrol> to include a graph that shows the location and distribution of each of your search terms in each of your results.</note></li>									
									<li><uicontrol>Litigation Profile Suite report for &lt; Name&gt;</uicontrol> - Select this, followed by either <uicontrol>All charts and graphs with results list</uicontrol> to download both the items from the results list you specify as well as the charts and graphs associated with the profile, or <uicontrol>Charts and graphs only</uicontrol> to download just the charts and graphs. If you choose to deliver the results list, you can select any number or combination of results up to 250 total. (<ph keyref="lpsname"/> users only.)</li>
									<li><uicontrol>Verdict &amp; Settlement Analyzer report for &lt; search term&gt;</uicontrol> - Select this, followed by either <uicontrol>All charts and graphs with results list</uicontrol> to download both the items from the results list you specify as well as the charts and graphs associated with the search, or <uicontrol>Charts and graphs only</uicontrol> to download just the charts and graphs. If you choose to deliver the results list, you can select any number or combination of results up to 250 total. (<ph keyref="vsaname"/> users only.)</li>
									
								</ul>
							</dd>
						</dlentry>

						<dlentry>
							<dt>Document type</dt>
							<dd>Select the format in which you would like the documents to be downloaded.
								<ul>
									<li><uicontrol>Portable Document Format (.PDF)</uicontrol> - Downloads the documents in .pdf document. Files downloaded in .pdf format can be opened and viewed using a PDF viewer, such as Adobe® Acrobat Reader. (Acrobat Reader is an application that may be downloaded free if you do not already have it.)</li>
									<li><uicontrol>Microsoft Word-compatible (.DOCX)</uicontrol> - Downloads the documents in Microsoft Word 2007 format.<fn>Once the document is saved to disk and you are viewing it in Microsoft® Word, you can view any of the LexisNexis legal links in the footer by first double-clicking on the footer. Once you do this, the footer (along with the links in it) become active. From here, to open the corresponding web page, press Ctrl as you select the specific link you want to view.</fn></li>
									<li><uicontrol>WordPerfect-compatible (.WPD)</uicontrol> - Downloads the document in WordPerfect-compatible format. </li>
									<li><b><ph keyref="companyfirst"/> CaseMap</b> - Downloads the documents in <ph keyref="companyfirst"/> CaseMap format.
									<note type="note">If you are downloading documents in CaseMap format, any attachments associated with the documents will be ignored, even if you select to include attachments with the download.</note>
									</li>							
								</ul>
							</dd>
						</dlentry>

						<dlentry>
							<dt>When downloading multiple documents</dt>
							<dd>Select one of the following options:
								<ul>
									<li><uicontrol>Group and save documents as a single file</uicontrol> - Select this to format all the documents you selected into a single file.</li>
									<li><uicontrol>Save as individual files</uicontrol> - Select this to format each document you selected in separate files.</li>
								</ul>
							</dd>
						</dlentry>
						<dlentry>
							<dt>Compress files in .ZIP format</dt>
							<dd>Select this checkbox if you want to download the files in a compressed (ZIP) file format.
								<note type="tip">Compressed files take up less space on your computer's local drive. Files saved in ZIP format can be opened and viewed using any file compression application. You can search the Internet for a list of programs (both paid and free) you can use to do this.</note>
							</dd>
						</dlentry>												
						<dlentry>
							<dt>Filename</dt>
							<dd><p>Enter a filename for the downloaded file.</p>
							</dd>
						</dlentry>					
					</dl>
				</propdesc>
			</property>

			<property>
				<propvalue>Formatting Options tab</propvalue>
				<propdesc>
					<dl>
						<dlentry>
							<dt>Include the following in the delivered document:</dt>
							<dd>
							<ul>
							<li><uicontrol>Cover page</uicontrol> - Select this if you want an introductory cover page as the first page in your document.</li>
							<li><uicontrol>LexisNexis&#xAE; logo</uicontrol> - Select this if you want <ph keyref="companyfirst"/> branding in your downloaded document.</li>
							<li><uicontrol>First and last name on cover page and within footer</uicontrol> - Select this to include both your first name and last name on the cover page and in the footer of your documents.</li>
							<!--li><uicontrol>Reporter page numbers in document</uicontrol> - Include the page numbers from the reporter in the document.</li-->
							<li><uicontrol>Page numbering in document</uicontrol> - Select a position for the page number from the related options.</li>
							<li><uicontrol>Embedded references as links</uicontrol> - Select to embed citations and other references within the document and hyperlink them. (Select <uicontrol>Italicize embedded legal citations</uicontrol> if you want the embedded legal cites to appear in italic type in your documents).</li>
							<li><uicontrol>Users' annotations, highlights, and notes</uicontrol> - Select to include document markup from the user, and then specify what type of markup you want included: edits from all users (including your own) or just edits made by others (and not you).</li>
							<!--li><uicontrol>Shared properties</uicontrol> - Select this to include any of the document's shared properties within the document.</li-->
							</ul></dd>
						</dlentry>						
						<dlentry>
							<dt>Font type</dt>
							<dd>Select the font to use in your documents.
							<note type="tip">The <uicontrol>Times New Roman</uicontrol> font is best for cases, statutory materials, and any long documents that are typically read in printed form. <uicontrol>Courier</uicontrol> is best for tables and other types of content that don't display well with varying font widths.</note></dd>
						</dlentry>
						<dlentry>
							<dt>Font size</dt>
							<dd>Select the desired font size for your documents.</dd>
						</dlentry>
						<dlentry>
							<dt>Line spacing</dt>
							<dd>Choose either single or double spacing for your documents.
								<note type="note">
									<ul>
										<li>Double-spacing is not recommended for documents using dual column format.</li>
										<li>Double-spacing is not applied to tables, case citations, or spreadsheets.</li>										
									</ul>
								</note>
							</dd>
						</dlentry>
						<dlentry>
							<dt>Styling</dt>
							<dd>							
							<ul>
							<li><uicontrol>Bold search terms</uicontrol> - Select this if you want pagination to appear in bold type in your documents.</li>
							<li><uicontrol>Italicize search terms</uicontrol> - Select this if you want your search terms to appear in italic type in your documents.</li>
							<li><uicontrol>Underline search terms</uicontrol> - Select this if you want your search terms underlined.</li>
							<li><uicontrol>Bold reporter page numbers</uicontrol> - Select this if you want page numbers from the associated reporter to appear in bold type.</li>
							</ul>
							</dd>													
						</dlentry>						
					</dl>
				</propdesc>
			</property>			

			<property>
				<propvalue>Content-Specific Options tab</propvalue>
				<propdesc>
					<dl>
					<dlentry>
					<dt>Statutes</dt>
					<dd>Select <uicontrol>Include annotations</uicontrol> to include any annotations that are associated with the statutes.</dd>
					</dlentry>

					<dlentry>
					<dt>Deliver full case document</dt>
					<dd>Select this option to deliver the full case document, along with the following options:
					<ul>
					<li><uicontrol>Show Shepard's Signal&#153; indicators</uicontrol> - Select this to include the Shepard's Signal indicator symbol next to cites in the document. These indicators help you understand whether the cite references "good law". </li>
					<li><uicontrol>Show Headnotes</uicontrol> - Select this to include the headnotes for the case with each document.</li>
					<li><uicontrol>Show Core Terms</uicontrol> - Select this to include the core terms for the case with each document.</li>
					<li><uicontrol>Show Case Summary</uicontrol> - Select this to include the case summary with each document.</li>
					</ul></dd></dlentry>

					<dlentry>
					<dt>Deliver Case Summary only</dt>
					<dd>Choose this option to deliver only the case summary.
					<note type="note">If no case summary for a delivered document exists, the document will be delivered instead.</note></dd>
					</dlentry>

					<dlentry>
					<dt>Number of Columns</dt>
					<dd>Choose one of the following: 
								<ul>
									<li><uicontrol>Dual</uicontrol> - Select this to save case law documents in dual column format.</li>
									<li><uicontrol>Single</uicontrol> - Select this to save documents formatted in a single column.</li>
								</ul>
							</dd>
						</dlentry>						
						<!--dlentry>
						<dt>Forms</dt>
						<dd>
						<ul>
						<li><uicontrol>Include published annotations and comments</uicontrol> - For forms that are annotated, select this to include the annotations.</li>
						<li><uicontrol>Include footnotes and margin notes</uicontrol> </li>
						</ul></dd></dlentry-->

						<dlentry>
						<dt>Secondary Materials</dt>
						<dd><uicontrol>Include Annotations</uicontrol> - For secondary materials that are annotated, select this to include the annotations.</dd>
						<dd><uicontrol>Include video transcripts</uicontrol> - Some practice guides include instructional videos. Select this option to include the written transcripts for these videos in your delivery.</dd></dlentry>

						<dlentry>
						<dt>Statutes</dt>
						<dd><uicontrol>Include published annotations</uicontrol> - For statutes that are annotated, select this to include the annotations.</dd></dlentry>				
						<dlentry>
						<dt>Include classification information, like language, publication type, and subject keywords</dt>
						<dd>Select this option to include metadata about the news article and how it was categorized.</dd>
						</dlentry>
						
						</dl>
				</propdesc>
			</property>
			
			<property id="OK">
				<propvalue>Download</propvalue>
				<propdesc>Click this to download your documents.</propdesc>
			</property>
			<property id="cancel">
				<propvalue>Cancel</propvalue>
				<propdesc>Click this to return to your search results without downloading your documents.</propdesc>
			</property>
		</properties>

	</refbody>
</reference>