<?xml version="1.0"?>
<!DOCTYPE reference PUBLIC "-//IBM//DTD DITA Composite//EN" "c:/dtd/ditabase.dtd">
<reference id="browsetopictips" otherprops="urlapi" audience="probablyobsolete"><!--audience="res;urlapi"-->
	<title>Browse Topics Parameter</title>
	<prolog>
		<author>Barb Bruns</author>
		<copyright>
			<copyryear year="2009"/>
			<copyrholder>LexisNexis</copyrholder>
		</copyright>
		<critdates>
			<created date="2013-02-22"/>
		</critdates>
		<metadata>
			<prodinfo>
				<prodname>Lexis Advance™ URL API</prodname>
				<vrmlist>
					<vrm version="1"/>
				</vrmlist>
			</prodinfo>
		</metadata>
	</prolog>
	<refbody>
		<section>
		<note conref="urlapi_group_ref.xml#urlapi_group_ref/urlapinote"/>
			
			<p>Use this URL to display the list of topics in Lexis Advance™. Using the URL displays the same page that the <uicontrol>Browse Topics</uicontrol> link in the Lexis Advance application appears.</p>

<p><b>URL Template</b></p>
<p>http://advance.lexis.com/api/<b>topics</b></p>

			<example>http://advance.lexis.com/api/<b>topics</b></example>
		</section>
		<properties>
			<prophead>
				<propvaluehd>Value</propvaluehd>
				<propdeschd>Description</propdeschd>
			</prophead>

			<property>
				<propvalue>topics</propvalue>
				<propdesc>Directs to the list of topics</propdesc>
			</property>
		</properties>
	</refbody>
</reference>