<?xml version="1.0" encoding="UTF-8"?>
<!DOCTYPE reference PUBLIC "-//IBM//DTD DITA Composite//EN" "c:/dtd/ditabase.dtd">
<reference id="cbhourlyratestrendstips" otherprops="cbhourlyratestrendstips" audience="cb">
	<title>Hourly Rates Trends at a Glance Page</title>
	<prolog>
		<author>Robin Stubbart</author>
		<copyright>
			<copyryear year="2013"/>
			<copyrholder>Lexisnexis</copyrholder>
		</copyright>
		<critdates>
			<created date="2013-08-12"/>
		</critdates>
		<metadata>
			<prodinfo>
				<prodname>Lexis Advance</prodname>
				<vrmlist>
					<vrm version="1"/>
				</vrmlist>
			</prodinfo>
		</metadata>
	</prolog>
	<refbody>
		<section>
		<p>The <uicontrol>Hourly Rates Trends</uicontrol> page is designed to provide a longer-term view on trends of legal rates over time. The current version of <ph keyref="cbnamefirst"/> lets you sort this data by matter type only.  To accomplish this, the tool identifies common timekeepers across periods and calculates the change in their rate year over year. The metric shown is the average of those annual rate changes. The definitions on this page are the same as the definition used for the <uicontrol>Hourly Rates Comparison</uicontrol> page.</p>
		</section>

		<properties>
			<property>
				<propvalue>Hourly Rate</propvalue>
				<propdesc>Indicates the dollars per hour charged.</propdesc>
			</property>
			<property>
				<propvalue>Partner</propvalue>
				<propdesc>Indicates the number of dollars charged per hour by partners.</propdesc>
			</property>
			<property>
				<propvalue>Associate</propvalue>
				<propdesc>Indicates the rate charged per hour by legal associates.</propdesc>
			</property>
			<property>
				<propvalue>Paralegal</propvalue>
				<propdesc>Indicates the rate charged per hour by paralegals.</propdesc>
			</property>
			<property>
				<propvalue>&lt;Date Ranges&gt; Legend</propvalue>
				<propdesc>The differing colors in the Partner, Associate, and Paralegal columns are explained by the legend.</propdesc>
			</property>
			<property>
				<propvalue>Hourly Rates / Date Ranges</propvalue>
				<propdesc>The date ranges defined in the legend serve as column headings for each category of Timekeeper Level information.</propdesc>
			</property>
			<property>
				<propvalue>Timekeeper Level</propvalue>
				<propdesc>Partner, Associate, and Paralegal - corresponding to the columns in the Hourly Rate graph.</propdesc>
			</property>
		</properties>
	</refbody>
</reference>