<?xml version="1.0" encoding="UTF-8"?>
<!DOCTYPE reference PUBLIC "-//IBM//DTD DITA Composite//EN" "c:/dtd/ditabase.dtd">
<reference id="cbmattersbyafatips" otherprops="cbmattersbyafatips" audience="cb">
	<title>Alternative Fee Arrangements Page</title>
	<prolog>
		<author>Robin Stubbart</author>
		<copyright>
			<copyryear year="2013"/>
			<copyrholder>Lexisnexis</copyrholder>
		</copyright>
		<critdates>
			<created date="2013-08-12"/>
		</critdates>
		<metadata>
			<prodinfo>
				<prodname>Lexis Advance</prodname>
				<vrmlist>
					<vrm version="1"/>
				</vrmlist>
			</prodinfo>
		</metadata>
	</prolog>
	<refbody>
		<section>
			<p>This report is designed to provide a benchmark for how frequently alternative fee arrangements (AFAs) are being used. There are two metrics: 1) % of Matters - The number of matters that have an alternative fee charge divided by the total number of matters, and 2) % of Matter Cost - The charge amount of alternative fee charges divided by the total of all charges. </p>
			<p>Any matter set up in the CounselLink system as an alternative fee arrangement is included in this metric. This generally does not include standard discounts, but does include fixed fees, caps, and other forms of alternative billing. Additional checks have been put in place to ensure that even if matters have been registered as hourly but demonstrate characteristics of an AFA, then the system converts / counts those as AFAs.</p>
		</section>
	</refbody>
</reference>