<?xml version="1.0" encoding="utf-8"?>
<!DOCTYPE reference PUBLIC "-//IBM//DTD DITA Composite//EN" "c:/dtd/ditabase.dtd">
<reference id="changeclientIDtips" otherprops="changeclientIDtips" >
	<title>Change Client ID Page</title>
	<prolog>
		<author>Robin Stubbart</author>
		<copyright>
			<copyryear year="2011"/>
			<copyrholder>Lexisnexis</copyrholder>
		</copyright>
		<critdates>
			<created date="2011-07-06"/>
		</critdates>
		<metadata>
			<prodinfo>
				<prodname>Lexis Advance</prodname>
					<vrmlist>
					<vrm version="1"/>
				</vrmlist>
			</prodinfo>
		</metadata>
	</prolog>
	<refbody>
		<section>
			<p>This form appears when you have selected items for one client ID, but your current research is assigned to another ID</p>
		</section>
		<section id="different">
			<title>Current Research Assigned to a Different Client ID</title>
			<p>Use this page to specify which Client ID you want to use for your research.</p>
			<p>Your only choices on this page are to select either of the 2 buttons.</p>
		</section>
		<properties>
			<property>
				<propvalue>View this item using the current Client ID &lt;Client ID&gt;</propvalue>
				<propdesc>Click this link to use the currently selected Client ID for your research.</propdesc>
			</property>
			<property>
				<propvalue>View this item with &lt;Client ID #&gt;</propvalue>
				<propdesc>Click this link to start a new research session, which will close all of your open tabs. You can revisit your recent activities using History.</propdesc>
			</property>
			<!--<property conref="setclientIDtips.xml#setclientIDtips/cancel"/>-->
		</properties>
		<!--section id="undelivered">
			<title>Undelivered Items</title>
			<p>Use this page to complete delivery of your items OR to change the Client ID.</p>
		</section>
		<properties>
			<property>
				<propvalue>Deliver the items by selecting one of the selections below</propvalue>
				<propdesc>
					<ul>
						<li>Save to folder</li>
						<li>Download</li>
						<li>Email</li>
						<li>Print</li>
					</ul>
				</propdesc>
			</property>
			<property>
				<propvalue>Change the Client ID to &lt;&gt;</propvalue>
				<propdesc>Clicking this link will mean that you can no longer deliver the selected items  unless you:
					<ul>
						<li>Rerun the search</li>
						<li>Select the search from History</li>
					</ul>
				</propdesc>
			</property>
			<property conref="setclientIDtips.xml#setclientIDtips/cancel"/>
		</properties-->
	</refbody>
</reference>