<?xml version="1.0" encoding="UTF-8"?>
<!DOCTYPE reference PUBLIC "-//IBM//DTD DITA Composite//EN" "c:/dtd/ditabase.dtd">
<reference id="cibcasepulltips" otherprops="cib" audience="res">
	<title>CasePull™ Page</title>
	<prolog>
		<author>Barb Bruns</author>
		<copyright>
			<copyryear year="2007"/>
			<copyrholder>LexisNexis</copyrholder>
		</copyright>
		<critdates>
			<created date="2009-12-29"/>
		</critdates>
		<metadata>
			<prodinfo>
				<prodname>Lexis Advance</prodname>
				<vrmlist>
					<vrm version="1"/>
				</vrmlist>
			</prodinfo>
		</metadata>
	</prolog>
	<refbody>
		<section>
			<p>Use the CasePull™ page to retrieve legal documents in <ph keyref="prodname"/>, either by party name or by entering the document citations.</p>

			<ul>
			 <li>If you have the multiple citation CasePull™ page, you can retrieve up to 100 documents.</li>
			  <li>If you have the single citation page, you can retrieve or <ph keyref="shepardizefirst"/>a single document.</li>
			  </ul>
		</section>
		<section>
<title>By Citation</title>
</section>
		<properties>
			<property>
				<propvalue><p>Enter a citation or list of citations (maximum of 100) separated by semicolons (;) or on separate lines.</p> <note>If you have the single citation page, you can enter only one citation.</note> </propvalue>
				<propdesc><p>For example, enter <userinput>480 us 102;812 f.2d 911;69 n.j 123</userinput></p>
				<p>For a list of all <ph keyref="shepardsfirst"/> citations formats, see <xref href="https://web.lexis.com/help/research/shepardscitationformats_ref.htm" scope="external">Shepard's(R) Citation Format List</xref></p></propdesc>
			</property>
	<property>
				<propvalue>Clear</propvalue>
				<propdesc>Select this to remove any citations you entered.</propdesc>
			</property>		
<property>
				<propvalue>Get</propvalue>
				<propdesc>Select this to deliver your documents.</propdesc>
			</property>
<property>
				<propvalue><ph keyref="shepardizefirst"/></propvalue>
				<propdesc>Select this to <ph keyref="shepardize"/> your documents (available only on the single citation form).</propdesc>
			</property>
<property>
				<propvalue>Status of Request</propvalue>
				<propdesc>The status of your delivery appears here.  If a document cannot be delivered because of insufficient information or some other reason, you may have the opportunity to correct the problem from this box.</propdesc>
			</property>
		</properties>


							<section>
							<title>By Party Name</title>
							 <p>Use this to retrieve a case by party name.  You must enter at least one party name.</p>
							</section>
							<properties>
							<property>
							<propvalue>Party Name 1</propvalue>
							<propdesc>Enter the name of the first party.</propdesc>
							</property>
							<property>
							<propvalue>Party Name 2</propvalue>
							<propdesc>Enter the name of the second party if you know it.</propdesc>
							</property>
<property>
				<propvalue>Clear</propvalue>
				<propdesc>Select this to remove a party name you entered.</propdesc>
			</property>	
<property>
							<propvalue>Jurisdiction</propvalue>
							<propdesc>Select this to narrow your search to one or more jurisdictions.</propdesc>
							</property>
							<property>
							<propvalue>Category</propvalue>
							<propdesc>Select this to narrow your search to one or more categories.</propdesc>
							</property>
<property>
							<propvalue>Date Range</propvalue>
							<propdesc>Select this to enter a range of dates to narrow your search to.</propdesc>
							</property>
	
<property>
				<propvalue>Get</propvalue>
				<propdesc>Select this to retrieve your documents.</propdesc>
			</property>
<property>
				<propvalue><ph keyref="shepardize"/></propvalue>
				<propdesc>Select this to retrieve the <ph keyref="shepards"/> report for the citation you entered (available only on the single citation form).</propdesc>
			</property>
			<property>
				<propvalue>Status of Request</propvalue>
				<propdesc>The status of your delivery appears here.  If a document cannot be delivered because of insufficient information or some other reason, you may have the opportunity to correct the problem from this box.</propdesc>
			</property>
		</properties>
	</refbody>
</reference>