<?xml version="1.0" encoding="UTF-8"?>
<!DOCTYPE reference PUBLIC "-//IBM//DTD DITA Composite//EN" "c:/dtd/ditabase.dtd">
<reference id="cibgetadoctips" otherprops="cib">
	<title>Get a Document Page</title>
	<prolog>
		<author>Barb Bruns</author>
		<copyright>
			<copyryear year="2007"/>
			<copyrholder>LexisNexis</copyrholder>
		</copyright>
		<critdates>
			<created date="2015-10-19"/>
		</critdates>
		<metadata>
			<prodinfo>
				<prodname>Lexis Advance</prodname>
				<vrmlist>
					<vrm version="1"/>
				</vrmlist>
			</prodinfo>
		</metadata>
	</prolog>
	<refbody>
		<section>
			<p>Use the Get a Document pod to retrieve case law documents in <ph keyref="prodnamefirst"/>, either entering the document citation, by party name, or by docket number.</p> <note>The version of the Get a Document pod you are using may not have all the items that are described below.</note>

			</section>
		<section>
<title>By Citation</title>
</section>
		<properties>
			<property>
				<propvalue>Content type</propvalue>
				<propdesc>Select the content type from the drop-down list.</propdesc>
			</property>
	<property>
				<propvalue>Jurisdiction</propvalue>
				<propdesc>Select the jurisdiction from the drop-down list.  
				<note>The sources and citation formats available for the content type and jurisdiction you selected are displayed.  When you select one, a form is displayed for you to enter the citation in the proper format.</note></propdesc>
			</property>

			<property>
			<propvalue>Back to citation formats</propvalue>
			<propdesc>Select this to return to the list of formats to select a different one.</propdesc>
			</property>
						
<property>
				<propvalue>Get Document</propvalue>
				<propdesc>Select this to retrieve your documents.</propdesc>
			</property>
<property>
				<propvalue><ph keyref="shepardizefirst"/></propvalue>
				<propdesc>Select this to <ph keyref="shepardize"/> the citation (if available).</propdesc>
			</property>

		</properties>


							<section>
							<title>By Party Name</title>
							 <p>Use this to retrieve a case law document by party name.  You must enter at least one party name.</p>
							</section>
							<properties>
							<property>
							<propvalue>Party</propvalue>
							<propdesc>Enter the name of the first party.</propdesc>
							</property>
							<property>
							<propvalue>Party</propvalue>
							<propdesc>Enter the name of the second party if you know it.</propdesc>
							</property>

<property>
							<propvalue>Jurisdiction</propvalue>
							<propdesc>Select this to narrow your search to one or more jurisdictions.</propdesc>
							</property>
							
<property>
							<propvalue>Date</propvalue>
							<propdesc>Select this to narrow your search to a date or range of dates.</propdesc>
							</property>
	
<property>
							<propvalue>Get Document</propvalue>
							<propdesc>Select this to retrieve your document.</propdesc>
							</property>
		</properties>
<section>
							<title>By Docket Number</title>
							 <p>Use this to retrieve a case law document by docket number.</p>
							</section>
							<properties>
							<property>
							<propvalue>Docket Number</propvalue>
							<propdesc>Enter the docket number for the document you want.</propdesc>
							</property>
							<property>
							<propvalue>Docket formats</propvalue>
							<propdesc>Select this to see a list of docket formats.</propdesc>
							</property>

							<property>
							<propvalue>Jurisdiction</propvalue>
							<propdesc>Select this to narrow your search to one or more jurisdictions.</propdesc>
							</property>
							
							<property>
							<propvalue>Date</propvalue>
							<propdesc>Select a date or range of dates to narrow your search to.</propdesc>
							</property>
	
							<property>
							<propvalue>Get Document</propvalue>
							<propdesc>Select this to retrieve your document.</propdesc>
							</property>
	
		</properties>

	</refbody>
</reference>