<?xml version="1.0" encoding="UTF-8"?>
<!DOCTYPE reference PUBLIC "-//IBM//DTD DITA Composite//EN" "c:/dtd/ditabase.dtd">
<reference id="cibgetandprintips" otherprops="cib">
	<title>Get &amp; Print Page</title>
	<prolog>
		<author>Barb Bruns</author>
		<copyright>
			<copyryear year="2007"/>
			<copyrholder>LexisNexis</copyrholder>
		</copyright>
		<critdates>
			<created date="2009-12-29"/>
		</critdates>
		<metadata>
			<prodinfo>
				<prodname>Lexis Advance</prodname>
				<vrmlist>
					<vrm version="1"/>
				</vrmlist>
			</prodinfo>
		</metadata>
	</prolog>
	<refbody>
		<section>
			<p>Use the Get &amp; Print tool to email, print, or download legal documents or <ph keyref="shepardsfirst"/> reports.</p>
		</section>
		<properties>
			<property>
				<propvalue>Enter a citation or list of citations separated by semicolons (;) or on separate lines. You can enter up to 100 citations to retrieve documents only, or up to 25 citations if you include <ph keyref="shepards"/> reports.</propvalue>
				<propdesc><p>For example, enter <userinput>480 us 102;812 f.2d 911;69 n.j 123</userinput></p>
				<p>For a list of all <ph keyref="shepardsfirst"/> citations formats, see <xref href="https://web.lexis.com/help/research/shepardscitationformats_ref.htm" scope="external">Shepard's(R) Citation Format List</xref></p></propdesc>
			</property>
<property>
				<propvalue>Clear</propvalue>
				<propdesc>Select this to remove any citations you entered.</propdesc>
			</property>
			<property id="printoptions">
				<propvalue>Basic Options</propvalue>
				<propdesc>		
			<dl>
						<dlentry>
						<dt>Retrieve document</dt>
				<dd>Check this box to retrieve the case law document for each citation you entered.</dd>
			</dlentry>
<dlentry>
				<dt>Retrieve <ph keyref="shepards"/> Report</dt>
				<dd>Check this box to retrieve the <ph keyref="shepards"/> report for each citation you entered.</dd>
			</dlentry>

			<dlentry>
							<dt>Categories</dt>
							<dd>Select the categories you want to include on the <ph keyref="shepards"/> report.</dd>
						</dlentry>
<dlentry>
							<dt>Include <ph keyref="shepards"/> analysis</dt>
							<dd>Select the analyses you want to include on the <ph keyref="shepards"/> report.</dd>
						</dlentry>
						<dlentry>
						<dt>Other Citing Sources</dt>
						<dd>Select this to include other citing sources.</dd>
						</dlentry>
						<dlentry>
						<dt>Tables of Authorities</dt>
						<dd>Select this to include the <ph keyref="shepards"/> table of authorities with the report.</dd>
						</dlentry>
<dlentry>
				<dt>Delivery Type</dt>
				<dd>Select how you want the documents to be delivered (Print, Download, or Email).</dd>
			</dlentry>

<dlentry>
<dt>Use attached printer</dt>
<dd>Select this to print the documents on your attached printer.</dd>
</dlentry>
<dlentry>
							<dt>Use LexisNexis&#xAE; printer</dt>
							<dd>Select this to print the documents using the LexisNexis print utility, which streamlines the print and download request process.</dd>
							</dlentry>
			</dl>
			</propdesc>
			</property>
<property>
				<propvalue>Format Options (these options may differ slightly, depending on the type of delivery you select)</propvalue>
				<propdesc>
					<dl>
						<dlentry>
							<dt>Include these elements</dt>
							<dd>
							<ul>
							<li><uicontrol>Cover page</uicontrol> - Select this if you want an introductory cover page as the first page in your document.</li>
							<li><uicontrol>LexisNexis&#xAE; logo</uicontrol> - Select this if you want <ph keyref="companyfirst"/> branding in your printed document attachment.</li>
							<li><uicontrol>First and last name on cover page and within footer</uicontrol> - Select this to include both your first name and last name on the cover page and in the footer of your documents.</li>
							<!--li><uicontrol>Reporter page numbers in document</uicontrol> - Include the page numbers from the reporter in the document.</li-->
							<li><uicontrol>Page numbering in document</uicontrol> - Select a position for the page number from the related options.</li>
							<li><uicontrol>Embedded references as links</uicontrol> - Select to embed citations and other references within the document and hyperlink them. (Select <uicontrol>Italicize embedded legal citations</uicontrol> if you want the embedded legal cites to appear in italic type in your documents).</li>
<li><uicontrol>Display pagination in bold</uicontrol> - Select this if you want page numbers from the associated reporter to appear in bold type.</li>

							<!--li><uicontrol>Users' annotations, highlights, and notes</uicontrol> - Select to include document markup from the user, and then specify what type of markup you want included: edits from all users (including your own) or just edits made by others (and not you).</li-->
							<!--li><uicontrol>Shared properties</uicontrol> - Select this to include any of the document's shared properties within the document.</li-->
							</ul></dd>
						</dlentry>						
						<dlentry>
							<dt>Font type</dt>
							<dd>Select the font to use in your documents.
							<note type="tip">The <uicontrol>Times New Roman</uicontrol> font is best for cases, statutory materials, and any long documents that are typically read in printed form. <uicontrol>Courier</uicontrol> is best for tables and other types of content that don't display well with varying font widths.</note></dd>
						</dlentry>
						<dlentry>
							<dt>Font size</dt>
							<dd>Select the desired font size for your documents.</dd>
						</dlentry>
						<dlentry>
							<dt>Line spacing</dt>
							<dd>Choose either single or double spacing for your documents.
								<note type="note">
									<ul>
										<li>Double-spacing is not recommended for documents using dual column format.</li>
										<li>Double-spacing is not applied to tables, case citations, or spreadsheets.</li>					
									</ul>
								</note>
							</dd>
						</dlentry>
						<dlentry>
							<dt>Search Terms</dt>
							<dd>							
							<ul>
							<li><uicontrol>Bold search terms</uicontrol> - Select this if you want pagination to appear in bold type in your documents.</li>
							<li><uicontrol>Italicize search terms</uicontrol> - Select this if you want your search terms to appear in italic type in your documents.</li>
							<li><uicontrol>Underline search terms</uicontrol> - Select this if you want your search terms underlined.</li>
							
							</ul>
							</dd>													
						</dlentry>						
					</dl>
				</propdesc>
			</property>
			<property>
				<propvalue>Content-Specific Options</propvalue>
				<propdesc>
					<dl>
						<dlentry>
						<dt>Cases</dt>
						<dd><ul>
						<li><uicontrol>Include <i>Shepard's</i> Signal&#153; indicator</uicontrol> - Select this to include the <i>Shepard's</i> Signal indicator symbol next to cites in the documents. These indicators help you understand whether the cite references "good law". </li>
						<li><uicontrol>Include headnotes</uicontrol> - Select this to include the headnotes for the case with each document.</li>
						<li><uicontrol>Include core terms</uicontrol> - Select this to include the core terms for the case with each document.</li>
						<li><uicontrol>Include case summary</uicontrol> - Select this to include the case summary with each document.</li>
						<li><uicontrol>Number of Columns</uicontrol> - Choose one of the following: 
								<ul>
									<li><uicontrol>Single</uicontrol> - Select this to save documents formatted in a single column.</li>
									<li><uicontrol>Dual</uicontrol> - Select this to save case law documents in dual column format.</li>									
								</ul></li>
								</ul>
							</dd>
						</dlentry>

						<dlentry>
						<dt>Forms</dt>
						<dd>
						<ul>
						<li><uicontrol>Include published annotations and comments</uicontrol> - For forms that are annotated, select this to include the annotations.</li>
						<li><uicontrol>Include footnotes and margin notes</uicontrol> - For forms that contain footnote and margin notes, select this to include them.</li>
						</ul></dd>
						</dlentry>

						<dlentry>
						<dt>Secondary Materials</dt>
						<dd><uicontrol>Include Annotations</uicontrol> - For secondary materials that are annotated, select this to include the annotations.</dd></dlentry>

						<dlentry>
						<dt>Statutes</dt>
						<dd><uicontrol>Include published annotations</uicontrol> - For statutes that are annotated, select this to include the annotations.</dd>
						</dlentry>				
						
						</dl>
				</propdesc>
			</property>
			
<property>
				<propvalue>Get</propvalue>
				<propdesc>Select this to deliver your documents.</propdesc>
			</property>
<property>
				<propvalue>Status of Request</propvalue>
				<propdesc>The status of your delivery appears here.  If a document cannot be delivered because of insufficient information or some other reason, you may have the opportunity to correct the problem from this box.</propdesc>
			</property>
		</properties>
	</refbody>
</reference>