<?xml version="1.0" encoding="UTF-8"?>
<!DOCTYPE reference PUBLIC "-//IBM//DTD DITA Composite//EN" "c:/dtd/ditabase.dtd">
<reference id="cibtreatisetips" otherprops="cib" audience="res">
	<title><ph keyref="prodnamefirst"/> Treatises Page</title>
	<prolog>
		<author>Barb Bruns</author>
		<copyright>
			<copyryear year="2007"/>
			<copyrholder>LexisNexis</copyrholder>
		</copyright>
		<critdates>
			<created date="2009-12-29"/>
		</critdates>
		<metadata>
			<prodinfo>
				<prodname>Lexis Advance</prodname>
				<vrmlist>
					<vrm version="1"/>
				</vrmlist>
			</prodinfo>
		</metadata>
	</prolog>
	<refbody>
		<section>
			<p>Use the <ph keyref="prodnamefirst"/> Treatises page to select the sources you want to search. You can search for a source or just browse through the alphabetical list to find the one you want to use.</p>
					
		<p>Select a source name, then select <uicontrol>Add source as a search filter</uicontrol> to select it. A search box appears, showing the source you selected. When you have finished selecting sources, select a date restriction if available, enter your search terms and select the search icon (<image href="search.png" alt="Search all" placement="inline"/>).</p>
		<note>Source names displayed in orange are not within your subscription.  There is no charge to search in these sources, but there may be a charge for transactional documents you choose to view.</note>
		<p>The <ph keyref="prodname"/> treatises page your firm is using may or may not have all of the features described below.</p>
	</section>
		<properties>
			<property>
				<propvalue>Find a Source</propvalue>
				<propdesc>Enter the name or partial name of a source you want to use, and select <uicontrol>Find Source</uicontrol> to locate the source.</propdesc>
			</property>
			</properties>
			<section>
			<title>Listed by Practice Area</title>
			</section>
<properties>
			<property>
	<propvalue><image href="search.png" alt="Search all" placement="inline"/><b>+</b></propvalue>
				<propdesc>Click this to add all the sources for a Practice Area as a search filter.</propdesc>
				</property>
	
<property>
				<propvalue>Add source as a search filter</propvalue>
				<propdesc>Click this link under a source name to add it to your search.</propdesc>
			</property>
<property>
				<propvalue><image href="info.png" alt="Source Information" placement="inline"/></propvalue>
				<propdesc>Click this icon next to a source name to view information about the source.</propdesc>
			</property>
<property>
				<propvalue>Table of Contents</propvalue>
				<propdesc>Click this link under a source name to view the table of contents for the source.</propdesc>
			</property>
<property>
				<propvalue>Date Restriction</propvalue>
				<propdesc>Select a date restriction (if available on the search box) if desired.</propdesc>
				</property>
<property>
				<propvalue><image href="search.png" alt="Source Information" placement="inline"/></propvalue>
				<propdesc>Click this on the search box to start your search.</propdesc>
			</property>
<property>
				<propvalue>Clear all</propvalue>
				<propdesc>Click this to clear all your selections.</propdesc>
			</property>
		</properties>
	</refbody>
</reference>