<?xml version="1.0" encoding="UTF-8"?>
<!DOCTYPE reference PUBLIC "-//IBM//DTD DITA Composite//EN" "c:/dtd/ditabase.dtd">
<reference id="cl_docketrktips" otherprops="cl_docketrktips" audience="post7.2">
	<title>FIELD HELP TITLE</title>
	<prolog>
		<author>YOUR NAME</author>
		<copyright>
			<copyryear year="2007"/>
			<copyrholder>LexisNexis</copyrholder>
		</copyright>
		<critdates>
			<created date="2007-MM-DD"/>
		</critdates>
		<metadata>
			<prodinfo>
				<prodname>LexisNexis&#xAE; PRODUCT NAME</prodname>
				<vrmlist>
					<vrm version="1"/>
				</vrmlist>
			</prodinfo>
		</metadata>
	</prolog>
	<refbody>
		<section>
			<p>INTRODUCTORY PARAGRAPH.</p>
		</section>
		<properties>
			<property>
				<propvalue>FIELD 1</propvalue>
				<propdesc>DESCRIPTION OF FIELD 1.</propdesc>
			</property>
		</properties>
	</refbody>
</reference>