<?xml version="1.0"?>
<!DOCTYPE reference PUBLIC "-//IBM//DTD DITA Composite//EN" "c:/dtd/ditabase.dtd">
<reference id="collectiontips" otherprops="urlapi" audience="res;urlapi">
	<title>Search in a Specific Content Type</title>
	<prolog>
		<author>Barb Bruns</author>
		<copyright>
			<copyryear year="2009"/>
			<copyrholder>LexisNexis</copyrholder>
		</copyright>
		<critdates>
			<created date="2012-10-18"/>
		</critdates>
		<metadata>
			<prodinfo>
				<prodname>Lexis Advance™ URL API</prodname>
				<vrmlist>
					<vrm version="1"/>
				</vrmlist>
			</prodinfo>
		</metadata>
	</prolog>
	<refbody>
		<section>
		<note conref="urlapi_group_ref.xml#urlapi_group_ref/urlapinote"/>

		<p>Use the <uicontrol>collection</uicontrol> parameter to indicate the content type to search.  You can use multiple content types, separated by a period.  If you don't specify a content type, all content types are searched. </p>
		
<p>The collection parameter is optional. It is shown below in a URL using search terms.</p>

<p><b>URL Template</b></p>
<p>http://advance.lexis.com/api/search?{search-terms}&amp;<b>{collection}</b></p>
<example>http://advance.lexis.com/api/search?q=burden%20of%20proof&amp;<b>collection=cases.news</b></example>
</section>


		<properties>
			
			<prophead>
				<propvaluehd>Value</propvaluehd>
				<propdeschd>Description</propdeschd>
			</prophead>
			<property>
				<propvalue>search</propvalue>
				<propdesc>Indicates the user wants to run a search and view the results.</propdesc>
			</property>
			<property>
				<propvalue>{search-terms}</propvalue>
				<propdesc><p>Query parameter that contains the search syntax. Use <userinput>%20</userinput> in the URL to replace spaces between words in the search string. </p>
				<example><b>q</b>=breach%20of%20contract</example>
				</propdesc>
			</property>
			
			<property>
				<propvalue>{collection}</propvalue>
				<propdesc><p>Query parameter that specifies the content type (Optional). </p>
				<example><b>collection</b>=cases</example>
				<p>Possible values:</p>
					<dl>
<dlentry>
				<dt>cases</dt>
				<dd>Cases</dd>
			</dlentry>
			<dlentry>
				<dt>statutes-legislation</dt>
				<dd>Statutes and Legislation</dd>
			</dlentry>
			<dlentry>
				<dt>administrative-codes</dt>
				<dd>Administrative Codes and Regulations</dd>
			</dlentry>
<dlentry>
				<dt>administrative-materials</dt>
				<dd>Administrative Materials</dd>
			</dlentry>
<dlentry>
				<dt>analytical-materials</dt>
				<dd>Analytical Materials</dd>
			</dlentry>
<dlentry>
				<dt>forms</dt>
				<dd>Forms</dd>
			</dlentry>
<dlentry>
				<dt>briefs-pleadings-motions</dt>
				<dd>Briefs, Pleadings, and Motions</dd>
			</dlentry>
<dlentry>
				<dt>jury-instructions</dt>
				<dd>Jury Instructions</dd>
			</dlentry>
<dlentry>
				<dt>jury-verdicts-settlements</dt>
				<dd>Jury Verdicts and Settlements</dd>
			</dlentry>
<dlentry>
				<dt>expert-witness-analysis</dt>
				<dd>Expert Witness Analysis</dd>
			</dlentry>

<dlentry>
				<dt>dockets</dt>
				<dd>Dockets</dd>
			</dlentry>
<dlentry>
				<dt>directories</dt>
				<dd>Directories </dd>
			</dlentry>
<dlentry>
				<dt>news</dt>
				<dd>News</dd>
			</dlentry>
<dlentry>
				<dt>legalnews</dt>
				<dd>Legal News</dd>
			</dlentry>
<dlentry>
				<dt>scientific</dt>
				<dd>Scientific</dd>
			</dlentry>
<dlentry>
				<dt>company-financial</dt>
				<dd>Company and Financial</dd>
			</dlentry>
</dl>
</propdesc>
			</property>
		</properties>
	</refbody>
</reference>