<?xml version="1.0"?>
<!DOCTYPE reference PUBLIC "-//IBM//DTD DITA Composite//EN" "c:/dtd/ditabase.dtd">
<reference id="contextips" otherprops="urlapi" audience="res;urlapi">
	<title>Open a Specific Context</title>
	<prolog>
		<author>Barb Bruns</author>
		<copyright>
			<copyryear year="2009"/>
			<copyrholder>LexisNexis</copyrholder>
		</copyright>
		<critdates>
			<created date="2012-10-18"/>
		</critdates>
		<metadata>
			<prodinfo>
				<prodname>Lexis Advance URL API</prodname>
				<vrmlist>
					<vrm version="1"/>
				</vrmlist>
			</prodinfo>
		</metadata>
	</prolog>
	<refbody>
		<section>
		<note conref="urlapi_group_ref.xml#urlapi_group_ref/urlapinote"/>

		<p><ph keyref="prodnamefirst"/> supports a list of different experiences within the application. Include the context query parameter to open the Lexis Advance application to a specific context, such as Legal Research, Verdict &amp; Settlement Analyzer, MedMal Navigator, etc. </p>
		<p>A user must be entitled to an experience in order to use it.</p> 
<p> If a user accesses a URL API link containing a context value, and:</p>
<ul>
<li>The user is entitled to an experience, the application sets the experience to the value specified by the context.</li>
<li>The user is not entitled to that experience, the experience is set to the user’s preferred experience. If the user does not have a preferred experience, the experience is set to the first entitled experience associated with the user’s ID.</li>
</ul>

<p>If a user accesses a URL API link that does not contain a context value:</p>

 <ul>
<li>The experience is set to the user’s preferred experience.</li>
<li> If the user does not have a preferred experience, the experience is set to the first entitled experience associated with the user’s ID.</li>
</ul>
<p>The context parameter is optional. It is shown below in a URL that displays a user's list of alerts.</p>

<p><b>URL Template</b></p>
<p>http://advance.lexis.com/api/alert/myprofiles?<b>{context}</b></p>
<example>http://advance.lexis.com/api/alert/myprofiles?<b>context=1000516</b></example>
</section>


		<properties>
			<prophead>
				<propvaluehd>Value</propvaluehd>
				<propdeschd>Description</propdeschd>
			</prophead>

<property>
				<propvalue>alert</propvalue>
				<propdesc>Directs to the alerts feature.</propdesc>
			</property>
			
<property>
				<propvalue>myprofiles</propvalue>
				<propdesc>Directs to the list of all of your alerts.</propdesc>
			</property>

			<property>
				<propvalue>{context}</propvalue>
				<propdesc><p>Query parameter that indicates that the user wants to view results for a specific context (Optional).</p>
				  <example><b>context</b>=1000516</example>
				<p>Possible values:</p>
	
<dl>
			<dlentry>
				<dt>1000117</dt>
				<dd>Verdict &amp; Settlement Analyzer</dd>
			</dlentry>
			<dlentry>
				<dt>1000200</dt>
				<dd>Public Records</dd>
			</dlentry>
<dlentry>
				<dt>1000516</dt>
				<dd>U.S. Legal Research</dd>
			</dlentry>
			<dlentry>
				<dt>1000503</dt>
				<dd>Precision Searcher</dd>
			</dlentry>
<dlentry>
				<dt>1000522</dt>
				<dd>LexisNexis® Practice Advisor</dd>
			</dlentry>
			<dlentry>
				<dt>1000534</dt>
				<dd>MedMal Litigator</dd>
			</dlentry>
<dlentry>
				<dt>1201009</dt>
				<dd>LexisNexis® Practical Guidance</dd>
			</dlentry>
			<dlentry>
				<dt>1201008</dt>
				<dd>AU Legal Research</dd>
			</dlentry>
<dlentry>
				<dt>1000547</dt>
				<dd>Litigation Profile Suite</dd>
			</dlentry>
			</dl>
</propdesc>
			</property>
		</properties>
	</refbody>
</reference>