<?xml version="1.0" encoding="UTF-8"?>
<!DOCTYPE reference PUBLIC "-//IBM//DTD DITA Composite//EN" "c:/dtd/ditabase.dtd">
<reference id="copycitationtips" otherprops="copycitationtips" audience="res">
	<title>Copy Citation to Clipboard Page</title>
	<prolog>
		<author>Christina Stommel</author>
		<copyright>
			<copyryear year="2015"/>
			<copyrholder>Lexisnexis</copyrholder>
		</copyright>
		<critdates>
			<created date="2015-08-25"/>
		</critdates>
		<metadata>
			<prodinfo>
				<prodname>Lexis Advance</prodname>
				<vrmlist>
					<vrm version="1"/>
				</vrmlist>
			</prodinfo>
		</metadata>
	</prolog>
	<refbody>
		<section>
			<p>You can copy a document citation in the format you need, which you can then paste into a word processor or other document.  You can include the pinpoint cite, if any, and/or a section of text.</p>
			<p>If you wish, you can save the document citation as a link to the document.</p>
			<p>When you select <uicontrol>Copy Citation</uicontrol> next to the document citation at the top of a document, the <uicontrol>Copy Citation to Clipboard</uicontrol> dialog box appears with the document citation displayed. Refer to the table below for information about each item in the dialog box.</p>
			<p>&nbsp;</p>
		</section>
		<properties>
			<property>
				<propvalue>Current format</propvalue>
				<propdesc>Shows the format currently applied to the citation.</propdesc>
			</property>

			<property>
				<propvalue>New format</propvalue>
				<propdesc>
					<p>Select the citation format to follow from the drop-down list, and then click the <uicontrol>Apply</uicontrol> button to apply the formatting.</p>
					<note type="note">For source information for the formats that are listed, see <xref href="stylesourceinfo_ref.xml" scope="peer">Sources for Formats</xref></note>
				</propdesc>
			</property>		

			<property>
				<propvalue>Include these references</propvalue>
				<propdesc>After you click the <uicontrol>Apply</uicontrol> button to apply the citation format, this lists all the available types of reporters (Public domain, Official, National, and Other) for the format you select.  Clear the checkboxes for those you do not want to use.</propdesc>
			</property>

			<property>
				<propvalue>Copy citation as a hyperlink</propvalue>
				<propdesc>Select this to copy the citation as a hyperlink that you can paste into a document.</propdesc>
			</property>

			<property>
				<propvalue>Format case name</propvalue>
				<propdesc>Select whether you want to <uicontrol>Underline</uicontrol> or <uicontrol>Italicize</uicontrol> the case name when you paste the citation you are copying in the text editing application you are using.</propdesc>
			</property>

			<property>
				<propvalue>Include parallel citations</propvalue>
				<propdesc>Select this to include the parallel reporters in the citation.</propdesc>
			</property>

			<property>
				<propvalue>Preview</propvalue>
				<propdesc>The complete citation, formatted for all the available reporters, appears here.  As you clear the reporters you don't want to use, they are removed from the citation. Note that adding/removing reporters may result in changes to other parts of the citation.</propdesc>
			</property>

			<property>
				<propvalue>Copy &amp; Close / Close</propvalue>
				<propdesc>
				<note type="note">Depending on which browser you are using, you might be able to copy the text to the Windows clipboard by simply clicking the <uicontrol>Copy &amp; Close</uicontrol> button.  If this functionality isn't available, the button will simply say <uicontrol>Close</uicontrol>. If the button does <i>not</i> say <uicontrol>Copy</uicontrol>, use your browser's Copy tools to copy the text in the <uicontrol>Preview</uicontrol> box before clicking <uicontrol>Close</uicontrol>.</note></propdesc>
			</property>			
		</properties>
	</refbody>
</reference>