<?xml version="1.0" encoding="UTF-8"?>
<!DOCTYPE reference PUBLIC "-//IBM//DTD DITA Composite//EN" "c:/dtd/ditabase.dtd">
<reference id="dashboardtips" otherprops="dashboardtips" audience="precisionsearcher">
	<title>Dashboard Page</title>
	<prolog>
		<author>Barb Bruns</author>
		<copyright>
			<copyryear year="2007"/>
			<copyrholder>Lexisnexis</copyrholder>
		</copyright>
		<critdates>
			<created date="2009-12-29"/>
		</critdates>
		<metadata>
			<prodinfo>
				<prodname>Lexis Advance</prodname>
				<vrmlist>
					<vrm version="1"/>
				</vrmlist>
			</prodinfo>
		</metadata>
	</prolog>
	<refbody>
		<section>
			<p>When you open the dashboard page, you see the at-a-glance view, with the research activity at your firm shown in 4 views: User, Search Query, Sources Used, and Client ID.  You can display details for any of the views by selecting the label at the top of the page, or by selecting the expand icon in an individual view. You can also:</p>

			<ul>
				<li>Display details about any of the searches by selecting a value under <uicontrol># Searches</uicontrol>).</li>
				<li>Display the information in a bar graph or pie chart.</li>
				<li>Download the information to an Excel spreadsheet.</li>
				<li>Change the order of the items in each view from ascending to descending by selecting <uicontrol># Searches</uicontrol>.</li>
			</ul>
			<p>&nbsp;</p>
		</section>
		<properties>
			<!--prophead>
				<propvaluehd>Item</propvaluehd>
				<propdeschd>Description</propdeschd>
			</prophead-->
			<property>
				<propvalue>At a Glance</propvalue>
				<propdesc>Displays all 4 views (User, Search Query, Sources Used, and Client ID) on one screen.</propdesc>
			</property>
			<property>
				<propvalue>User</propvalue>
				<propdesc>Displays searches by user.</propdesc>
			</property>
			<property>
				<propvalue>Search Query</propvalue>
				<propdesc>Displays the search queries that have been used, with the most frequently used at the top of the list.</propdesc>
			</property>
			<property>
				<propvalue>Sources Used</propvalue>
				<propdesc>Displays the sources that have been used, with the most frequently used at the top of the list.</propdesc>
			</property>
			<property>
				<propvalue>Client ID</propvalue>
				<propdesc>Displays the Client IDs that searches have been assigned to, with the most frequently used at the top of the list.  &quot;None&quot; is displayed for searches that were not assigned to a client ID.</propdesc>
			</property>
			<property>
				<propvalue>
					<image href="ExportToExcel.png" alt="Export to Excel" placement="inline"/>
				</propvalue>
				<propdesc>Uploads the dashboard data to an Excel spreadsheet.</propdesc>
			</property>
			<property>
				<propvalue>Narrow By</propvalue>
				<propdesc>
					<p>If the dashboard displays a large amount of information, you can narrow it by using any of the filters in the <uicontrol>Narrow By</uicontrol> pane on the left side of your results.</p>

					<ul>
						<li>Use the <uicontrol>Date</uicontrol> filter to change the time frame for which the information is  shown.</li>

						<li>Use the other filters, (User, Search Query, Sources Used, and Client ID) to narrow your results to a specific user, search query, source, or client ID, while still showing the data broken out by the other values.</li>
						<li>Click <uicontrol>Reset dashboard to default state</uicontrol> to return the display to what it was before you made any <uicontrol>Narrow By</uicontrol> selections.</li>
					</ul>
				</propdesc>
			</property>
			<property>
				<propvalue>
					<image href="ListviewIcon.png" alt="List View" placement="inline"/>
				</propvalue>
				<propdesc>Displays the searches in a list. Click the down arrow to display the searches in a bar graph or pie chart.</propdesc>
			</property>
			<property>
				<propvalue>
					<image href="ExpandIcon.png" alt="Expand" placement="inline"/>
				</propvalue>
				<propdesc>Expands the view to a full page.  Click the collapse icon <image href="CollapseIcon.png" alt="Collapse" placement="inline"/> to return to the smaller view.</propdesc>
			</property>
			<property>
				<propvalue>
					<image href="Allicon.png" alt="All" placement="inline"/>
				</propvalue>
				<propdesc>Displays the entire list of searches for the time frame you selected in a scrollable list. Click <image href="TopTenIcon.png" alt="Top 10" placement="inline"/> to display the list of the 10 most frequently used searches.</propdesc>
			</property>
			<property>
				<propvalue>
					<image href="TopTenIcon.png" alt="Top 10" placement="inline"/>
				</propvalue>
				<propdesc>Displays the list of the 10 most frequently used searches.</propdesc>
			</property>
			<property>
				<propvalue>
					<image href="NumberOfSearches.png" alt="Number of Searches" placement="inline"/>
				</propvalue>
				<propdesc>Select this to change the order of the listed searches from ascending to descending (most frequently used to least frequently used) and back.</propdesc>
			</property>
		</properties>
	</refbody>
</reference>