<?xml version="1.0"?>
<!DOCTYPE reference PUBLIC "-//IBM//DTD DITA Composite//EN" "c:/dtd/ditabase.dtd">
<reference id="dbresulttips" otherprops="dbresulttips" audience="res7.6hidden">
	<title>D&amp;B Business Report Results</title>
	<prolog>		
		<author>Christina Stommel</author>
		<copyright>
			<copyryear year="2017"/>
			<copyrholder>Lexisnexis</copyrholder>
		</copyright>
		<critdates>
			<created date="2009-01-23"/>			
		</critdates>
		<metadata>
			<prodinfo>
				<prodname>Lexis Advance</prodname>
				<vrmlist>
					<vrm version="1"/>
				</vrmlist>
			</prodinfo>
		</metadata>
	</prolog>
	<refbody>
	<section>			
	<note type="note">This feature is available by subscription only. For more information, contact your LexisNexis representative.</note>
	<p>You can use the <ph keyref="prodnamefirst"/> Advanced Search Form to access business and non-business credit reports from Dun &amp; Bradstreet (D&amp;B). While viewing your results, you can see how much a specific report costs to purchase. Once you choose to purchase a report, you have 24 hours to download it. </p>
	<p>The results for a D&amp;B search appear in table format:</p>
	<simpletable>
	<sthead>
	<stentry>Option</stentry>
	<stentry>Description</stentry>
	</sthead>

	<strow>
	<stentry>Company column</stentry>
	<stentry>This lists the company name, followed by data that can help you more accurately identify the company. </stentry>
	</strow>

	<strow>
	<stentry>Type column</stentry>
	<stentry>This column shows the type of company the result is: headquarters, branch, subsidiary, and so forth.</stentry>
	</strow>

	<strow>
	<stentry>DUNS Number column</stentry>
	<stentry>This shows the DUNS number D&amp;B has assigned to the company</stentry>
	</strow>

	<strow>
	<stentry>Comprehensive Report column</stentry>
	<stentry>Click <uicontrol>Purchase</uicontrol> to get access to the Comprehensive Report.
	<p>&nbsp;</p>
	<p>The Comprehensive Report is an analytical tool that helps you assess new and existing business relationships where the large-dollar and long-term nature of the commitment pose a significant risk or opportunity to your business. This report combines D&amp;B's predictive scores with the value of business and payment information and helps you determine both the current profile and future outlook for an account. (Click the <uicontrol>Learn more</uicontrol> link in the column heading  to view additional information about this report type. Click <uicontrol>See example</uicontrol> to view a sample report.)</p></stentry>
	</strow>

	<strow>
	<stentry>Business Information Report column</stentry>
	<stentry>Click <uicontrol>Purchase</uicontrol> to get access to the Business Information Report.
	<p>&nbsp;</p>
	<p>The Business Information Report provides an overall profile of a company, including the registered names of a company (including its DBAs). It also provides information and analysis to help you evaluate a firm's operations, profitability, and stability. This report can provide payment information, banking, finance, public filings, special events, company history, and management history. (Click the <uicontrol>Learn more</uicontrol> link in the column heading to view additional information about this report type. Click <uicontrol>See example</uicontrol> to view a sample report.) </p></stentry>
	</strow>

		<strow>
	<stentry>Business Background Report column</stentry>
	<stentry>Click <uicontrol>Purchase</uicontrol> to get access to the Business Background Report.
	<p>&nbsp;</p>
	<p>The Business Background Report provides useful information on a company's history and operations as well as the business background of its management. It generally includes a business summary and special events section. (Click the <uicontrol>Learn more</uicontrol> link in the column heading to view additional information about this report type. Click <uicontrol>See example</uicontrol> to view a sample report.)</p>
	</stentry>
	</strow>

		<strow>
	<stentry>Price column</stentry>
	<stentry>Click <uicontrol>Check price</uicontrol> to view the pricing available for obtaining this report.</stentry>
	</strow>

	</simpletable>

<!--CS - May be supported in a later version <p>Once you have selected your report, you can deliver it by <xref href="attachprintips.xml" scope="peer">print</xref>, <xref href="attachdownloadtips.xml" scope="peer">download</xref>, or <xref href="attachemailtips.xml" scope="peer">email</xref>. You can also <xref href="myfolders_cpt.xml" scope="peer">save your research to your workfolder</xref> and <xref href="gh_history.xml" scope="peer">access it later from History</xref>.</p-->

</section>

		
	</refbody>
</reference>
