<?xml version="1.0"?>
<!DOCTYPE reference PUBLIC "-//IBM//DTD DITA Composite//EN" "c:/dtd/ditabase.dtd">
<reference id="dbsearchtips" otherprops="dbsearchtips" audience="res7.6hidden">
	<title>D&amp;B Business Report Search</title>
	<prolog>		
		<author>Christina Stommel</author>
		<copyright>
			<copyryear year="2017"/>
			<copyrholder>Lexisnexis</copyrholder>
		</copyright>
		<critdates>
			<created date="2009-01-23"/>			
		</critdates>
		<metadata>
			<prodinfo>
				<prodname>Lexis Advance</prodname>
				<vrmlist>
					<vrm version="1"/>
				</vrmlist>
			</prodinfo>
		</metadata>
	</prolog>
	<refbody>
	<section>			
	<note type="note">This feature is available by subscription only. For more information, contact your LexisNexis representative.</note>
	<p>Using the <ph keyref="prodnamefirst"/> Advanced Search Form, you can access business and non-business credit reports from Dun &amp; Bradstreet (D&amp;B). </p>
	<p>The following reports are available: </p>
	<ul>
<li><b>D&amp;B Business Information Report  (Global Coverage)</b> - The Business Information Report provides an overall profile of a company, including the registered names of a company (including its DBAs). It also provides information and analysis to help you evaluate a firm's operations, profitability, and stability. This report can provide payment information, banking, finance, public filings, special events, company history, and management history.   </li>
<li><b>D&amp;B Comprehensive Report</b> - The Comprehensive Report is an analytical tool that helps you assess new and existing business relationships where the large-dollar and long-term nature of the commitment pose a significant risk or opportunity to your business. This report combines D&amp;B's predictive scores with the value of business and payment information and helps you determine both the current profile and future outlook for an account. </li>
<li><b>D&amp;B Business Background Report</b> - The Business Background Report provides useful information on a company's history and operations as well as the business background of its management. It generally includes a business summary and special events section. </li>
</ul>
<!-- CS - Might be supported in a later version p>Once you have selected your report, you can deliver it by <xref href="attachprintips.xml" scope="peer">print</xref>, <xref href="attachdownloadtips.xml" scope="peer">download</xref>, or <xref href="attachemailtips.xml" scope="peer">email</xref>. You can also <xref href="myfolders_cpt.xml" scope="peer">save your research to your workfolder</xref> and <xref href="gh_history.xml" scope="peer">access it later from History</xref>.</p-->
<p>You can search using the following options:</p>
</section>
<properties>
<prophead>
<propvaluehd>Option</propvaluehd>
<propdeschd>Description</propdeschd>
</prophead>
<property>
<propvalue>By Name/Address</propvalue>
<propdesc>
<dl>
<dlentry>
<dt>Business Name</dt>
<dd>Enter the full name of the business. If you are using the business name as your primary search criteria, you must specify a country and a state to successfully complete the search.</dd>
</dlentry>
<dlentry>
<dt>Address/City/State/Zip Code/Country</dt>
<dd>Enter the information required to complete the search. (Optional fields are marked as such.)</dd>
</dlentry>
</dl></propdesc>
</property>
<property>
<propvalue>By telephone number</propvalue>
<propdesc>
<dl>
<dlentry>
<dt>Company telephone number (for U.S. businesses only)</dt>
<dd>If you know the telephone number of the company headquarters, enter it here. Use the format (country code, area code, prefix, etc.) that is appropriate for the target country.</dd>
</dlentry>
</dl></propdesc>
</property>
<property>
<propvalue>By D-U-N-S Number</propvalue>
<propdesc>
<dl>
<dlentry>
<dt>D-U-N-S number</dt>
<dd>Dun &amp; Bradstreet's unique 9-digit Data Universal Numbering System (D-U-N-S) number is internationally recognized as a global business identifier. If you know it, enter the full number here. </dd>
</dlentry>
</dl></propdesc>
</property>
</properties>
		
	</refbody>
</reference>
