<?xml version="1.0" encoding="UTF-8"?>
<!DOCTYPE reference PUBLIC "-//IBM//DTD DITA Composite//EN" "c:/dtd/ditabase.dtd">
<reference id="deliveryrangetips">
	<title>Delivering a Range of Results from a Results List</title>
	<prolog>
		<author>Christina Stommel</author>
		<copyright>
			<copyryear year="2015"/>
			<copyrholder>Lexisnexis</copyrholder>
		</copyright>
		<critdates>
			<created date="2015-07-05"/>
		</critdates>
		<metadata>
			<prodinfo>
				<prodname>Lexis Advance</prodname>
				<vrmlist>
					<vrm version="1"/>
				</vrmlist>
			</prodinfo>
		</metadata>
	</prolog>
	<refbody>
		<section>
			<p>When printing, downloading, emailing, or sending items from your search results list to Dropbox, you can deliver up to 250 consecutive as well as non-consecutive items. To do this, you can use dashes to connect consecutive results, and commas to connect non-consecutive results. Include spaces between each number.</p>	
			<note type="note">Public Records delivers up to 200 consecutive as well as non-consecutive items; not 250.</note>
			<p>For example:</p>
			<ul>
				<li>To deliver a consecutive range of results, enter something like the following: <userinput>5-186</userinput>.</li>
				<li>To deliver non-consecutive results, enter something like this: <userinput>1, 18, 20, 45</userinput>.</li>
				<li>To deliver a combination of both, enter something like: <userinput>1-15, 20, 22, 83-90, 201</userinput>.</li>
			</ul>
			<note type="note">This option will deliver just items listed in the results list, not the actual documents. Additionally, you must select results from only the top 1,000 results in the list.</note>
		</section>
	</refbody>
</reference>