<?xml version="1.0"?>
<!DOCTYPE reference PUBLIC "-//IBM//DTD DITA Composite//EN" "c:/dtd/ditabase.dtd">
<reference id="displayshepreportips" otherprops="urlapi" audience="res;urlapi">
	<title>Display a <i>Shepard's</i>® Report for a Specific Citation</title>
	<prolog>
		<author>Barb Bruns</author>
		<copyright>
			<copyryear year="2009"/>
			<copyrholder>LexisNexis</copyrholder>
		</copyright>
		<critdates>
			<created date="2012-10-18"/>
		</critdates>
		<metadata>
			<prodinfo>
				<prodname>Lexis Advance™ URL API</prodname>
				<vrmlist>
					<vrm version="1"/>
				</vrmlist>
			</prodinfo>
		</metadata>
	</prolog>
	<refbody>
		<section>
		<note conref="urlapi_group_ref.xml#urlapi_group_ref/urlapinote"/>
			
			<p>Use this URL to display a <ph keyref="shepardsfirst"/> Report for a specific citation. Your ID must be authorized for the <i>Shepard's</i>® Citation Service in order to view the report. </p>
<p><b>URL Template</b></p>
<p>http://advance.lexis.com/api/<b>shepards/citation?{cite-string}&amp;{context}</b></p>
<example>http://advance.lexis.com/api/<b>shepards/citation?cite=800%20f2d%20111&amp;context=1000516</b></example>
		</section>
		<properties>
			<prophead>
				<propvaluehd>Value</propvaluehd>
				<propdeschd>Description</propdeschd>
			</prophead>
			
			<property>
				<propvalue>shepards</propvalue>
				<propdesc>Directs to the <ph keyref="shepname"/>.</propdesc>
			</property>
			
<property>
				<propvalue>citation</propvalue>
				<propdesc>Indicates that the user wants to display a <ph keyref="shepards"/> Report for a specific citation.</propdesc>
			</property>
<property>
				<propvalue>{cite-string}</propvalue>
				<propdesc><p>Query parameter that contains the citation for the <ph keyref="shepards"/> Report.  Use <userinput>%20</userinput> in the URL to replace spaces in the citation.</p>
<example><b>cite</b>=800%20f2d%20111</example>
</propdesc>
			</property>
<property>
				<propvalue>{context}</propvalue>
				<propdesc><p>Query parameter that indicates that the user wants to view results in a specific context (Optional).</p>
				  <example><b>context</b>=1000516</example>
				  <p>For a list of values that can be used with the context parameter, see <xref href="contextips.xml" scope="peer"/></p></propdesc>
			</property>
		</properties>
	</refbody>
</reference>