<?xml version="1.0"?>
<!DOCTYPE reference PUBLIC "-//IBM//DTD DITA Composite//EN" "c:/dtd/ditabase.dtd">
<reference id="displayTOCtips" otherprops="urlapi" audience="res;urlapi">
	<title>Display a Table of Contents for a Specific Source</title>
	<prolog>
		<author>Barb Bruns</author>
		<copyright>
			<copyryear year="2009"/>
			<copyrholder>LexisNexis</copyrholder>
		</copyright>
		<critdates>
			<created date="2012-10-18"/>
		</critdates>
		<metadata>
			<prodinfo>
				<prodname>Lexis Advance™ URL API</prodname>
				<vrmlist>
					<vrm version="1"/>
				</vrmlist>
			</prodinfo>
		</metadata>
	</prolog>
	<refbody>
		<section>
			<note conref="urlapi_group_ref.xml#urlapi_group_ref/urlapinote"/>

			<p>Use this URL to display a table of contents (TOC) for a specific source. Contact your your <ph keyref="companyfirst"/> account representative to find out the value for the source for which you want the TOC.</p>
			<p>Not every source has a table of contents. If you specify a source that doesn't have a TOC, you'll see an error message.</p>  
<p><b>URL Template</b></p>
<p>http://advance.lexis.com/api/<b>toc/source/{source-id}</b></p>
<example>http://advance.lexis.com/api/<b>toc/source/source-id&#42;</b></example>
<p><b>&#42;</b> Please contact your account representative for a valid source value.</p>
<p></p>
		</section>
		<properties>
			<prophead>
				<propvaluehd>Value</propvaluehd>
				<propdeschd>Description</propdeschd>
			</prophead>
			
			<property>
				<propvalue>toc</propvalue>
				<propdesc>Directs to the table of contents.</propdesc>
			</property>
			
<property>
				<propvalue>source</propvalue>
				<propdesc>Indicates that the user wants to display the table of contents for a source.</propdesc>
			</property>
<property>
				<propvalue>{source-id}</propvalue>
				<propdesc><p>The identifier for a specific source. Contact your your <ph keyref="company"/> account representative to find out the value for the source for which you want the TOC.</p>
				<example><b>source</b>=source-id</example>
				</propdesc>
			</property>
		</properties>
	</refbody>
</reference>