<?xml version="1.0"?>
<!DOCTYPE reference PUBLIC "-//IBM//DTD DITA Composite//EN" "c:/dtd/ditabase.dtd">
<reference id="displayfolderlistips" otherprops="urlapi" audience="exclude"><!--audience="res;urlapi"-->
	<title>Display Your List of Folders</title>
	<prolog>
		<author>Barb Bruns</author>
		<copyright>
			<copyryear year="2009"/>
			<copyrholder>LexisNexis</copyrholder>
		</copyright>
		<critdates>
			<created date="2012-10-18"/>
		</critdates>
		<metadata>
			<prodinfo>
				<prodname>Lexis Advance™ URL API</prodname>
				<vrmlist>
					<vrm version="1"/>
				</vrmlist>
			</prodinfo>
		</metadata>
	</prolog>
	<refbody>
		<section>
		<note conref="urlapi_group_ref.xml#urlapi_group_ref/urlapinote"/>
			
			<p>Use this URL to display the list of your saved folders. </p>
<p><b>URL Template</b></p>
<p>http://advance.lexis.com/api/<b>folder/myfolders</b></p>
<example>http://advance.lexis.com/api/<b>folder/myfolders</b></example>
		</section>
		<properties>
			<prophead>
				<propvaluehd>Value</propvaluehd>
				<propdeschd>Description</propdeschd>
			</prophead>
			
			<property>
				<propvalue>folder</propvalue>
				<propdesc>Directs to the folder feature.</propdesc>
			</property>
			
<property>
				<propvalue>myfolders</propvalue>
				<propdesc>Directs to the list of all of your folders.</propdesc>
			</property>

		</properties>
	</refbody>
</reference>