<?xml version="1.0" encoding="utf-8"?>
<!DOCTYPE reference PUBLIC "-//IBM//DTD DITA Composite//EN" "c:/dtd/ditabase.dtd">
<reference id="docinvalidIDtips" otherprops="docinvalidIDtips">
	<title>Invalid Client ID Page</title>
	<prolog>
		<author>Robin Stubbart</author>
		<copyright>
			<copyryear year="2011"/>
			<copyrholder>Lexisnexis</copyrholder>
		</copyright>
		<critdates>
			<created date="2011-07-06"/>
		</critdates>
		<metadata>
			<prodinfo>
				<prodname>Lexis Advance</prodname>
				<vrmlist>
					<vrm version="1"/>
				</vrmlist>
			</prodinfo>
		</metadata>
	</prolog>
	<refbody>
		<section>
			<p>Use this page to set up a new Client ID or to select one from previously used Client IDs, when the Client ID you selected doesn't match the format set by your firm.</p>
		</section>
		<properties>
			<property>
				<propvalue>Most recent ten Client IDs</propvalue>
				<propdesc>Select a valid Client ID from the drop-down list.</propdesc>
			</property>
			<property conref="setclientIDtips.xml#setclientIDtips/clientid"/>
			<property conref="setclientIDtips.xml#setclientIDtips/researchdesc"/>
			<property conref="setclientIDtips.xml#setclientIDtips/ok"/>
			<property conref="setclientIDtips.xml#setclientIDtips/cancel"/>
		</properties>
		<section conref="setclientIDtips.xml#setclientIDtips/details"/>
	</refbody>
</reference>