<?xml version="1.0" encoding="utf-8"?>
<!DOCTYPE reference PUBLIC "-//IBM//DTD DITA Composite//EN" "c:/dtd/ditabase.dtd">
<reference id="docoutofplantips" otherprops="docoutofplantips" audience="exclude">
	<title>Out of Plan Page</title>
	<prolog>
		<author>Robin Stubbart</author>
		<copyright>
			<copyryear year="2011"/>
			<copyrholder>Lexisnexis</copyrholder>
		</copyright>
		<critdates>
			<created date="2011-07-06"/>
		</critdates>
		<metadata>
			<prodinfo>
				<prodname>Lexis Advance</prodname>
				<vrmlist>
					<vrm version="1"/>
				</vrmlist>
			</prodinfo>
		</metadata>
	</prolog>
	<refbody>
		<section>
			<p>Use this page to see a preview of a document before you pay to get it.</p>
		</section>
		<properties>
			<property>
				<propvalue>Heading information</propvalue>
				<propdesc>The document title, citation, Client ID, and associated fee are displayed.</propdesc>
			</property>
			<property>
				<propvalue>Preview paragraph</propvalue>
				<propdesc>(To see this paragraph if multiple documents were selected, select the <uicontrol>Show free preview</uicontrol> link.) A relevant paragraph is displayed.</propdesc>
			</property>
			<property>
				<propvalue>Get It Now!</propvalue>
				<propdesc>Click this button if you want to pay to retrieve the selected documents.</propdesc>
			</property>
			<!--property>
				<propvalue>Save (without charge) to a folder</propvalue>
				<propdesc>(This option is only available if a single document was selected.) Either select a folder from the drop-down list; or select <uicontrol>Create New Folder</uicontrol>, enter the new folder name, and select OK. Then select <uicontrol>Save</uicontrol>.</propdesc>
			</property-->
			<property>
				<propvalue>Cancel</propvalue>
				<propdesc>Click this button to return to the previous page.</propdesc>
			</property>
		</properties>
	</refbody>
</reference>