<?xml version="1.0" encoding="UTF-8"?>
<!DOCTYPE reference PUBLIC "-//IBM//DTD DITA Composite//EN" "c:/dtd/ditabase.dtd">
<reference id="edithighlightrangetips" otherprops="edithighlightrangetips">
	<title>Edit Highlight Range Page</title>
	<prolog>		
		<author>Christina Stommel (GDSI Release)</author>
		<copyright>
			<copyryear year="2014"/>
			<copyrholder>Lexisnexis</copyrholder>
		</copyright>
		<critdates>
			<created date="2014-09-29"/>
		</critdates>
		<metadata>
			<prodinfo>
				<prodname>Lexis Advance</prodname>
				<vrmlist>
					<vrm version="1"/>
				</vrmlist>
			</prodinfo>
		</metadata>
	</prolog>
	<refbody>
		<section>
		<p>Once you have applied highlighting to text in your document, you can change the boundaries (or range) of the highlight itself. To do this, select the <uicontrol>Edit Highlight Range</uicontrol> button, and then reapply the highlighting to the text in the document. </p>
		</section>		
	</refbody>
</reference>