<?xml version="1.0" encoding="utf-8"?>
<!DOCTYPE reference PUBLIC "-//IBM//DTD DITA Composite//EN" "c:/dtd/ditabase.dtd">
<reference id="editclientIDtips" otherprops="editclientIDtips">
	<title>Edit Client ID Page</title>
	<prolog>
		<author>Robin Stubbart</author>
		<copyright>
			<copyryear year="2011"/>
			<copyrholder>Lexisnexis</copyrholder>
		</copyright>
		<critdates>
			<created date="2011-07-06"/>
		</critdates>
		<metadata>
			<prodinfo>
				<prodname>Lexis Advance</prodname>
				<vrmlist>
					<vrm version="1"/>
				</vrmlist>
			</prodinfo>
		</metadata>
	</prolog>
	<refbody>
		<section>
			<p>Use this page to modify the Client ID and associated Research Description.</p>
		</section>
		<properties>
			<property conref="setclientIDtips.xml#setclientIDtips/clientid"/>
			<property conref="setclientIDtips.xml#setclientIDtips/researchdesc"/>
			<property conref="setclientIDtips.xml#setclientIDtips/ok"/>
			<property conref="setclientIDtips.xml#setclientIDtips/cancel"/>
		</properties>
		<section conref="setclientIDtips.xml#setclientIDtips/details"/>
	</refbody>
</reference>