<?xml version="1.0" encoding="UTF-8"?>
<!DOCTYPE reference PUBLIC "-//IBM//DTD DITA Composite//EN" "c:/dtd/ditabase.dtd">
<reference id="entitylinkingtips" otherprops="entitylinkingtips" audience="res">
	<title>Entity Linking</title>
	<prolog>
		<author>Barb Bruns</author>
		<copyright>
			<copyryear year="2007"/>
			<copyrholder>Lexisnexis</copyrholder>
		</copyright>
		<critdates>
			<created date="2009-12-29"/>
		</critdates>
		<metadata>
			<prodinfo>
				<prodname>Lexis Advance</prodname>
				<vrmlist>
					<vrm version="1"/>
				</vrmlist>
			</prodinfo>
		</metadata>
	</prolog>
	<refbody>
		<section>
			<p>If you are searching for a judge, attorney, or law firm, an entity search retrieves documents containing the entity name in the document’s section pertinent to that kind of an entity. </p>
			<p>For example, if you are searching for a judge whose name is William O. Smith, the documents containing &quot;William O. Smith&quot; in the <uicontrol>Judges</uicontrol> section of the document will be rated with higher relevance than documents containing the name elsewhere. This makes your results more relevant.</p>
<p>An entity search is faster and more targeted than the same search terms entered in the <ph keyref="prodnamefirst"/> search box for these entities:</p>
<ul>
<li>Judge</li>
<li>Attorney</li>
<li>Law firm</li>
<li>Company</li>
</ul> 


			</section>
	</refbody>
</reference>