<?xml version="1.0" encoding="UTF-8"?>
<!DOCTYPE reference PUBLIC "-//IBM//DTD DITA Composite//EN" "c:/dtd/ditabase.dtd">
<reference id="faveselectopictips" otherprops="faveselectopictips" audience="obsolete">
	<title>Recent and Favorites Page</title>
	<prolog>
		<author>Robin Stubbart</author>
		<copyright>
			<copyryear year="2012"/>
			<copyrholder>Lexisnexis</copyrholder>
		</copyright>
		<critdates>
			<created date="2012-07-10"/>
		</critdates>
		<metadata>
			<prodinfo>
				<prodname>Lexis Advance</prodname>
				<vrmlist>
					<vrm version="1"/>
				</vrmlist>
			</prodinfo>
		</metadata>
	</prolog>
	<refbody>
		<section>
			<p>The Recent &amp; Favorites page lists topics you have marked as favorites and topics you selected for your current search. Topics remain in the list until you remove them by selecting the <image href="closeremove.png" alt="Delete" placement="inline"/> icon.</p>
			
				<p>To remove a topic from your favorites, select the <image href="closeremove.png" alt="Favorite" placement="inline"/> icon to the right of the topic name.</p>
		
		</section>
		<properties>
			<property>
				<propvalue>
					<image href="favoriteempty.png" alt="Favorite" placement="inline"/>
				</propvalue>
				<propdesc>Select this icon to mark a topic as a favorite.</propdesc>
			</property>
			<property>
				<propvalue>
					<image href="favoritefull.png" alt="Favorite" placement="inline"/>
				</propvalue>
				<propdesc>Indicates this topic is a favorite.</propdesc>
			</property>
<property>
				<propvalue>Edit
				</propvalue>
				<propdesc>Select this to edit a topic.</propdesc>
			</property>
			
			<property>
				<propvalue><image href="closeremove.png" alt="Favorite" placement="inline"/></propvalue>
				<propdesc>Select this icon to remove a topic from the list of Recent &amp; Favorites.</propdesc>
			</property>
		</properties>
	</refbody>

</reference>