<?xml version="1.0" encoding="UTF-8"?>
<!DOCTYPE reference PUBLIC "-//IBM//DTD DITA Composite//EN" "c:/dtd/ditabase.dtd">
<reference id="faveselectedtips" otherprops="faveselectedtips">
	<title>Recent &amp; Favorites</title>
	<prolog>
		<author>Barb Bruns</author>
		<copyright>
			<copyryear year="2009"/>
			<copyrholder>Lexisnexis</copyrholder>
		</copyright>
		<critdates>
			<created date="2007-07-05"/>
		</critdates>
		<metadata>
			<prodinfo>
				<prodname>Lexis Advance</prodname>
				<vrmlist>
					<vrm version="1"/>
				</vrmlist>
			</prodinfo>
		</metadata>
	</prolog>
	<refbody>
		
		<section>
			<p>The Recent &amp; Favorites pod lists the filters (including sources and topics) you have selected in recent searches or saved as favorites. Select a filter to use it for your current search.</p>
			<note>Selecting a filter from Recent &amp; Favorites replaces any other filters you have already selected.</note>
			
				
			</section>
		<properties>
			<!--prophead>
				<propvaluehd>Item</propvaluehd>
				<propdeschd>Description</propdeschd>
			</prophead-->


			<property>
				<propvalue>
					<image href="#FavoriteEmpty.png" alt="Add as favorite" placement="inline"/>
				</propvalue>
				<propdesc>Select this to mark a filter as a favorite.</propdesc>
			</property>
			<property>
				<propvalue>
					<image href="#FavoriteFull.png" alt="Favorite" placement="inline"/>
				</propvalue>
				<propdesc>Indicates this filter is a favorite.</propdesc>
			</property>
			
			<property>
				<propvalue>
					<image href="#CloseRemove.png" alt="Remove favorite" placement="inline"/>
				</propvalue>
				<propdesc>Select this to remove a filter from the list of Recent &amp; Favorites.</propdesc>
			</property>
		</properties>
		
	</refbody>
	</reference>
	