<?xml version="1.0" encoding="UTF-8"?>
<!DOCTYPE reference PUBLIC "-//IBM//DTD DITA Composite//EN" "c:/dtd/ditabase.dtd">
<reference id="favoritetips" otherprops="favoritetips">
	<title>Favorites</title>
	<prolog>
		<author>Barb Bruns</author>
		<copyright>
			<copyryear year="2009"/>
			<copyrholder>Lexisnexis</copyrholder>
		</copyright>
		<critdates>
			<created date="2007-07-05"/>
		</critdates>
		<metadata>
			<prodinfo>
				<prodname>Lexis Advance</prodname>
				<vrmlist>
					<vrm version="1"/>
				</vrmlist>
			</prodinfo>
		</metadata>
	</prolog>
	<refbody>
			
			<section>
			<p>The Favorites pod displays the sources, topics, and filters you have recently used in your searches.  Select <uicontrol>More</uicontrol> to display additional favorites.</p>
			<p>Select a favorite to use it as a filter for your current search.</p>
			<note>Selecting a favorite from Recent &amp; Favorites replaces any filters you have already selected.</note>
			</section>
		<properties>
			<!--prophead>
				<propvaluehd>Item</propvaluehd>
				<propdeschd>Description</propdeschd>
			</prophead-->


			<property>
				<propvalue>
					<image href="triangleright.png" alt="Expand" placement="inline"/>
				</propvalue>
				<propdesc>Select this to open the list of favorites.</propdesc>
			</property>
			<property>
				<propvalue>
					<image href="addtosearch.png" alt="Add filter to search" placement="inline"/>
				</propvalue>
				<propdesc>Select this icon next to a filter to add it to your search. </propdesc>
			</property>
			
			<property>
				<propvalue>
					<image href="triangledown.png" alt="Favorite" placement="inline"/>
				</propvalue>
				<propdesc>Select this to close the list of favorites.</propdesc>
			</property>
		</properties>
				
	</refbody>
	</reference>
