<?xml version="1.0" encoding="UTF-8"?>
<!DOCTYPE reference PUBLIC "-//IBM//DTD DITA Composite//EN" "c:/dtd/ditabase.dtd">
<reference id="filterbysubcategorytips" otherprops="filterbysubcategorytips">
	<title>Applying filters for subcategories when narrowing results</title>
	<prolog>
		<author>Christina Stommel</author>
		<copyright>
			<copyryear year="2014"/>
			<copyrholder>Lexisnexis</copyrholder>
		</copyright>
		<critdates>
			<created date="2007-07-05"/>
		</critdates>
		<metadata>
			<prodinfo>
				<prodname>Lexis Advance</prodname>
				<vrmlist>
					<vrm version="1"/>
				</vrmlist>
			</prodinfo>
		</metadata>
	</prolog>
	<refbody>
		<section>		
		<p>If you select this checkbox, some categories will be automatically narrowed by specific subcategories.  If you don’t want these categories to be automatically narrowed, clear this checkbox.</p>
		<p>Here is the list of categories and how they will be narrowed:</p>
		<simpletable>
		<sthead>
		<stentry>Category</stentry>
		<stentry>Narrowed By</stentry>
		</sthead>
		<strow>
		<stentry>Statutes &amp; Legislation</stentry>
		<stentry>	Codes</stentry>
		</strow>
		<strow>
		<stentry>Administrative Codes &amp; Regulations	</stentry>
		<stentry>Administrative Codes</stentry>
		</strow>
		<strow>
		<stentry>Secondary Materials</stentry>
		<stentry>	Jurisprudence or Practice Guides or Treatises</stentry>
		</strow>
		<strow>
		<stentry>Briefs, Motions &amp; Pleadings </stentry>
		<stentry>Briefs </stentry>
		</strow>
		<strow>
		<stentry>Jury Instructions	</stentry>
		<stentry>Pattern Jury Instructions</stentry>
		</strow>
		<strow>
		<stentry>Expert Witness Materials	</stentry>
		<stentry>Expert Witness Testimony &amp; Reports </stentry>
		</strow>
		<strow>
		<stentry>Company &amp; Financial 	</stentry>
		<stentry>Company Profiles</stentry>
		</strow>		
		</simpletable>
		</section>

			
		
	</refbody>
</reference>