<?xml version="1.0" encoding="UTF-8"?>
<!DOCTYPE reference PUBLIC "-//IBM//DTD DITA Composite//EN" "c:/dtd/ditabase.dtd">
<reference id="foldersharetips" otherprops="foldersharetips">
	<title>Share Folder Page</title>
	<!--This Tips file is accessed from the Share Folder db when you select Share Folder from the Folder Actions drop-down list in Folders-->
	<prolog>
		<author>Barb Bruns</author>
		<author>Christina Stommel (GDSI Release)</author>
		<copyright>
			<copyryear year="2007"/>
			<copyrholder>Lexisnexis</copyrholder>
		</copyright>
		<critdates>
			<created date="2009-12-29"/>
		</critdates>
		<metadata>
			<prodinfo>
				<prodname>Lexis Advance</prodname>
				<vrmlist>
					<vrm version="1"/>
				</vrmlist>
			</prodinfo>
			
		</metadata>
	</prolog>
	<refbody>
		<section>
			<p>Use this form to select individuals you want to share a folder with and set their permissions.</p>
		</section>
		<properties>
			<property>
				<propvalue>Document/Folder</propvalue>
				<propdesc>The name of the document or the folder you are sharing.</propdesc>
		</property>	
			<property>
				<propvalue>Shared by</propvalue>
				<propdesc>The name of the person who shared the folder.</propdesc>
		</property>
<property>
				<propvalue>Enter a peer's name and select to share. To share outside group, enter an email address.</propvalue>
				<propdesc>Enter a user's first or last name or email address to find it in the list and add it to the list of users you want to share it with. The list of users shows who you are currently sharing the folder with. Select <uicontrol>Editor</uicontrol> or <uicontrol>Viewer</uicontrol> permission for each user in the list:
				<dl>
			<dlentry>
				<dt>Editor</dt>
				<dd>Indicates the user may view items in the folder, and add or modify notes for the items.</dd>
			</dlentry>
			<dlentry>
				<dt>Viewer</dt>
				<dd>Indicates the user may only view items in the folder.</dd>
			</dlentry></dl></propdesc>
			</property>
			<property>
			<propvalue>Allow recipients to view all your annotations and highlights? <note>You'll only see this option if you have made annotations in the document and shared them with recipients.</note></propvalue>
			
			<propdesc>
			<dl>
			<dlentry>
			
			<dt>Leave permissions as is</dt>
			<dd>Select this to use the permissions you selected when you saved the annotation in the document.  
			<ul>
			<li>If you selected <uicontrol>Allow recipients to view your annotation</uicontrol> for an annotation when you made it, the recipients you are sharing with now will be able to see the annotation.</li>
			<li>If you did not select that check box, the recipients will not see the annotation.</li>
			</ul>
			</dd>
			</dlentry>
			<dlentry>
			<dt>Allow</dt>
			<dd>If you select this, all recipients will be able to view all annotations and highlights in the document.</dd>
			</dlentry>
			<dlentry>
		<dt>Don't allow</dt>
			<dd>If you select this, recipients will not be able to view any annotations and highlights in the document.</dd>
			</dlentry>
			</dl>
			</propdesc>
			</property>
			<!--This field isn't showing up in my version of the Share Folder dialog box - CLS 8/18/14 property id="foldernotes">
				<propvalue>Notes</propvalue>
				<propdesc>Enter any notes you would like to store with the document.  The notes will be displayed in your folder list, under each of the documents you selected to save. (Use the formatting options to apply bolding, italicizing, or underlining to text in your note.)</propdesc>
			</property>
			
			<property>
			<propvalue>Allow recipients to view your notes</propvalue>
			<propdesc> If this is a shared document, and you want the notes to be visible to the other users you have shared it with, leave this checkbox selected. If you want the notes to be visible only to you, clear it.</propdesc>
			</property-->
			</properties>
	</refbody>
</reference>