<?xml version="1.0" encoding="UTF-8"?>
<!DOCTYPE reference PUBLIC "-//IBM//DTD DITA Composite//EN" "c:/dtd/ditabase.dtd">
<reference id="folderecyclerestoretips" otherprops="folderecyclerestoretips">
<title>Restore Deleted Items Dialog Box</title>
	
	<prolog>
		<author>Christina Stommel</author>
		<copyright>
			<copyryear year="2015"/>
			<copyrholder>Lexisnexis</copyrholder>
		</copyright>
		<critdates>
			<created date="2015-08-15"/>
		</critdates>
		<metadata>
			<prodinfo>
				<prodname>Lexis Advance</prodname>
				<vrmlist>
					<vrm version="1"/>
				</vrmlist>
			</prodinfo>
		</metadata>
	</prolog>
	<refbody>
		<section>
		<p>You can restore items you've sent to the work folders Recycle Bin. The following options are available on the Restore Deleted Items dialog box. </p>
		</section>
		<properties>
		<prophead>
		<propvaluehd>Option</propvaluehd>
		<propdeschd>Description</propdeschd>
		</prophead>

		<property>
		<propvalue>Select destination folder</propvalue>
		<propdesc>
		<p>Select the folder to which you want to restore the items you've selected. Your options may include:</p>
		<dl>
		<dlentry>
		<dt>Restore to original folder</dt>
		<dd>Select this option to restore the items to the folder listed to the right of the option. </dd>
		</dlentry>
		<dlentry>
		<dt>Restore to a different folder</dt>
		<dd>Select this option and then select the folder from the list of options, below. If you want to restore to a new folder, click <uicontrol>Create New Folder</uicontrol> and enter a name for the new folder.</dd>	
		</dlentry>
		</dl>
		</propdesc>
		</property>

		<property>
		<propvalue>When restoring, reapply the sharing permissions I had previously assigned</propvalue>
		<propdesc>Select this option to reassign sharing permissions you had previously associated with the items you are restoring.  </propdesc>
		</property>	

		</properties>
			
	</refbody>
</reference>