<?xml version="1.0" encoding="UTF-8"?>
<!DOCTYPE reference PUBLIC "-//IBM//DTD DITA Composite//EN" "c:/dtd/ditabase.dtd">
<reference id="foldermovetips" otherprops="foldermovetips">
	<title>Move Folder / Copy Folder</title>
	<prolog>
		<author>Barb Bruns</author>
		<author>Christina Stommel (GDSI Release)</author>
		<copyright>
			<copyryear year="2007"/>
			<copyrholder>Lexisnexis</copyrholder>
		</copyright>
		<critdates>
			<created date="2009-12-29"/>
		</critdates>
		<metadata>
			<prodinfo>
				<prodname>Lexis Advance</prodname>
				<vrmlist>
					<vrm version="1"/>
				</vrmlist>
			</prodinfo>
		</metadata>
	</prolog>
	<refbody>
		<section>
			<p>You can move or copy a folder to another folder.  This makes it a subfolder of the one you're moving or copying to. When you are finished, select <uicontrol>Save</uicontrol>.</p>
		</section>
		<properties>
			<property>
				<propvalue>Folder</propvalue>
				<propdesc>The name of the folder you are moving.</propdesc>
			</property>
			<property>
				<propvalue>Move folder to</propvalue>
				<propdesc>Select a destination folder to save the folder you're moving (or copying). To create a new folder and use it as the destination folder, select <uicontrol>Create New Folder</uicontrol>.</propdesc>
			</property>
			<property audience="WFS">
				<propvalue>Manage Users</propvalue>
				<propdesc>This is the list of users you are currently sharing the folder with.
					<note>The folder you are copying or moving &quot;inherits&quot; the permissions of the folder you're moving or copying it to.  If you want to change the permissions for any of the users, use the <uicontrol>Manage Sharing</uicontrol> page.</note>
				</propdesc>
			</property>
			<property audience="WFS">
				<propvalue>Editor</propvalue>
				<propdesc>Indicates the user may view items in the folder, and add or modify notes for the items.</propdesc>
			</property>
			<property audience="WFS">
				<propvalue>Viewer</propvalue>
				<propdesc>Indicates the user may only view items in the folder.</propdesc>
			</property>
		</properties>
	</refbody>
</reference>