<?xml version="1.0" encoding="UTF-8"?>
<!DOCTYPE reference PUBLIC "-//IBM//DTD DITA Composite//EN" "c:/dtd/ditabase.dtd">
<reference id="folderfulltips" otherprops="folderfulltips">
	<title>Folders (Viewing a Full Document in Your Folder)</title>
	<prolog>
		<author>Barb Bruns</author>
		<copyright>
			<copyryear year="2009"/>
			<copyrholder>Lexisnexis</copyrholder>
		</copyright>
		<critdates>
			<created date="2007-07-05"/>
		</critdates>
		<metadata>
			<prodinfo>
				<prodname>Lexis Advance</prodname>
				<vrmlist>
					<vrm version="1"/>
				</vrmlist>
			</prodinfo>
		</metadata>
	</prolog>
	<refbody>
		<section>
			<data>hide, show</data>
			<p>When you select an item from one of your folders, the full text of the item appears, with the name of the item, the date the item was updated, the name of the folder it is stored in, and the Client ID assigned to it displayed at the top. </p>
			<p>Additional information about the item and tools for working with it are are also located on the page, in the right pane.</p>
			<p>The <ph keyref="prodnamefirst"/> search form is displayed at the top of your results so you can run the search again if you wish.</p>
		</section>
		<properties>
		<property>
		<propvalue>Document name</propvalue>
		<propdesc>Shows the name assigned to the document. (You can edit this name by clicking the <uicontrol>Edit Document Properties</uicontrol> icon (<image href="edit.png" alt="Edit Document Properties"/>) next to the name.)</propdesc>
		</property>
			<property>
				<propvalue>Edit Document Properties icon (<image href="edit.png" alt="Edit Document Properties"/>)</propvalue>
				<propdesc>Click this icon to view and edit the properties associated with the document. This includes editing the document title as well as assigning or changing the client ID associated with the document.</propdesc>				
			</property>
											
			<property>
				<propvalue>Folder name</propvalue>
				<propdesc>Shows the name of the folder the current item is stored in.</propdesc>
			</property>
			<property>
				<propvalue>Client name</propvalue>
				<propdesc>The client's name associated with the document.</propdesc>
			</property>
			<property>
				<propvalue>Add Note / View all notes link</propvalue>
				<propdesc>Click this link to add a new note to the document or view existing notes so you can edit the note. (When you click the <uicontrol>View all notes</uicontrol> link, you are scrolled to the bottom of the document where editing options are available for all of the notes associated with the document.)</propdesc>
			</property>
			<property>
				<propvalue>Document toolbar</propvalue>
				<propdesc>
					<p>Click a button on this toolbar to display a list of things you can do with the document you are viewing. </p>
					<dl>
					<dlentry>
							<dt>Delivery drop-down list (Delivery options are consolidated under the icon for the latest delivery option you used.</dt>
							<dd>
							<ul>
							<li>Print icon (<image href="Print.png" alt="Print Document"/>): Choose this option to print the document.</li>
							<li>Download icon (<image href="download.png" alt="Download Document"/>): Select this to download the document.</li>
							<li>Email icon (<image href="email.png" alt="Email Document"/>): Choose this to send the document to yourself or someone else by email.</li>
							<li>Send to Dropbox icon (<image href="dropbox.png" alt="Send Document to Dropbox"/>): Choose this to send the document to Dropbox.</li></ul></dd>
						</dlentry>

						<dlentry>
							<dt>Move to another folder (<image href="Move.png" alt="Move Document to Another Folder"/>)</dt>
							<dd>Click to move the items to a different folder.</dd>
						</dlentry>

						<dlentry>
							<dt>Delete (<image href="CloseRemove.png" alt="Remove Document From Folder"/>)</dt>
							<dd>Click to delete the items.</dd>
						</dlentry>

						<dlentry>
							<dt>Share (<image href="SharedByMe.png" alt="Share with Other Users"/>)</dt>
							<dd>Click this to share the document with another user.</dd>
						</dlentry>

						<dlentry>
							<dt>Copy to another folder (<image href="CopyToFolder.png" alt="Copy to Another Folder"/>)</dt>
							<dd>Click to copy the items to a different folder (leaving the original item in the current folder).</dd>
						</dlentry>

						<dlentry>
						<dt>Printer-friendly View (<image href="PrintablePage.png" alt="Printer-friendly View"/>)</dt>
						<dd>Click this to display a text-only version of the item you're viewing, without any graphics, navigation bars, or options on the page.</dd>
						</dlentry>						
					</dl>
				</propdesc>
			</property>
		
			<property>
				<propvalue>Tools shortcut menu</propvalue>
				<propdesc>
					<p>You can highlight text in the document and then use the tools in this shortcut menu to copy the text, add it to a folder, and highlight it, among other things. See the list below for more information.</p>									
					<dl>
						<dlentry>
						<dt>Copy</dt>
						<dd>Click one of the two copy options to copy a selected section of document text to the clipboard so you can paste it into a word processor document, email, etc.  For more information, see <xref href="copytexttoclipboard_hdi.xml" scope="peer"/>.</dd>
						</dlentry>

						<dlentry>
						<dt>Add to folder</dt>
						<dd>Click this to save a selected section of text to a folder. For more information, see <xref href="savetexttofolder_hdi.xml" scope="peer"/>.</dd>
						</dlentry>

						<dlentry>
						<dt>Add to search</dt>
						<dd>Click this to search for documents that contain text similar to the text you selected. For more information, see <xref href="searchselectedtext_hdi.xml" scope="peer"/>.</dd>
						</dlentry>

						<dlentry>
						<dt>Annotate</dt>
						<dd>Click this to add notes to a document you have opened from one of your folders. For more information, see <xref href="createannotation_hdi.xml" scope="peer"/>.</dd>
						</dlentry>

						<dlentry>
							<dt>Highlight</dt>
							<dd>Click this to highlight text in a document you have opened from one of your folders. For more information, see <xref href="highlightext_hdi.xml" scope="peer"/>.</dd>
						</dlentry>
					</dl>
				</propdesc>
			</property>		
		</properties>
	</refbody>
</reference>