<?xml version="1.0" encoding="UTF-8"?>
<!DOCTYPE reference PUBLIC "-//IBM//DTD DITA Composite//EN" "c:/dtd/ditabase.dtd">
<reference id="forgotyourpwtips" otherprops="forgotyourpwtips">
	<title>Forgot Your Password? Form</title>
	<prolog>
		<author>Barb Bruns</author>
		<copyright>
			<copyryear year="2008"/>
			<copyrholder>Lexisnexis</copyrholder>
		</copyright>
		<critdates>
			<created date="2008-03-29"/>
		</critdates>
		<metadata>
			<prodinfo>
				<prodname>Lexis Advance</prodname>
				<vrmlist>
					<vrm version="1"/>
				</vrmlist>
			</prodinfo>
		</metadata>
	</prolog>
	<refbody>
		<section>
			<p>If you have forgotten your password, enter your ID and select <uicontrol>Submit</uicontrol>.  We'll help you create a new password so you can get signed in.</p>
			<p>If you have forgotten your ID, or for any other questions, please contact Customer Support at 1-800-543-6862.</p>
		</section>
	</refbody>
	<related-links>
		<linklist>
			<link href="signintips.xml"/>
			<link href="bypasssignin_hdi.xml"/>
		</linklist>
	</related-links>
</reference>