<?xml version="1.0"?>
<!DOCTYPE reference PUBLIC "-//IBM//DTD DITA Composite//EN" "c:/dtd/ditabase.dtd">
<reference id="fulldoctips" otherprops="results;fulldoctips">
	<title>Full Document Page</title>
	<prolog>
		<author>Barb Bruns</author>
		<author>Christina Stommel</author>
		<copyright>
			<copyryear year="2009"/>
			<copyrholder>Lexisnexis</copyrholder>
		</copyright>
		<critdates>
			<created date="2009-01-23"/>			
		</critdates>
		<metadata>
			<prodinfo>
				<prodname>Lexis Advance</prodname>
				<vrmlist>
					<vrm version="1"/>
				</vrmlist>
			</prodinfo>
		</metadata>
	</prolog>
	<refbody>
	<section>			
			<p>When you select a document from your results, the full text of the document is displayed. You can return to your results list by selecting <uicontrol>Results List</uicontrol> at the top of the page. Use <uicontrol>Previous Document</uicontrol> and <uicontrol>Next Document</uicontrol> to display the previous or next document in your results.</p>
			<p>The <b><ph keyref="shepardsfirst"/></b> pane to the right of the document lets you <i>Shepardize</i>&#174; the document. <uicontrol>About This Document</uicontrol> provides more information about the document and access to the <ph keyref="litnamefirst"/> so you can track the legal issues addressed in the case law document.</p>
			<p>The search form is displayed at the top of your results so you can modify the terms, content, or topics you want to search, and run the search again if you wish.</p>
			

		</section>
		<properties>
		<property id="doctitle">
				<propvalue>Document Title</propvalue>
				<propdesc>The title of the document.</propdesc>
			</property>
			
<property id="folder">
				<propvalue>
					<image href="AddToFolder.png" alt="Add to folder" placement="inline"/>
				</propvalue>
				<propdesc>Select this to save the document to a folder within <ph keyref="prodnamefirst"/> so you can quickly access it again later.</propdesc>
			</property>
			<property>
				<propvalue>
					<image href="print.png" alt="Print" placement="inline"/> <image href="download.png" alt="Save" placement="inline"/> <image href="email.png" alt="Email" placement="inline"/> <image href="dropbox.png" alt="Send Document to Dropbox"/>
				</propvalue>
				<propdesc>Click the icon in the delivery toolbar to complete the type of delivery you wish. (To specify your delivery settings before completing the delivery, click the <image href="deliverysettings.png" alt="Delivery Settings"/> icon.) </propdesc>
			</property>

			<property id="jumpto">
				<propvalue>Go to</propvalue>
				<propdesc>
					<p>Click the <uicontrol>Go to</uicontrol> drop-down list to display specific parts or sections of the document that you can navigate to quickly. Sections of the document may include the following (not all sections will appear in every document):</p>	
					<dl>
						<dlentry>
							<dt>Top of document</dt>
							<dd>Select this to go to the top of the document.</dd>
						</dlentry>
						<dlentry>
							<dt>Reporter</dt>
							<dd>If multiple reporters are listed, you can select a different reporter name to display the document in that reporter.  You can also select a different reporter from the drop-down list at the bottom of the page.</dd>
						</dlentry>
<dlentry>
							<dt>Subsequent history</dt>
							<dd>Subsequent history of the case.</dd>
						</dlentry>
<dlentry>
							<dt>Prior history</dt>
							<dd>Prior history of the case.</dd>
						</dlentry>
<dlentry>
							<dt>Core terms</dt>
							<dd>Important words and phrases that appear within the document.</dd>
						</dlentry>
						<dlentry>
							<dt>Disposition</dt>
							<dd>Disposition of the case.</dd>
						</dlentry>
						<dlentry>
							<dt>Case Summary</dt>
							<dd>Case summary of the case, including the Procedural Posture, the Overview, and the Outcome of a case law document. Case summaries appear at the top of a document when it is displayed in the full view and can help you quickly determine whether to read the case in detail or review the next case in your results.</dd>
						</dlentry>
						<dlentry>
							<dt>Procedural Posture</dt>
							<dd>Procedural Posture section of the Case Law Summary.</dd>
						</dlentry>
						<dlentry>
							<dt>Overview</dt>
							<dd>Overview section of the Case Law Summary.</dd>
						</dlentry>
						<dlentry>
							<dt>Outcome</dt>
							<dd>Outcome section of the Case Law Summary.</dd>
						</dlentry>
						<dlentry>
							<dt>
								<ph keyref="companyfirst"/> Headnotes</dt>
							<dd>
								<p>
									<ph keyref="companyfirst"/> Headnotes identify the major points of law found in an opinion, expressed in the actual language of the court.</p>
								<p>Each <ph keyref="company"/> Headnote is numbered (such as HN#1) and shows a down arrow next to the text. If you select the down arrow or the <ph keyref="company"/> Headnote number, you'll jump to the location of that headnote in the actual body of the case. At that location, an up arrow is displayed; selecting this returns you to the list of <ph keyref="company"/> Headnotes, where that headnote occurs.</p>
							</dd>
						</dlentry>
<dlentry>
							<dt>Headnotes/Syllabus</dt>
							<dd>The abstract or summary of a point of law.</dd>
						</dlentry>
<dlentry>
							<dt>Summary</dt>
							<dd>The summary of the case.</dd>
						</dlentry>
						<dlentry>
							<dt>Counsel</dt>
							<dd>Names of the legal counsel representing each party in the case recorded in the document.</dd>
						</dlentry>
						<dlentry>
							<dt>Judges</dt>
							<dd>Names and titles of the judges presiding over the case recorded in the document.</dd>
						</dlentry>
						<dlentry>
							<dt>Opinion by</dt>
							<dd>Name of the judge delivering the opinion recorded in the document.</dd>
						</dlentry>
						<dlentry>
							<dt>Opinion</dt>
							<dd>Text of the opinion delivered by the judge listed under <uicontrol>Opinionby</uicontrol>.</dd>
						</dlentry>

<dlentry>
							<dt>Concur by</dt>
							<dd>Name of the judge delivering the concurring opinion recorded in the document.</dd>
						</dlentry>
<dlentry>
							<dt>Dissent by</dt>
							<dd>Name of the judge delivering the dissenting opinion recorded in the document.</dd>
						</dlentry>
						<dlentry>
							<dt>Dissent</dt>
							<dd>Text of the dissenting opinion delivered by the judge listed under <uicontrol>Dissentby</uicontrol>.</dd>
							</dlentry>
			</dl>
			</propdesc>
			</property>
			
			<property>
			<propvalue>Navigate</propvalue>
			<propdesc>Select <uicontrol>All Terms</uicontrol> or select one of your search terms from the drop-down list and select the right or left arrows to go backward or forward in the document to specific search terms. If you select <uicontrol>Activate Passages</uicontrol> under <uicontrol>Legal Issue Trail</uicontrol> in the right pane, you will also see Passages displayed here as an optional way to navigate (from one activated passage to the next).</propdesc>			
			</property>
			
			<property>
			<propvalue>Page</propvalue>
			<propdesc>Select the up or down arrows (<image href="TriangleUp.png" alt="Up"/> and <image href="TriangleDown.png" alt="Down"/>) to page through the document using the pagination of the reporter that is currently selected.</propdesc>
			</property>

				<property>
			<propvalue>Search Document</propvalue>
			<propdesc>Click this button to enter the terms for which you'd like to search, and click the Search button. This lets you search the document for search terms not in the predefined list. Terms are highlighted in the document, and you can use the up or down arrows (<image href="TriangleUp.png" alt="Up"/> and <image href="TriangleDown.png" alt="Down"/>) to navigate between them. If you click these buttons and you are viewing the first or last term in the document, you will be taken to the previous or next document in your results list.</propdesc>
			</property>
			
			<property>
				<propvalue>More</propvalue>
				<propdesc><note type="note">This drop-down list is available for documents saved in work folders.</note>
				Select this to display other options for the document.
				<note type="note">These options may appear as their own buttons on the toolbar, depending on how much room there is in the browser window to display the toolbar.</note>
				<dl>
						<dlentry>
							<dt>Move to another folder</dt>
							<dd>Select this to move the document to a different folder.</dd>
						</dlentry>
				<dlentry>
							<dt>Copy to another folder</dt>
							<dd>Select this to leave the document in the current folder, and put a copy of it in a different folder.</dd>
						</dlentry>
<dlentry>
							<dt>Delete document from folder</dt>
							<dd>Select this to delete the document from the current folder.</dd>
						</dlentry>
<dlentry>
							<dt>Stop sharing this document</dt>
							<dd>Select this to end sharing of this document with others.</dd>
						</dlentry>
<dlentry>
							<dt>Printer-friendly view</dt>
							<dd>Select this to display a text-only version of the document, without any graphics, navigation bars, or options on the page.</dd>
						</dlentry>
						</dl>
				</propdesc>
			</property>

<property id="shepsignal">
				<propvalue>
					<ph keyref="shepsignalsingularfirst"/>
				</propvalue>

				<propdesc>Indicates the value of the case as a precedent. You can select the indicator to <i>Shepardize</i> the case and display the current <ph keyref="shepardsfirst"/> report with a list of other legal authorities that have cited your case. (To see a definition of the signal indicator, leave your mouse pointer over the signal for a few seconds.)</propdesc>
			</property>

<property id="copycitation">
				<propvalue>Copy Citation</propvalue>
				<propdesc>Select this to copy the document citation (including the pinpoint cite, if any) to the clipboard so you can paste it into a word processor document, email, etc.  For more information, see <xref href="copycitation_hdi.xml" scope="peer"/></propdesc>				
			</property>

<property>
<propvalue>Tools</propvalue>

				<propdesc>
					<p> While reviewing the document, you can select a section of text, then select any of these tools from the menu that appears:</p>
					<dl>						
							<dlentry>
							<dt>Copy (Quick)</dt>
							<dd>Select this option to copy the highlighted text and its citation without reviewing all of the options available for copying and formatting. The text and citation will be copied using the system's default settings for the specified style guide. You can then paste the text into any text-editing application. </dd>
						</dlentry>
						<dlentry>
							<dt>Copy (Advanced)</dt>
							<dd>Select this option to display the Copy Selected Text to Clipboard dialog box, where you can choose different options that will be used to format the citation associated with the text you are copying. See <xref href="copytexttoclipboard_hdi.xml" scope="peer"/> for details.</dd>
						</dlentry>
<dlentry>
							<dt>Add to folder</dt>
							<dd>Save the text to a folder.</dd>
						</dlentry>
						<dlentry>
							<dt>Add to search</dt>
							<dd>Select this to search for documents that contain text similar to the text you selected. For more information, see <xref href="searchselectedtext_hdi.xml" scope="peer"/>.</dd>
						</dlentry>
						
						<dlentry>
							<dt>Annotate</dt>
							<dd>Annotate the text.</dd>
						</dlentry>
						<dlentry>
							<dt>Highlight</dt>
							<dd>Apply highlighting to the document text. You can choose the color of highlighting. </dd>
						</dlentry>
					</dl>
				</propdesc>
			</property>
			
			
			
<property id="resultslist">
				<propvalue>Results List</propvalue>
				<propdesc>Select this to display your results list.</propdesc>
			</property>
<property id="prevdoc">
				<propvalue>Previous Document </propvalue>
				<propdesc>Select <image href="TriangleLeft.png" alt="Previous Document"/> to display the previous document in your results list.</propdesc>
			</property>
<property id="nextdoc">
				<propvalue>Next Document </propvalue>
				<propdesc>Select <image href="TriangleRight.png" alt="Next Document"/> to display the next document in your results list.</propdesc>
			</property>
			
			<property>
			<propvalue>Reading View </propvalue>
			<propdesc>Select <image href="docreadingview.png" alt="Reading View"/> to display the document in reading view.  In this view, only a few tools will  be available for working with the document. To access the full range of tools again, click the Reading View button (<image href="docfullview.png" alt="Return to Full Document"/>) again.</propdesc>
			</property>



<property id="Shepardize">
				<propvalue>About</propvalue>
				<propdesc>The <uicontrol>About</uicontrol> tab displays <ph keyref="shepardsfirst"/> information about your document, including whether prior history is available, citing decisions, and other citing sources.</propdesc>
			</property>

			<property id="Notes">
				<propvalue>Notes</propvalue>
				<propdesc>
				<p>Select the <uicontrol>Notes</uicontrol> tab to see annotations you have made in the document and saved. Your notes are saved when you save the document to a folder.</p></propdesc>
				</property>

	<property id="Shepardize">
				<propvalue><i>Shepardize</i>&#174; this document
				</propvalue>
				<propdesc>Select this to <i>Shepardize</i> the document. <i>Shepardizing</i>™ the current citation verifies whether the case is still good and lists other cases that have cited your case, in a report.</propdesc>
			</property>
	
			<property id="aboutthisdoc">
				<propvalue>About This Document</propvalue>
				<propdesc>
					<p>This area contains links to information related to the case, plus several types of documents (the document types that appear under <uicontrol>About This Document</uicontrol> depend on what is available for the document you're viewing).</p>
					
					<dl>
<dlentry>
							<dt>Original Source Image</dt>
							<dd>Select this to open a PDF document of the official version of the case.</dd>
						</dlentry>
						
						<dlentry>
						
							<dt>Case File</dt>
							<dd>Select <uicontrol>View Case File</uicontrol> to open the supporting documents related to this case as the case moves through the litigation process (from trial through appeals).  Supporting documents include:
								<ul>
									<li>Cases</li>
									<li>Briefs, pleadings, and motions</li>
									<li>Jury verdicts</li>
									<li>Dockets</li>
									<li>Expert witness testimonies and reports</li>
								</ul>
							</dd>
						</dlentry>
						<dlentry>
							<dt>Topic Summaries</dt>
							<dd>Select <uicontrol>View reports</uicontrol> to open a summary of a legal topic, including definitions of terms related to the topic and links to the full text of seminal cases heard on the topic.</dd>
						</dlentry>

						<dlentry>
						<dt>Annotations</dt>
						<dd>Select from the following options:
						<ul>
						<li>Select <uicontrol>View parts</uicontrol> to view the different parts of the statute.</li>
						<li>Select <uicontrol>Search for [search term] within annotations</uicontrol> to view the locations within the statute where the search terms are used.</li></ul>
						</dd>
						</dlentry>

						<dlentry>
						<dt>Videos in This Document</dt>
						<dd>Select this link to view instructional videos associated with the document you are viewing (typically the practice guides available for Secondary Materials). If you want to view the written transcript associated with the video, select the <uicontrol>Video Transcript</uicontrol> link below the video.
						<note type="note">Text in video transcripts can be searched.</note></dd>
						</dlentry>
						
						<dlentry>
							<dt>Related Court Materials</dt>
							<dd>Dockets, Briefs, Motions, and Pleadings related to the document.</dd>
						</dlentry>
						<dlentry>
							<dt>Dockets</dt>
							<dd>Select this link to select from a list of the dockets related to the case that you can view.</dd>
						</dlentry>
						<dlentry>
							<dt>Briefs</dt>
							<dd>Select this for the written legal arguments stating the legal reasons for a case based on statutes, regulations, case precedents, legal texts, and reasoning applied to facts in the particular situation.</dd>
						</dlentry>
						<dlentry>
							<dt>Motions</dt>
							<dd>Select this for the formal written requests made to the judge by a party in the case.</dd>
						</dlentry>
						<dlentry>
							<dt>Case Analysis</dt>
							<dd>Contains expert analysis of the case.</dd>
						</dlentry>
						<dlentry>
							<dt>Emerging Issues Analysis</dt>
							<dd>Select this to open a document containing analysis by eminent experts.</dd>
						</dlentry>
				
						<dlentry>
						<dt>Legal Issue Trail - Activate Passages</dt>
						<dd>Select this to display a list of cases that cite to the case you are viewing, as well as cases your case has cited, for a specific legal issue or point of law.  You can use the <ph keyref="litname"/> to quickly review the citing documents and reason-for-citing (RFC) passages in them to aid in determining the value of the current case for the legal issue you are researching.</dd>
						</dlentry>
						
					</dl>
				</propdesc>
			</property>

			<property>
			<propvalue>Back to Top button  (<image href="backtotop.png" alt="Back to Top"/>)</propvalue>
			<propdesc>Select this button, which always appears at the bottom the window, to scroll the page you are viewing back to the top.</propdesc>
			</property>
			
		</properties>
	</refbody>
</reference>
