<?xml version="1.0"?>
<!DOCTYPE reference PUBLIC "-//IBM//DTD DITA Composite//EN" "c:/dtd/ditabase.dtd">
<reference id="getdocbycitationtips" otherprops="urlapi" audience="res;urlapi">
	<title>Retrieve a Document By Its Citation</title>
	<prolog>
		<author>Barb Bruns</author>
		<copyright>
			<copyryear year="2009"/>
			<copyrholder>LexisNexis</copyrholder>
		</copyright>
		<critdates>
			<created date="2012-10-18"/>
		</critdates>
		<metadata>
			<prodinfo>
				<prodname>Lexis Advance™ URL API</prodname>
				<vrmlist>
					<vrm version="1"/>
				</vrmlist>
			</prodinfo>
		</metadata>
	</prolog>
	<refbody>
		<section>
		<note conref="urlapi_group_ref.xml#urlapi_group_ref/urlapinote"/>

			<p>Use this URL to retrieve and display a document using its citation. Your Lexis Advance™ ID and password must be authorized for viewing the document for this command to function.  Unauthorized users will receive an authorization error.</p>
<p>If a document is not included in your subscription, you'll be prompted to purchase the document, following standard Lexis Advance™ functionality.</p>

<p>If you specify a citation that cannot be resolved to a single document, you'll receive a notification error.</p>



<p><b>URL Template</b></p>
<p>http://advance.lexis.com/api/<b>document/citation?{citation-string}</b></p>

			<example>http://advance.lexis.com/api/<b>document/citation?cite=800%20f2d%20111</b></example>
			
		</section>
		<properties>
			<prophead>
				<propvaluehd>Value</propvaluehd>
				<propdeschd>Description</propdeschd>
			</prophead>
			<property>
				<propvalue>document</propvalue>
				<propdesc>Indicates the user wants to view a document.</propdesc>
			</property>

			<property>
				<propvalue>citation</propvalue>
				<propdesc>Indicates the user will specify a citation to view the document.</propdesc>
			</property>
			<property>
				<propvalue>{citation-string}</propvalue>
				<propdesc><p>Query string that contains the document citation.  Use <userinput>%20</userinput> in the URL to replace spaces in the citation.</p>
	<example><b>cite</b>=800%20f2d%20111</example>			
				</propdesc>
			</property>
		</properties>
		</refbody>
		
	
</reference>