<?xml version="1.0"?>
<!DOCTYPE reference PUBLIC "-//IBM//DTD DITA Composite//EN" "c:/dtd/ditabase.dtd">
<reference id="getdocbyURNtips" otherprops="urlapi" audience="res;urlapi">
	<title>Retrieve a Document by Its URN (Uniform Resource Name)</title>
	<prolog>
		<author>Barb Bruns</author>
		<copyright>
			<copyryear year="2009"/>
			<copyrholder>LexisNexis</copyrholder>
		</copyright>
		<critdates>
			<created date="2012-10-18"/>
		</critdates>
		<metadata>
			<prodinfo>
				<prodname>Lexis Advance™ URL API</prodname>
				<vrmlist>
					<vrm version="1"/>
				</vrmlist>
			</prodinfo>
		</metadata>
	</prolog>
	<refbody>
		<section>
		<note conref="urlapi_group_ref.xml#urlapi_group_ref/urlapinote"/>

			<p>Use this URL to retrieve and display a document using its uniform resource name (URN).</p>
<p><b>URL Template</b></p>
<p>http://advance.lexis.com/api/document?collection={collection-id}&amp;<b>id={urn:contentItem:}</b></p>

<example>https://advance.lexis.com/api/document?collection=cases&amp;<b>id=urn:contentItem:4TGW-RB50-TX4N-G1J4-00000-00</b></example>
			
		</section>
		<properties>
			<prophead>
				<propvaluehd>Value</propvaluehd>
				<propdeschd>Description</propdeschd>
			</prophead>
			<property>
				<propvalue>document</propvalue>
				<propdesc>Indicates the user wants to view a document.</propdesc>
			</property>

			<property>
				<propvalue>{collection}</propvalue>
				<propdesc><p>Parameter that specifies the content type (Optional). </p>
				<example><b>collection</b>=cases</example>
				<p>For a list of values that can be used with the collection parameter, see <xref href="collectiontips.xml" scope="peer"/>.</p>
				</propdesc>
			</property>
			<property>
				<propvalue>id</propvalue>
				<propdesc><p>Parameter that contains the document URN.</p>
				<example><b>id</b>=4TGW-RB50-TX4N-G1J4-00000-00</example>
				<p>To find a document URN, follow these steps:</p>
				<ol>
				<li>Sign in to <ph keyref="prodnamefirst"/>.</li>
				<li>Run a search for the document for which you want the ID.</li>
				<li>Open the document in the full view.</li>
				<li>Select <uicontrol>Copy Citation</uicontrol>.</li>
				<li>Using your browser tools, copy the highlighted text displayed at the bottom of the pop-up.</li>
				<li>Paste the copied text and the accompanying document citation into a blank document.</li>
				<li>Use your mouse to hover over the document citation.</li>
				<li>Right-click, then select <uicontrol>Edit hyperlink</uicontrol> from the right-click menu.</li>
				<li>Use your browser tools to copy the identifier that follows the <uicontrol>id/</uicontrol> parameter in the URL.  This is the document ID to use when constructing a URL to retrieve a document by ID.</li>
				</ol>
				<p>In the example below, <uicontrol>4TGW-RB50-TX4N-G1J4-00000-00</uicontrol> is the document ID.</p>
<example>https://advance.lexis.com/api/document?collection=cases&amp;<b>id=urn:contentItem:4TGW-RB50-TX4N-G1J4-00000-00</b></example>
				</propdesc>
			</property>

		</properties>
	</refbody>
</reference>