<?xml version="1.0"?>
<!DOCTYPE reference PUBLIC "-//IBM//DTD DITA Composite//EN" "c:/dtd/ditabase.dtd">
<reference id="getdocbyidtips" otherprops="urlapi" audience="res;urlapi">
	<title>Retrieve a Document by Its ID</title>
	<prolog>
		<author>Barb Bruns</author>
		<copyright>
			<copyryear year="2009"/>
			<copyrholder>LexisNexis</copyrholder>
		</copyright>
		<critdates>
			<created date="2012-10-18"/>
		</critdates>
		<metadata>
			<prodinfo>
				<prodname>Lexis Advance™ URL API</prodname>
				<vrmlist>
					<vrm version="1"/>
				</vrmlist>
			</prodinfo>
		</metadata>
	</prolog>
	<refbody>
		<section>
		<note conref="urlapi_group_ref.xml#urlapi_group_ref/urlapinote"/>

			<p>Use this URL to retrieve and display a document using its ID, and scroll to a specific page.  The page and reporter parameters are used to scroll to a specific page in the document.</p>
<p><b>URL Template</b></p>
<p>http://advance.lexis.com/api/document/collection/{collection-id}/<b>id/{doc-id}?{page}&amp;{reporter}&amp;{context}</b></p>
<example>https://advance.lexis.com/api/document/collection/cases/<b>id/3S54-5FP0-003B-R3SM-00000-00?page=167&amp;reporter=1100&amp;context=1000516</b></example>
			
		</section>
		<properties>
			<prophead>
				<propvaluehd>Value</propvaluehd>
				<propdeschd>Description</propdeschd>
			</prophead>
			<property>
				<propvalue>document</propvalue>
				<propdesc>Indicates the user wants to view a document.</propdesc>
			</property>

			<property>
				<propvalue>{collection}</propvalue>
				<propdesc><p>Parameter that specifies the content type (Optional). </p>
				<example><b>collection</b>=cases</example>
				<p>For a list of values that can be used with the collection parameter, see <xref href="collectiontips.xml" scope="peer"/>.</p>
				</propdesc>
			</property>
			<property>
				<propvalue>id</propvalue>
				<propdesc><p>Parameter that contains the document ID.</p>
				<example><b>id</b>=3S54-5FP0-003B-R3SM-00000-00</example>
				<p>To find a document ID, follow these steps:</p>
				<ol>
				<li>Sign in to Lexis Advance™.</li>
				<li>Run a search for the document for which you want the ID.</li>
				<li>Open the document in the full view.</li>
				<li>Using your mouse, select any text in the document.</li>
				<li>Select <uicontrol>Copy text to clipboard</uicontrol> from the <uicontrol>Options for Selected Text</uicontrol> menu that displays.</li>
				<li>Paste the copied text and the accompanying document citation into a blank document.</li>
				<li>Use your mouse to hover over the document citation.</li>
				<li>Right-click, then select <uicontrol>Edit hyperlink</uicontrol> from the right-click menu.</li>
				<li>Use your browser tools to copy the identifier that follows the <uicontrol>id/</uicontrol> parameter in the URL.  This is the document ID to use when constructing a URL to retrieve a document by ID.</li>
				</ol>
				<p>In the example below, <uicontrol>3RJN-3D30-0039-446P-00000-00</uicontrol> is the document ID.</p>
<example>https://advance.lexis.com/api/document/collection/cases/id/<b>3RJN-3D30-0039-446P-00000-00</b></example>
				</propdesc>
			</property>
<property>
				<propvalue>{page}</propvalue>
				<propdesc><p>Query parameter that contains the document page number.</p>
				<example><b>page</b>=167</example>
				</propdesc>
			</property>

<property>
				<propvalue>{reporter}</propvalue>
				<propdesc><p>Query parameter that contains the identifier for the reporter.</p>
<example><b>reporter</b>=1100</example>
				</propdesc>
			</property>
<property>
				<propvalue>{context}</propvalue>
				<propdesc><p>Query parameter that indicates that the user wants to view results for a specific context (Optional).</p>
				  <example><b>context</b>=1000516</example>
						
				<p>For a list of values that can be used with the context parameter, see <xref href="contextips.xml" scope="peer"/></p></propdesc>
			</property>
		</properties>
	</refbody>
</reference>