<?xml version="1.0" encoding="UTF-8"?>
<!DOCTYPE reference PUBLIC "-//IBM//DTD DITA Composite//EN" "c:/dtd/ditabase.dtd">
<reference id="historytips" otherprops="historytips" audience="res;lps;vsa;med">
	<title>Research History List Page</title>
	<prolog>
		<author>Barb Bruns</author>
		<copyright>
			<copyryear year="2009"/>
			<copyrholder>Lexisnexis</copyrholder>
		</copyright>
		<critdates>
			<created date="2007-07-05"/>
		</critdates>
		<metadata>
			<prodinfo>
				<prodname>Lexis Advance</prodname>
				<vrmlist>
					<vrm version="1"/>
				</vrmlist>
			</prodinfo>
		</metadata>
	</prolog>
	<refbody>
		<section>	
			<p><ph keyref="prodnamefirst"/> automatically saves to History your activities, such as:</p>
			<ul>
				<li>Searches</li>
				<li>Search terms</li>
				<li>Results</li>
				<li>Filters you applied or removed</li>
				<li>Deliveries</li>
			</ul>
			<p>And so on, for up to 90 days. You can display your research history in a list view or a graphic (&quot;map&quot;) view. You can access history by selecting <uicontrol>History</uicontrol> at the top of any page, then <uicontrol>View all history</uicontrol>. Or, on the <ph keyref="prodnamefirst"/> home page, select the <uicontrol>History</uicontrol> pod, then select <uicontrol>List view</uicontrol> or <uicontrol>Research Map</uicontrol> at the bottom of the pod.</p>
			<note type="tip">For Public Records, you can only find items in history for up to 10 days.</note>
			<note type="note">To view your history in the Map view, either select <uicontrol>Research Map</uicontrol> from the History pod, or choose <uicontrol>History > Research Map</uicontrol>. See <xref href="maptips.xml" scope="peer"/> for details.</note>
		</section>
		<properties>
			<!--prophead>
				<propvaluehd>Item</propvaluehd>
				<propdeschd>Description</propdeschd>
			</prophead-->
			<property>
				<propvalue>List / Research Map</propvalue>
				<propdesc>Click <uicontrol>List</uicontrol> to view your search history in a results list view. Click <uicontrol>Research Map</uicontrol> to view it in the map (graphical) view.</propdesc>
			</property>

				<property>
				<propvalue>Narrow By</propvalue>
				<propdesc>
					<p>Use the <uicontrol>Narrow By</uicontrol> pane to filter your activities by date, type (such as searches only or emails only), or by Client/Matter. For example, to display only your activities from today, select <uicontrol>Today</uicontrol> in the <uicontrol>Date</uicontrol> category.</p>
					<p>To select several criteria in a category, select <uicontrol>Select multiple</uicontrol>.</p>
					<note type="note">
						<p>The criteria in the <uicontrol>Narrow By</uicontrol> pane depend on the activities in the list. For example, if you have no activities from yesterday, you won't see <uicontrol>Yesterday</uicontrol> listed in the <uicontrol>Date</uicontrol> category.</p>
						<p>Activities may appear in more than one category. For example, a legal search you ran today would appear under <uicontrol>Today</uicontrol> in the <uicontrol>Date</uicontrol> category and also under <uicontrol>Legal search</uicontrol> in the <uicontrol>Type</uicontrol> category.</p>
					</note>
					<p>To return to a previous results set after filtering one or more times, select <image href="Closeremove.png" alt="Close level" placement="inline"/> next to your selections at the top of the <uicontrol>Narrow By</uicontrol> pane to close that version. When you have closed all the versions, your original results are displayed on the right side of the results view.</p>
					<p>You can also return to your original results by selecting <uicontrol>Clear</uicontrol>.</p>
				</propdesc>
			</property>
			<property>
				<propvalue>Search Within History</propvalue>
				<propdesc>To search your history for specific items, enter words (such as a search term or part of a document title) and select the search icon (<image href="Search.png" alt="Search" placement="inline"/> ).  (To clear your search and view the full history map again, select <uicontrol>Reset map to default state</uicontrol> link under the search box.)</propdesc>
			</property>			
			<property>
                <propvalue>Date</propvalue>
                <propdesc>You can view your history by date. To select the history for a specific date or date range, select <uicontrol>Change date range</uicontrol> under <uicontrol>Date</uicontrol> and select the dates from the calendar. </propdesc>
            </property> 
<property>
                <propvalue>Type</propvalue>
                <propdesc>You can view your history by the type of activity, such as a legal search, document view, <ph keyref="shepardsfirst"/> search, etc. To select the type of activity, select the activity name under <uicontrol>Type</uicontrol>. </propdesc>
            </property> 
<property>
                <propvalue>Client</propvalue>
                <propdesc>You can view your history by client name or matter ID. To select the history for a specific client or matter, select the client name or matter ID under <uicontrol>Client</uicontrol>. </propdesc>
            </property> 

			<property>
                <propvalue>Originated In</propvalue>
                <propdesc>Shows which experience or area of the product you were in when you first searched the item listed in the history view.</propdesc>
            </property> 
						
			<property>
				<propvalue>
					<image href="folder.png" alt="Add to folder" placement="inline"/>
				</propvalue>
				<propdesc>To select one or more activities in the list to add to a folder, select the checkboxes next to the items in the list, and then select the <uicontrol>Add to folder</uicontrol> icon at the top of the column.</propdesc>
			</property>
			<property>
				<propvalue>
					<image href="Printablepage.png" alt="Printable Page" placement="inline"/> Printable page</propvalue>
				<propdesc>Click this icon to display a text-only version of the list, without any graphics, navigation bars, or options on the page.</propdesc>
			</property>
			<property>
			<propvalue>Sort By</propvalue>
			<propdesc>
					<p>These options let you sort your results list. By default, the list of items in the folder is sorted by date saved, with the most recently saved activity first.</p>
					<p>Select an option from this list to sort in a different order. You can sort by date saved, client, type, and title.</p>
				</propdesc>
			</property>
			
			<property>
				<propvalue>History item details</propvalue>
				<propdesc>Information about each item in your history is listed along with the history task. For example, entries will list where the search or other task originated, what client was assigned to the task, and so forth. </propdesc>
				</property>
				
			
		</properties>
	</refbody>
</reference>