<?xml version="1.0" encoding="UTF-8"?>
<!DOCTYPE reference PUBLIC "-//IBM//DTD DITA Composite//EN" "c:/dtd/ditabase.dtd">
<reference id="hometips" otherprops="hometips">
	<title>Home Page</title>
	<prolog>
		<author>Barb Bruns</author>
		<copyright>
			<copyryear year="2009"/>
			<copyrholder>Lexisnexis</copyrholder>
		</copyright>
		<critdates>
			<created date="2007-07-05"/>
		</critdates>
		<metadata>
			<prodinfo>
				<prodname>Lexis Advance</prodname>
				<vrmlist>
					<vrm version="1"/>
				</vrmlist>
			</prodinfo>
		</metadata>
	</prolog>
	<refbody>
		<section>	
			<p>From the <ph keyref="prodnamefirst"/> home page, you can begin or resume all of your research tasks, such as:</p>
			<ul>
				<li>Entering search terms to start a new search</li>
				<li>Finding sources in specific content areas with Explore Content</li>
				<li>Using Browse to find topics or sources, or to navigate to a Practice Center</li>
				<li>Selecting a search from history to run again</li>
				<li>Selecting favorite sources, topics, and filters to use for a search</li>
			</ul>
			
			<p>The pods in the lower section of the home page (History, Favorites, Folders, Support, etc.) provide quick access to many frequently used features.  You can customize this area of the home page by dragging and dropping the pods to arrange them in the order you wish.</p>
			<note>To drag and drop a pod, use your mouse to click inside the title area of the pod (just under the color line), then drag the pod in the direction you want it. A target will appear where you can drop the pod.</note>
			<p>All the features of the home page are described below.</p>
			
		</section>
		<properties>
			<prophead>
				<propvaluehd>Item</propvaluehd>
				<propdeschd>Description</propdeschd>
			</prophead>
			<property>
				<propvalue><ph keyref="prodnamefirst"/> Research</propvalue>
				<propdesc>Select from this drop-down list to use a different <ph keyref="companyfirst"/> feature, such as <ph keyref="cbnamefirst"/>, <ph keyref="lpsnamefirst"/>, <ph keyref="mednamefirst"/>, etc.</propdesc>
			</property>

				<property>
				<propvalue>Browse</propvalue>
				<propdesc>Use this drop-down list to browse or look for a specific topic or source, or to navigate to a Practice Center page.
				</propdesc>
			</property>
			<property>
				<propvalue>Client</propvalue>
				<propdesc>Select a Client or Matter name to assign your research to, or enter a new one.</propdesc>
			</property>			
			<property>
                <propvalue>History</propvalue>
                <propdesc>Select a search you have run recently to see the results, select <uicontrol>View all history</uicontrol> to view your search history as a list, or select <uicontrol>Research Map</uicontrol> to view it in graphic form. </propdesc>
            </property> 
<property>
                <propvalue>More</propvalue>
                <propdesc>Use this drop-down list to open your folders, view your alerts, open the <ph keyref="prodname"/> online help, sign out, etc. </propdesc>
            </property> 
<property>
                <propvalue>Advanced Search</propvalue>
                <propdesc>Displays a form you can use to construct a search with terms and connectors, search in specific segments, and/or a specific content type (such as Cases, Statutes and Legislation, etc.). </propdesc>
            </property> 

			<property>
                <propvalue>Tips</propvalue>
                <propdesc>This page provides a quick reference for using several key Lexis Advance® features, plus a list of frequently asked questions about using them.</propdesc>
            </property> 
						
			<property>
				<propvalue>Get a Doc Assistance</propvalue>
				<propdesc>Displays a form you can use to retrieve a document by citation, party name, or by docket number, and provides help with citation formatting.</propdesc>
			</property>
			<property>
				<propvalue>Search:Everything</propvalue>
				<propdesc>Enter terms and connectors or a natural language search, select this to display the filters you can use to restrict your search, and then select the search button ( <image href="redmagnifyglass.png" alt="Search" placement="inline"/> ) to run your search.</propdesc>
			</property>
			<property>
			<propvalue>Explore Content</propvalue>
			<propdesc>
					<p>Use this to select a specific source (or group of sources) by content area, jurisdiction, or practice area, or use the <uicontrol>Content Type</uicontrol>, <uicontrol>Federal</uicontrol>, <uicontrol>State</uicontrol>, or <uicontrol>Practice Area</uicontrol>, tabs to browse through or search the sources. <!--Or, select the <uicontrol>Topic Digest</uicontrol> to search for a specific legal topic, the definition of the topic, cases that refer to it, and more.--></p>
				</propdesc>
			</property>
			
			<property>
				<propvalue>History </propvalue>
				<propdesc>Open this pod to see recent searches, documents you have retrieved, and <ph keyref="shepardsfirst"/> searches you have performed. </propdesc>
				</property>
			
			<property>
				<propvalue>Folders </propvalue>
				<propdesc>Displays a list of your folders. </propdesc>
				</property>
<property>
				<propvalue>News </propvalue>
				<propdesc>Displays current news items. </propdesc>
				</property>
<property>
				<propvalue>Latest Updates</propvalue>
				<propdesc>Provides a link to a description of the newest changes to <ph keyref="prodname"/>. </propdesc>
				</property>
<property>
				<propvalue>Favorites</propvalue>
				<propdesc>The Favorites pod displays the sources, topics, and filters you have recently used in your searches.</propdesc>
				</property>	
<property>
				<propvalue>Notifications</propvalue>
				<propdesc>Displays a list of the notifications you have recently sent or received (notifications are sent when you share an item, such as a document, a folder, or an alert).</propdesc>
				</property>	
<property>
				<propvalue>Alerts</propvalue>
				<propdesc>Displays a list of your saved alerts and results.</propdesc>
				</property>	

<property>
				<propvalue>Archives</propvalue>
				<propdesc>Use this pod to access a collection of archived codes.</propdesc>
				</property>
				<property>
				<propvalue>Support</propvalue>
				<propdesc>This pod provides access to help pages, tutorials, and the <ph keyref="company"/> Customer Support phone number.</propdesc>
				</property>		
		</properties>
	</refbody>
</reference>