<?xml version="1.0" encoding="utf-8"?>
<!DOCTYPE reference PUBLIC "-//IBM//DTD DITA Composite//EN" "c:/dtd/ditabase.dtd">
<reference id="invalidIDtips" otherprops="invalidIDtips">
	<title>Multiple Invalid Client ID Page</title>
	<prolog>
		<author>Robin Stubbart</author>
		<copyright>
			<copyryear year="2011"/>
			<copyrholder>Lexisnexis</copyrholder>
		</copyright>
		<critdates>
			<created date="2011-07-06"/>
		</critdates>
		<metadata>
			<prodinfo>
				<prodname>Lexis Advance</prodname>
				<vrmlist>
					<vrm version="1"/>
				</vrmlist>
			</prodinfo>
		</metadata>
	</prolog>
	<refbody>
		<section>
			<p>Use this page to select valid Client IDs for documents with an Invalid status.</p>
			<p>Select or clear checkboxes for items marked as Invalid, then select <uicontrol>Change</uicontrol>.</p>
			<p>Once you do so, you can modify the <uicontrol>New Client ID</uicontrol> and <uicontrol>Research Description</uicontrol>, then select <uicontrol>Update</uicontrol>.</p>
			<p>When all items have a <uicontrol>Status</uicontrol> of Valid, the <uicontrol>Continue</uicontrol> button becomes active.</p>
			<p>Clicking <uicontrol>Continue</uicontrol> completes the task of choosing valid Client IDs.</p>
		</section>
	</refbody>
</reference>