<?xml version="1.0"?>
<!DOCTYPE reference PUBLIC "-//IBM//DTD DITA Composite//EN" "c:/dtd/ditabase.dtd">
<reference id="jurisdictiontips" otherprops="urlapi" audience="res;urlapi">
	<title>Search in a Specific Jurisdiction</title>
	<prolog>
		<author>Barb Bruns</author>
		<copyright>
			<copyryear year="2009"/>
			<copyrholder>LexisNexis</copyrholder>
		</copyright>
		<critdates>
			<created date="2012-10-18"/>
		</critdates>
		<metadata>
			<prodinfo>
				<prodname>Lexis Advance® URL API</prodname>
				<vrmlist>
					<vrm version="1"/>
				</vrmlist>
			</prodinfo>
		</metadata>
	</prolog>
	<refbody>
		<section>
		<note conref="urlapi_group_ref.xml#urlapi_group_ref/urlapinote"/>

		<p>Use the <uicontrol>jurisdiction</uicontrol> parameter to indicate the jurisdiction to search.  You can use multiple jurisdictions, separated by a period.  If you don't specify a jurisdiction, all jurisdictions are searched. </p>
		
<p>The jurisdiction parameter is optional. It is shown below in a URL using search terms.</p>
<p>For a list of jurisdictions and the values to use for the parameter, see <xref href="jurisdictionvalues_ref.xml" scope="peer">Values for the Jurisdiction Parameter</xref>.</p>

<p><b>URL Template</b></p>
<p>http://advance.lexis.com/api/search?{search-terms}&amp;<b>{jurisdiction}</b></p>
<example>http://advance.lexis.com/api/search?q=burden%20of%20proof&amp;<b>jurisdiction=dXJuOmpwZjoxMDk5</b></example>
</section>


		<properties>
			
			<prophead>
				<propvaluehd>Value</propvaluehd>
				<propdeschd>Description</propdeschd>
			</prophead>
			<property>
				<propvalue>search</propvalue>
				<propdesc>Indicates the user wants to run a search and view the results.</propdesc>
			</property>
			<property>
				<propvalue>{search-terms}</propvalue>
				<propdesc><p>Query parameter that contains the search syntax. Use <userinput>%20</userinput> in the URL to replace spaces between words in the search string. </p>
				<example><b>q</b>=breach%20of%20contract</example>
				</propdesc>
			</property>
			
			<property>
				<propvalue>{jurisdiction}</propvalue>
				<propdesc><p>Query parameter that specifies the jurisdiction to search in (Optional). </p>
				<example><b>jurisdiction</b>=dXJuOmpwZjoxMDk5</example>
			</propdesc>
			</property>
		</properties>
	</refbody>
</reference>