<?xml version="1.0" encoding="UTF-8"?>
<!DOCTYPE reference PUBLIC "-//IBM//DTD DITA Composite//EN" "c:/dtd/ditabase.dtd">
<reference id="legaltopicdossiertips" otherprops="legaltopicdossiertips" audience="res;lps">
	<title>Topic Summaries List</title>
	<prolog>
		<author>Barb Bruns</author>
		<copyright>
			<copyryear year="2009"/>
			<copyrholder>Lexisnexis</copyrholder>
		</copyright>
		<critdates>
			<created date="2007-07-05"/>
		</critdates>
		<metadata>
			<prodinfo>
				<prodname>Lexis Advance</prodname>
				<vrmlist>
					<vrm version="1"/>
				</vrmlist>
			</prodinfo>
		</metadata>
	</prolog>
	<refbody>
		<section>
			<p>When you select <uicontrol>View reports</uicontrol> from <uicontrol>About This Document</uicontrol>, or select the icon <image href="dossier-logo.png" alt="Topic Summaries report" placement="inline"/> in the <ph keyref="companyfirst"/> Headnotes of a case, the list of topic summary reports for that legal topic is displayed.</p>
			<p>From this page, you can select a single report, or select a delivery option described below.</p>
		</section>
		<properties>
			<prophead>
				<propvaluehd>Item</propvaluehd>
				<propdeschd>Description</propdeschd>
			</prophead>
			<property>
				<propvalue>
					<image href="Download.png" alt="Save" placement="inline"/>
				</propvalue>
				<propdesc>To select one or more documents to save to your computer, select the checkboxes next to the documents in the list, and then select the <uicontrol>Download</uicontrol> icon at the top of the column. (Delivery options are consolidated under the icon for the last delivery option you used.)</propdesc>
			</property>
			<property>
				<propvalue>
					<image href="Email.png" alt="Email" placement="inline"/>
				</propvalue>
				<propdesc>To select one or more documents to email, select the checkboxes next to the documents in the list, and then select the <uicontrol>Email</uicontrol> icon at the top of the column.</propdesc>
			</property>
			<property>
				<propvalue>
					<image href="print.png" alt="Print to attached printer" placement="inline"/>
				</propvalue>
				<propdesc>To select one or more documents to open as a PDF document you can save or print to an attached printer, select the checkboxes next to the documents in the list, and then select the <uicontrol>Print</uicontrol> icon at the top of the column.</propdesc>
			</property>
			<property>
				<propvalue>
					<image href="Printablepage.png" alt="Printable Page" placement="inline"/> Printable page</propvalue>
				<propdesc>Click to view the list in a printer-friendly format.</propdesc>
			</property>
		</properties>
		<section>
			<p/>
			<p>A topic summary contains these items:</p>
			<p/>
		</section>
		<properties>
			<prophead>
				<propvaluehd>Item</propvaluehd>
				<propdeschd>Description</propdeschd>
			</prophead>
			<property>
				<propvalue>Topic index</propvalue>
				<propdesc>Select this to see the topic's placement in the legal topic hierarchy.</propdesc>
			</property>
			<property>
				<propvalue>View all documents for this topic</propvalue>
				<propdesc>Select this to see a results list of all the documents that address this topic.</propdesc>
			</property>
			<property>
				<propvalue>Summary</propvalue>
				<propdesc>A definition and summary of the legal topic of the report.</propdesc>
			</property>
			<property>
				<propvalue>Seminal Cases</propvalue>
				<propdesc>A list of seminal cases for the legal topic, with the <ph keyref="shepsignalsingularfirst"/> for each for each, and a link to the full text of the case.</propdesc>
			</property>
			<property>
				<propvalue>Topic Summary Hierarchy</propvalue>
				<propdesc>The topic's placement in the legal topic hierarchy.</propdesc>
			</property>
		</properties>
	</refbody>
</reference>