<?xml version="1.0"?>
<!DOCTYPE reference PUBLIC "-//IBM//DTD DITA Composite//EN" "c:/dtd/ditabase.dtd">
<reference id="legalissuetrailtips" otherprops="legalissuetrailtips" audience="res">
	<title><ph keyref="litnamefirst"/> Page</title>
	<prolog>
		<author>Barb Bruns</author>
		<copyright>
			<copyryear year="2009"/>
			<copyrholder>Lexisnexis</copyrholder>
		</copyright>
		<critdates>
			<created date="2009-01-23"/>
		</critdates>
		<metadata>
			<prodinfo>
				<prodname>Lexis Advance</prodname>
				<vrmlist>
					<vrm version="1"/>
				</vrmlist>
			</prodinfo>
		</metadata>
	</prolog>
	<refbody>
		<section>
			
			<p>The <ph keyref="litnamefirst"/> lists cases that cite to the case you are viewing as well as cases your case has cited - for a specific legal issue. Not all legal documents have a <ph keyref="litname"/>.</p>
			<p>The information is presented in a citation list, with the cases your document cited for this issue listed first, followed by the cases that cited your document for the issue. Each entry in the list includes the document citation, jurisdiction, court, and date for each document, plus the first 75 words of the passage in the document. </p>
			<p>When you select a passage, the passage is outlined with a border. When you select the border, the <ph keyref="litname"/> for the passage appears in a new page. You can return to your search results or the previous or next document in your results using the links at the top right of the page.</p>
			<p>When viewing the <ph keyref="litname"/>, you may decide that changing your search terms or other parameters would produce better results. The search form is displayed at the top of your results so you can modify the terms, content, or topics you want to search, and run the search again.</p>
			<p>While viewing a specific trail, the following options are available to you:</p>
		</section>
		<properties>
			<prophead>
				<propvaluehd>Item</propvaluehd>
				<propdeschd>Description</propdeschd>
			</prophead>
			<property>
				<propvalue>
					<i>n</i> Citations (n)</propvalue>
				<propdesc>
					<p>The total number of documents in this <ph keyref="litname"/>.</p>
				</propdesc>
			</property>
			
			<property>
				<propvalue>Selected Passage</propvalue>
				<propdesc>The first 3 lines of the passage you selected from the original document. If the passage is longer than 3 lines, select <uicontrol>Show more text</uicontrol> to display the entire passage.</propdesc>
			</property>
<property>
				<propvalue>Sort by</propvalue>
				<propdesc>
					<p>By default, the documents in your results list are sorted by relevance.</p>
					<p>Select an option from this list to sort in a different order.  You can sort based on relevance, document title, date, jurisdiction, or court.</p>
				</propdesc>
			</property>
			<property>
				<propvalue>
					<image href="folder.png" alt="Add to folder" placement="inline"/>
				</propvalue>
				<propdesc>To select one or more documents to add to a folder, select the checkboxes next to the documents in the list, and then select the <uicontrol>Add to folder</uicontrol> icon at the top of the column.</propdesc>
			</property>
			<property>
				<propvalue>
					<image href="Printablepage.png" alt="Printable Page" placement="inline"/> Printable page</propvalue>
				<propdesc>Click to view the list in a printer-friendly format.</propdesc>
			</property>
			<property>
				<propvalue>
					<image href="Triangleleft.png" alt="Previous" placement="inline"/> n - n <image href="Triangleright.png" alt="Next" placement="inline"/></propvalue>
				<propdesc>Click the right or left arrow to display the previous or next group of documents in the <ph keyref="litname"/>.</propdesc>
			</property>
			
			<property>
				<propvalue>Document Title</propvalue>
				<propdesc>To view the full document, select the document title.  To sort your results alphabetically by document title, select the column header. Click it again to restore it to the original order.</propdesc>
			</property>
			<property>
				<propvalue>Jurisdiction</propvalue>
				<propdesc>The jurisdiction for the citation.  To sort the <ph keyref="litname"/> by jurisdiction, select the column header. Click it again to restore it to the original order.</propdesc>
			</property>
			<property>
				<propvalue>Court</propvalue>
				<propdesc>The court for the citation.  To sort the <ph keyref="litname"/> by court, select the column header. Click it again to restore it to the original order.</propdesc>
			</property>
			<property>
				<propvalue>Date</propvalue>
				<propdesc>Click this column header to sort your results list by date (newest to oldest or oldest to newest). Click it again to restore it to the original order.</propdesc>
			</property>
			<property>
				<propvalue>Cited by:</propvalue>
				<propdesc>The citation of the document the <ph keyref="litname"/> is for.  Your document <b>cited</b> the documents displayed in this section.</propdesc>
			</property>
			<property>
				<propvalue>Cites to:</propvalue>
				<propdesc>The citation of the document the <ph keyref="litname"/> is for.  The documents displayed in this section <b>cited your document</b>.</propdesc>
			</property>
			<property>
				<propvalue>1 2 3 4 5 ...</propvalue>
				<propdesc>Indicates which page in your results set you are viewing. Click a different page number to display that page, or use the right or left arrows to scroll through your results set.</propdesc>
			</property>
			<property>
				<propvalue>Items per page:</propvalue>
				<propdesc>Click this to select a different number of documents to display per page in the results list.</propdesc>
			</property>
		</properties>
	</refbody>
</reference>
