<?xml version="1.0"?>
<!DOCTYPE reference PUBLIC "-//IBM//DTD DITA Composite//EN" "c:/dtd/ditabase.dtd">
<reference id="linkcreatetips" otherprops="linkcreatetips">
	<title>Link to This Page</title>
	<prolog>
		<author>Christina Stommel</author>
		<copyright>
			<copyryear year="2014"/>
			<copyrholder>LexisNexis</copyrholder>
		</copyright>
		<critdates>
			<created date="2014-10-18"/>
		</critdates>
		<metadata>
			<prodinfo>
				<prodname>Lexis Advance®</prodname>
				<vrmlist>
					<vrm version="1"/>
				</vrmlist>
			</prodinfo>
		</metadata>
	</prolog>
	<refbody>
		<section>
		<p>You can copy a permanent link to many of the pages in <ph keyref="prodnamefirst"/> you are viewing, which will later give you access to this same page. Following are some things to understand about using the permanent link:</p>
		<ul>
		<li>A permanent link (versus a browser "bookmark") stores and remembers application-related properties of the page you are viewing, for example, it will remember filters, sorting options, and so forth. However, the application itself does not save the link, so you must store the link using your own application, such as Notepad, an email client, or a word processor.</li>
		<li>The link will no longer work if it is not used for a period of two years.</li>		
		<li>If you share the generated link with others, standard subscription rules and rates will apply to recipients of the link.</li>
		<li>If you link to a Topic Summary list, the link will include only the documents available at the time the link is generated. This means that if future documents are added or removed, they will not be available when you view the link. To view the current list of documents, after the link was created, you must view the source document again.</li>
		</ul>
		<p>To copy the link, highlight it and then use your browser's copy tool to copy it. For example, either press <uicontrol>Ctrl+C</uicontrol> to copy it, or view the browser's <uicontrol>Edit</uicontrol> menu and choose <uicontrol>Copy</uicontrol>. Once copied to your clipboard, paste the URL into the text editing application of your choice.</p>
		</section>
		<section>
		<title>Availability Within the Product</title>
		<p>The <uicontrol>Link to this page</uicontrol> option is available on the following <ph keyref="prodname"/> pages:</p>
		<ul>
		<li>Standard results list</li>
		<li>Full documents opened from a search results list</li>
		<li>Shepard's® reports</li>
		<li>Archived code versions/All versions/Other versions</li>
		<li>Topic Summaries</li>
		<li>Table of Contents pages - Heading results pages and document results pages</li>
		<li>	History pages - both List and Research Map views</li>
		<li>Folders - both various intermediate pages as well as saved documents within Folders</li>
		<li>Alerts pages</li>
		<li>Notifications pages</li>
		<li>Practice Center pages</li>
		<li>Explore Content pages</li>
		<li>Browse Sources/ Browse Topics pages</li>
		</ul>
		</section>



	</refbody>
</reference>