<?xml version="1.0" encoding="UTF-8"?>
<!DOCTYPE reference PUBLIC "-//IBM//DTD DITA Composite//EN" "c:/dtd/ditabase.dtd">
<reference id="lpaaskourauthorstips" otherprops="lpaaskourauthorstips" audience="lpa">
	<title>Ask Our Authors Form</title>
	<prolog>
		<author>Robin Evans</author>
		<author>Garth Lewis</author>
		<copyright>
			<copyryear year="2012"/>
			<copyrholder>Lexisnexis</copyrholder>
		</copyright>
		<critdates>
			<created date="2012-11-14"/>
			<revised modified="2014-07-18"/><!--Changed LPA keyrefs so that the full product name always appears.  Per Shari Townsend, the product's full name and trademark must be spelled out whenever it appears.-->
			<revised modified="2014-08-06"/><!--Updated the content for R4.2.-->
		</critdates>
		<metadata>
			<prodinfo>
				<prodname>Lexis Advance</prodname>
				<vrmlist>
					<vrm version="1"/>
				</vrmlist>
			</prodinfo>
		</metadata>
	</prolog>
	<refbody>
		<section>
			<p>
				<ph keyref="lpanamefirst"/> authors are ready to answer your questions. To submit a question, complete the following fields.</p>
			<note type="important">Fields that display an asterisk (<uicontrol>*</uicontrol>) are required.  You must complete such fields before you can submit your question.</note>
		</section>
		<properties>
			<prophead>
				<propvaluehd>Item</propvaluehd>
				<propdeschd>Description</propdeschd>
			</prophead>
			<property>
				<propvalue>Questions</propvalue>
				<propdesc>
					<p>This field requires you to type the text of your question.</p>
					<note type="tip">You may type more than one question in the this field.</note>
				</propdesc>
			</property>
			<property>
				<propvalue>Name</propvalue>
				<propdesc>This field allows you to type an identifier you want to use for your question. Your <ph keyref="lpaname"/> ID appears in this field by default.</propdesc>
			</property>
			<property>
				<propvalue>Email Address</propvalue>
				<propdesc>This field requires you to type an email address at which the author may reach you with a reply or other follow-up. The email address associated with your <ph keyref="lpaname"/> ID appears in this field by default.</propdesc>
			</property>
			<property>
				<propvalue>Phone Number</propvalue>
				<propdesc>This field allows you to type a telephone number at which the author may reach you with a reply or other follow-up.</propdesc>
			</property>
			<property>
				<propvalue>Company</propvalue>
				<propdesc>This field allows you to type the name of your company.</propdesc>
			</property>
			<property>
				<propvalue>Send</propvalue>
				<propdesc>
					<p>Select the <uicontrol>Send</uicontrol> button to submit your question to our authors.</p>
					<note type="note">You can select the <uicontrol>Close</uicontrol> button at any time to return to the <ph keyref="lpaname"/> page without taking any action.</note>
				</propdesc>
			</property>
		</properties>
	</refbody>
</reference>