<?xml version="1.0" encoding="UTF-8"?>
<!DOCTYPE reference PUBLIC "-//IBM//DTD DITA Composite//EN" "c:/dtd/ditabase.dtd">
<reference id="lpadraftingnotetips" otherprops="lpadraftingnotetips" audience="lpa">
	<title>LexisNexis&#xAE; Practice Advisor Drafting Notes</title>
	<prolog>
		<author>Robin Evans</author>
		<author>Garth Lewis</author>
		<copyright>
			<copyryear year="2012"/>
			<copyrholder>Lexisnexis</copyrholder>
		</copyright>
		<critdates>
			<created date="2012-05-03"/>
			<revised modified="2014-08-06"/><!--Updated keyref to show full legal name of the product.  Also added the updated icon image.-->
		</critdates>
		<metadata>
			<prodinfo>
				<prodname>Lexis Advance</prodname>
				<vrmlist>
					<vrm version="1"/>
				</vrmlist>
			</prodinfo>
		</metadata>
	</prolog>
	<refbody>

			<p>Drafting notes are additional information that may be associated with forms in <ph keyref="lpanamefirst"/>.  This explanatory information can help you understand the purpose and use of particular sections and clauses in the form.  To review drafting notes, simply select the <uicontrol>Drafting notes</uicontrol> icon (<image href="IconDraftingNote.png" placement="inline"/>) when you see it.</p>
		
	</refbody>
</reference>