<?xml version="1.0" encoding="UTF-8"?>
<!DOCTYPE reference PUBLIC "-//IBM//DTD DITA Composite//EN" "c:/dtd/ditabase.dtd">
<reference id="lpaeditableformstips" otherprops="lpaeditableformstips" audience="lpa">
	<title>Form Content</title>
	<prolog>
		<author>Robin Evans</author>
		<author>Garth Lewis</author>
		<copyright>
			<copyryear year="2012"/>
			<copyrholder>Lexisnexis</copyrholder>
		</copyright>
		<critdates>
			<created date="2006-10-25"/>
			<revised modified="2014-02-24"/><!--Commented out the link to "How do I Add Drafting Notes"-->
			<revised modified="2014-08-06"/><!--Updated the text for R4.2-->
		</critdates>
		<metadata>
			<prodinfo>
				<prodname>Lexis Advance</prodname>
				<vrmlist>
					<vrm version="1"/>
				</vrmlist>
			</prodinfo>
		</metadata>
	</prolog>
	<refbody>
		<section>

			<p>When you view a form, or select one or more editable forms using the checkboxes, then select the <uicontrol>Download</uicontrol> icon ( <image href="Download.png" alt="Download" placement="inline"/> ), a drop-down list appears. You can choose to download your document immediately using default settings, or to change the settings before you download. For more information on downloading documents in <ph keyref="prodnamefirst"/>, see the topic <xref href="downloadresults_hdi.xml" scope="peer">How do I download results</xref>. You can access more information on actions you can take with forms below.</p>
		</section>
		<section>
			<title>Editable Forms Content</title>
			<p>Forms content includes:</p>
			<ul>
				<li>Searching for a specific form and viewing search results</li>
				<li>
					<xref href="lpaopenform_hdi.xml" scope="peer">Opening</xref> selected forms</li>
				<li>
					<xref href="lpaeditform_hdi.xml" scope="peer">Editing</xref> selected forms</li>
				<!--li>
					<xref href="lpadraftnote_hdi.xml" scope="peer">Add Drafting Notes</xref> to selected forms</li>
					As of 24 February 2014, users cannot add drafting notes to forms.-->
				<li>
					<xref href="lpaaddalternateclause_hdi.xml" scope="peer">Add Alternate Clauses</xref> to selected forms</li>
				<li>
					<xref href="lpaaddoptionalclause_hdi.xml" scope="peer">Add Alternate Clauses</xref> to selected forms</li>
			</ul>
		</section>
	</refbody>
</reference>