<?xml version="1.0" encoding="UTF-8"?>
<!DOCTYPE reference PUBLIC "-//IBM//DTD DITA Composite//EN" "c:/dtd/ditabase.dtd">
<reference id="lpaformsindextips" otherprops="lpaformsindextips" audience="lpa">
	<title>Using the <ph keyref="lpanamefirst"/> Forms Index Page</title>
	<prolog>
		<author>Paul Claggett</author>
		<copyright>
			<copyryear year="2016"/>
			<copyrholder>Lexisnexis</copyrholder>
		</copyright>
		<critdates>
			<created date="2016-02-18"/>
		</critdates>
		<metadata>
			<prodinfo>
				<prodname>Lexis Advance</prodname>
				<vrmlist>
					<vrm version="1"/>
				</vrmlist>
			</prodinfo>
		</metadata>
	</prolog>
	<refbody>
	<section>
<p>There is a <uicontrol>Forms Index</uicontrol> pane on the <ph keyref="lpaname"/> home page. Click the link for the selected practice area to open the index of forms for that practice area or select <uicontrol>View forms for all practice areas</uicontrol> to open the entire forms index.
</p>
<p> You can also open the forms index for a particular practice area from the topics menu on any subtopic page within that practice area by selecting the link at the bottom of the <uicontrol>Topics</uicontrol> fly-out menu.
</p>
<simpletable>
<sthead>
<stentry>Feature</stentry>
<stentry>Description</stentry>
</sthead>
<strow>
<stentry><image href="lpaactions.png" alt="Actions" placement="inline"/></stentry>
<stentry>Select <uicontrol> Link to this page</uicontrol> from this drop-down to generate an external URL for the current page.</stentry>
</strow>
<strow>
<stentry><image href="lpapicktool.png" alt="Alphabet Pick Tool" placement="inline"/></stentry>
<stentry>Use this tool to narrow your list to form titles that begin with a specific letter or number. Select <uicontrol> All</uicontrol> to retrieve a list of all available forms.
<note>Gray letters indicate that there are currently no form titles available that begin with that letter.</note>
</stentry>
</strow>
<strow>
<stentry><image href="lpafindform.png" alt="Find a Form" placement="inline"/></stentry>
<stentry>Expand this pane to open a search box and search for a form by title, summary, or both.</stentry>
</strow>
<strow>
<stentry><image href="lpafindtype.png" alt="Form Type" placement="inline"/></stentry>
<stentry>Expand this pane to display a list of the available forms by type. The number next to each type indicates the number of forms available for that type. Click <uicontrol>More</uicontrol> to display the full list. Click <uicontrol>Multiple</uicontrol> to open a dialog box that allows you to narrow your results to more than one type.</stentry>
</strow>
<strow>
<stentry><image href="lpaindexpa.png" alt="Practice Area" placement="inline"/></stentry>
<stentry>Expand this pane to display a list of the available forms by practice area. The number next to each practice area indicates the number of forms available for that practice area. Click <uicontrol>More</uicontrol> to display the full list. Click <uicontrol>Multiple</uicontrol> to open a dialog box that allows you to narrow your results to more than one practice area.
<note>If you select a practice area from the <uicontrol> Forms Index</uicontrol> pane on the <ph keyref="lpaname"/> home page or from the bottom of the <uicontrol>Topics</uicontrol> fly-out menu on a subtopic page, the <uicontrol> Narrow By</uicontrol> feature excludes this option.</note>
</stentry>
</strow>
<strow>
<stentry><image href="lpaclear.png" alt="Clear" placement="inline"/></stentry>
<stentry>Click this to remove all search restrictions and display or redisplay the entire forms index.</stentry>
</strow>
<strow>
<stentry><image href="lpapagination.png" alt="Pagination Bar" placement="inline"/></stentry>
<stentry>Use this page navigation bar to move to any page of your results or to the beginning or end of your results list.</stentry>
</strow>
<strow>
<stentry><image href="lpatotop.png" alt="Back to Top" placement="inline"/></stentry>
<stentry>Click this button to return to the top of the current page.</stentry>
</strow>
</simpletable>
</section>
	</refbody>
</reference>
	
