<?xml version="1.0" encoding="UTF-8"?>
<!DOCTYPE reference PUBLIC "-//IBM//DTD DITA Composite//EN" "c:/dtd/ditabase.dtd">
<reference id="lpameetauthorstips" otherprops="lpameetauthorstips" audience="lpa">
	<title>Meet Lexis&#xAE; Practice Advisor Authors</title>
	<prolog>
		<author>Robin Evans</author>
		<author>Garth Lewis</author>
		<copyright>
			<copyryear year="2012"/>
			<copyrholder>Lexisnexis</copyrholder>
		</copyright>
		<critdates>
			<created date="2012-05-03"/>
			<revised modified="2014-07-18"/><!--Changed LPA keyrefs so that the full product name always appears.  Per Shari Townsend, the product's full name and trademark must be spelled out whenever it appears.-->
		</critdates>
		<metadata>
			<prodinfo>
				<prodname>Lexis Advance</prodname>
				<vrmlist>
					<vrm version="1"/>
				</vrmlist>
			</prodinfo>
		</metadata>
	</prolog>
	<refbody>
		<section>
			<p>The <ph keyref="lpanamefirst"/> <i> Meet Our Authors</i> feature offers new practical guidance resources complemented by select targeted and relevant legal content. Each category contains a unique collection of expertly authored content in the relevant practice area or jurisdiction, and is updated on an ongoing basis to help you keep up to date on the most current and leading practice trends.</p>
		</section>
	</refbody>
</reference>