<?xml version="1.0" encoding="UTF-8"?>
<!DOCTYPE reference PUBLIC "-//IBM//DTD DITA Composite//EN" "c:/dtd/ditabase.dtd">
<reference id="lpamarketrackertips" otherprops="lpamarketrackertips" audience="lpa">
	<title>Market Tracker</title>
	<prolog>
		<author>Robin Evans</author>
		<copyright>
			<copyryear year="2012"/>
			<copyrholder>Lexisnexis</copyrholder>
		</copyright>
		<critdates>
			<created date="2012-05-03"/>
		</critdates>
		<metadata>
			<prodinfo>
				<prodname>Lexis Advance</prodname>
				<vrmlist>
					<vrm version="1"/>
				</vrmlist>
			</prodinfo>
		</metadata>
	</prolog>
	<refbody>
		<section>
			<p>Lexis® Market Tracker searches all the legal documents filed for the purchase of corporations in the United States so you can find information about recent developments in a particular industry, or about a single sale. You can open electronic copies of the original documents for sales, closing contracts, financing, etc., then search those documents for a specific name or phrase.</p>
<p>You can print your results, or export information to Microsoft® Word or Excel for further analysis.</p>
		</section>
	</refbody>
</reference>