<?xml version="1.0" encoding="UTF-8"?>
<!DOCTYPE reference PUBLIC "-//IBM//DTD DITA Composite//EN" "c:/dtd/ditabase.dtd">
<reference id="lpapgtips" otherprops="lpa;content" audience="exclude">
	<title>Practical Guidance Content</title>
	<prolog>
		<author>Robin Evans</author>
		<author>Garth Lewis</author>
		<copyright>
			<copyryear year="2012"/>
			<copyrholder>Lexisnexis</copyrholder>
		</copyright>
		<critdates>
			<created date="2006-10-25"/>
			<revised modified="2014-08-05"/>
				<!--Changed the audience to "exclude" so this file will no longer appear in TotalHelp. It does not appear that this file is at all needed.-->
		</critdates>
		<metadata>
			<prodinfo>
				<prodname>Lexis Advance</prodname>
				<vrmlist>
					<vrm version="1"/>
				</vrmlist>
			</prodinfo>
		</metadata>
	</prolog>
	<refbody>
		<section>
			<p><ph keyref="lpanamefirst"/> provides you with online access to expert practical guidance, <ph keyref="company"/> commentary, cases, legislation, forms and precedents, as well as relevant legal practice steps, and up-to-date information.</p>
			<p>Enter your keyword in the <uicontrol>Search</uicontrol> box, select <uicontrol>Practical Guidance</uicontrol> in the drop-down list under the <uicontrol>Search</uicontrol> box, then select <uicontrol>Search</uicontrol>.</p>
			<p>When you view practical guidance content from your results, or select one or more examples using the checkboxes, then select the <uicontrol>Save</uicontrol> icon ( <image href="Download.png" alt="Save" placement="inline"/> ), the Download page appears.  To download your documents, complete the page and select <uicontrol>OK</uicontrol>. The results will display Practical Guidance documents related to your search terms.</p>
		</section>
	</refbody>
	<reference conref="fulldoctips.xml" id="fulldoctips"><title/><refbody/></reference>
</reference>