<?xml version="1.0" encoding="UTF-8"?>
<!DOCTYPE reference PUBLIC "-//IBM//DTD DITA Composite//EN" "c:/dtd/ditabase.dtd">
<reference id="lparecentlyviewedtips" otherprops="lparecentlyviewedtips" audience="lpa">
	<title>Recently Browsed Documents Pane</title>
	<prolog>
		<author>Robin Evans</author>
		<author>Garth Lewis</author>
		<copyright>
			<copyryear year="2012"/>
			<copyrholder>Lexisnexis</copyrholder>
		</copyright>
		<critdates>
			<created date="2012-05-03"/>
			<revised modified="2014-04-03"/>
				<!--Fixed "Recently Browsed Documents" label to match current application.-->
			<revised modified="2014-08-05"/>
				<!--Updated content for R4.2-->
		</critdates>
		<metadata>
			<prodinfo>
				<prodname>Lexis Advance</prodname>
				<vrmlist>
					<vrm version="1"/>
				</vrmlist>
			</prodinfo>
		</metadata>
	</prolog>
	<refbody>
		<section>
			<p><ph keyref="lpanamefirst"/> automatically saves your activities for up to 90 days. The <uicontrol>Recently Browsed Documents</uicontrol> pane displays your most recently visited content.  Activites listed in the <uicontrol>Recently Browsed Documents</uicontrol> pane may include:</p>
			<ul>
				<li>Searches</li>
				<li>Search terms</li>
				<li>Results</li>
				<li>Filters you applied or removed</li>
				<li>Deliveries</li>
			</ul>
		</section>

		<properties>
			<!--property>
				<propvalue><image href="lpanewcontentdate.png" alt="New Content Date" placement="inline"/></propvalue>
				<propdesc>Date the recent content was accessed using your subscription
					<p><note type="tip">Select the link to open the content directly from the <uicontrol>Recently Browsed Documents</uicontrol> pane.</note></p>
				</propdesc>
			</property-->
			<property>
				<propvalue><i>document title</i></propvalue>
				<propdesc>Select the title of any listed item to open the content directly from the <uicontrol>Recently Browsed Documents</uicontrol> pane.</propdesc>
			</property>
			<property conref="lpawhatsnewtips.xml#lpawhatsnewtips/1001">
				<propvalue></propvalue>
				<propdesc></propdesc>
			</property>
			<property conref="lpawhatsnewtips.xml#lpawhatsnewtips/1002">
				<propvalue></propvalue>
				<propdesc></propdesc>
			</property>
			<property>
				<propvalue>View all <ph audience="lpa4.2">document</ph> history</propvalue>
				<propdesc>Select this link to open a new tab that shows 90 days of activity history.</propdesc>
			</property>
		</properties>
	</refbody>
</reference>
