<?xml version="1.0"?>
<!DOCTYPE reference PUBLIC "-//IBM//DTD DITA Composite//EN" "c:/dtd/ditabase.dtd">
<reference id="lparesultips" otherprops="lpa;search;results" audience="lpa">
	<title>Lexis&#xAE; Practice Advisor Results List Page</title>
	<prolog>
		<author>Barb Bruns</author>
		<author>Paul Claggett</author>
		<copyright>
			<copyryear year="2009"/>
			<copyrholder>Lexisnexis</copyrholder>
		</copyright>
		<critdates>
			<created date="2009-01-23"/>
			<revised modified="2015-04-16"/><!--Updated the page for R4.2-->
		</critdates>
		<metadata>
			<prodinfo>
				<prodname>Lexis Advance</prodname>
				<vrmlist>
					<vrm version="1"/>
				</vrmlist>
			</prodinfo>
		</metadata>
	</prolog>
	<refbody>
		<section>
			<data>focus, narrow, filter, sources</data>
			<p><ph keyref="lpanamefirst"/> may present your results in the following ways:</p>
			<simpletable>
				<sthead>
					<stentry>If...</stentry>
					<stentry>Results appear as...</stentry>
				</sthead>
				<strow>
					<stentry>Your search retrieved multiple documents</stentry>
					<stentry>
						
						<p>A list of documents for the content type selected as the &quot;Start in&quot; type. The search field in the navigation bar at the top of the page displays your search terms, along with a drop-down list of actions you can take.</p>
						<p>The number of results found for each category is displayed following the category name in the pane on the left. If more than 10,000 results were found for a category, <uicontrol>(10,000+)</uicontrol> is displayed.</p>
					</stentry>
				</strow>
				<strow>
					<stentry>You retrieved an individual document by entering its citation in the search box</stentry>
					<stentry><p>A single document. If the document is included in your subscription, it is opened automatically. If it is outside your subscription, the document title appears by itself, and you'll have the option of opening it for a fee.</p>
						<note type="note">
						<ul>
							<li>Multiple documents retrieved by a single citation display as a list of documents. </li>
							
								
							<li>Occasionally, a very large document, or one that contains an unusual number of embedded links, will not open immediately.</li>
						</ul>
							
						</note>
					</stentry>
				</strow>
				<strow>
					<stentry>You enter multiple citations in the search box</stentry>
					<stentry>A list of documents.</stentry>
				</strow>
				<strow>
					<stentry>You used the <b>Search for (<i>citation</i>)</b> option in <uicontrol>About This Document</uicontrol> to retrieve all documents referencing a specific citation</stentry>
					<stentry>The documents will be displayed as a list, regardless of any specific content type, jurisdiction, practice area, or &quot;Start in&quot; selections you made before your search.</stentry>
				</strow>
			</simpletable>

			<p>&nbsp;</p>
			<p>Select a search term from a document in your results list to open the document at the location of that search term in the document.</p>
			<!--<note type="note">Search terms are not highlighted in the Snapshot view.</note>-->

            <p>The search form is displayed at the top of your results so you can modify the terms, content, or topics you want to search, and run the search again.</p> 

		</section>
		<section>
		
		
			<p>&nbsp;</p>
			<p>These options allow you to navigate through and narrow the results of your search:</p>
		</section>

		<properties>
			<prophead>
				<propvaluehd>Value</propvaluehd>
				<propdeschd>Description</propdeschd>
			</prophead>
			
		
			<property>
				<propvalue>Left Pane</propvalue>
				<propdesc>The box on the left side of the page lists all the available content types.  Select one of these values to see a list of all the search results for the selected content type.</propdesc>
			</property>
			<property>
				<propvalue>Show more</propvalue>			
				
				<propdesc>Displays a list of additional content types (appears only if there are too many content types to display at once).</propdesc>
			</property>
			
			<property>
				<propvalue>Show less</propvalue>					
				
				<propdesc>Collapses the <uicontrol>Show more</uicontrol> content type list.</propdesc>
			</property>
			<property>
			<propvalue>Actions</propvalue>
				<propdesc>A drop-down list of actions you can take with the current item.
					
					<dl>
						<dlentry>
							<dt>Add search to folder</dt>
							<dd>Select this to save your search to an online folder so you can access the results later under <uicontrol>Folders</uicontrol>.</dd>
						</dlentry>
						<dlentry>
							<dt>Run search as terms &amp; connectors</dt>
							<dd>Runs your search again, applying terms and connectors guidelines.
								<note type="note">For more information on this option, see the topic <xref href="naturalvsterms_cpt.xml" scope="peer">What does the Run as... option do</xref>.</note>
							</dd>
						</dlentry>
						<dlentry>
							<dt>Include legal phrase equivalents</dt>
							<dd>Adds equivalent terms to your search.
								<note type="fastpath">If you enter "dog bite", a legal equivalent might be "bitten by a dog".</note>
							</dd>
						</dlentry>
						<dlentry>
							<dt>Expanded results</dt>
							<dd>Expand your results to include all the documents containing any of your search terms. (This option appears only if you ran a Natural Language search.)</dd>
						</dlentry>
						<dlentry>
							<dt>Link to This Page</dt>
							<dd>Opens a box that provides the URL for the current page that you can copy to your browser.</dd>
						</dlentry>
					</dl>
				</propdesc>
			</property>
			<property>
				<propvalue>Sort by</propvalue>
				<propdesc>
					<p>This list allows you to sort your list of results in a different order.  You can select from relevance, document title (A to Z or Z to A), or date (newest to oldest or oldest to newest).</p>
					<!--<note type="note">This drop-down list does not appear for the Snapshot view.</note>-->
				<!--</propdesc>
			</property>
			<property>
                <propvalue>Jump to</propvalue>
                <propdesc>
                    <p>In the Snapshot view, use the <uicontrol>Jump to</uicontrol> drop-down list to display the results for the other categories you selected when you selected the filters for your search.</p>
                </propdesc>
            </property> 
			<property>
				<propvalue>Narrow By</propvalue>
				<propdesc>-->
					<p>If your search has resulted in a large result set, you can narrow your list to the documents most relevant to your search by using any of the filters in the <uicontrol>Narrow By</uicontrol> pane on the left side of the page.</p>
					<ul>
						<li>Use the <uicontrol>Search Within Results</uicontrol> filter to find documents within the result set that contain specific search terms. 
							<note type="fastpath">If you searched on the terms <userinput>dog bite liability</userinput> and your answer set is very large, you might enter the term <userinput>assumed risk</userinput> in this filter to narrow the results to only documents that also contain that term.</note>
						</li>

						<li>Use the other filters, such as <uicontrol>Content Type</uicontrol>, <uicontrol>Jurisdiction</uicontrol>, <uicontrol>Timeline</uicontrol>, <uicontrol>Sources</uicontrol>, etc., to narrow your results accordingly.</li>
					</ul>

					<p>To select several criteria in a category, select <uicontrol>Select multiple</uicontrol>.</p>
					<note type="note">
						<ul>
							<!--li>If you are viewing your results in the <uicontrol>Cases</uicontrol> category, <uicontrol>Content Type</uicontrol> does not appear in the <uicontrol>Narrow By ...</uicontrol> pane because your results are already narrowed to the Cases content type and can't be narrowed any further.  However, some content types, such as <uicontrol>Analytical Materials</uicontrol> can be further narrowed down, so the subcategories appear under <uicontrol>Content Type</uicontrol> when you are viewing your results from the Analytical Materials content type tab.</li-->
							<li>The categories and headings in the <uicontrol>Narrow By</uicontrol> pane depend on the kind of search you ran.
								<note type="fastpath">A legal search may have headings for Federal and specific states under the <uicontrol>Jurisdiction</uicontrol> category. Results for a <ph keyref="shepardsfirst"/> search may have headings for Warning, Caution, Positive, etc., under the <uicontrol>Analysis</uicontrol> category.</note>
							</li>

							<li>Documents may appear in more than one category. 
								<note type="fastpath">Case law documents would appear in the <uicontrol>Cases</uicontrol> content type, in one of the jurisdictions, and would also contain a number of keywords and/or citations.</note>
							</li>
						</ul>
					</note>
					<p>To return to a previous results set after filtering one or more times, select the Remove icon (<image href="Closeremove.png" alt="Close level" placement="inline"/>) next to your selections at the top of the <uicontrol>Narrow By</uicontrol> pane to remove the selected filter.  When you have removed all the filters, the right side of the results view will contain your original result set.</p>
					<p>You can also return to your original result set by selecting <uicontrol>Clear</uicontrol>.</p>
					<!--<note type="note">These options do not appear for the Snapshot view</note>-->
				</propdesc>
			</property>
			<!--property audience="exclude">
				<propvalue><Find out just what this is.  I haven't even been able to see it before 4.2.>Timeline</propvalue>
				<propdesc>
					<p>To select a specific date range and display the number of results within it, you can do one of the following:</p>
					<ul>
						<li>Slide the indicator toward the center of the diagram from either end and select <uicontrol>OK</uicontrol></li>
						<li>Enter a beginning and ending date in mm/dd/yyyy format and select <uicontrol>OK</uicontrol></li>
						<li>Select a single bar to select that date</li>
					</ul>
					<note type="tip">Leave your mouse pointer over a specific date for a few seconds to display the number of results for that date.</note>
				</propdesc>
			</property-->

			<!--property audience="exclude">
				<propvalue>Did you mean:</propvalue>
				<propdesc>You may see suggested search terms here if there are terms closely related to those you entered that might improve your search results.  Select the suggested terms if you want to see the results for those terms instead of what you entered.</propdesc>
			</property-->

			<property>
				<propvalue>
					<image href="folder.png" alt="Add to folder" placement="inline"/>
				</propvalue>
				<propdesc><p>Select to add all selected documents to a work folder.</p>
					<note type="note">For more information on saving documents, see the topic <xref href="savedocumenttofolder_hdi.xml" scope="peer">How do I save a document from my results to a folder</xref>.</note>
				</propdesc>
			</property>

			<property>
				<propvalue>
					<image href="attached_printer.png" alt="Print to attached printer" placement="inline"/>
				</propvalue>
				<propdesc>Select to generate all selected documents as a PDF file you can save or print to an attached printer.
				</propdesc>
			</property>

			<property>
				<propvalue>
					<image href="Download.png" alt="Download" placement="inline"/>
				</propvalue>
				<propdesc>Select to download all selected documents to your computer.</propdesc>
			</property>
			<property>
				<propvalue>
					<image href="Email.png" alt="Email" placement="inline"/>
				</propvalue>
				<propdesc>Select to send an email with the selected documents as attachments.</propdesc>
			</property>
			<property>
				<propvalue>
					<image href="dropbox.png" alt="Send to Dropbox" placement="inline"/>
				</propvalue>
				<propdesc>Select to send all selected documents to Dropbox.</propdesc>
			</property>
						<property>
                <propvalue><image href="getitnow.png" alt="Get It Now" placement="inline"/></propvalue>
                <propdesc> To get a document outside of your subscription, select this icon.</propdesc>
            </property>

			<property>
				<propvalue>
					<image href="Printablepage.png" alt="Printable Page" placement="inline"/></propvalue>
				<propdesc>Select to display a text-only version of the document, without any graphics, navigation bars, or options on the page.</propdesc>
			</property>
			<property>
				<propvalue>
					<image href="Alerts.png" alt="Create Search Alert" placement="inline"/></propvalue>
				<propdesc>Select to save your search to run automatically on a schedule you specify.
					<note type="note">For more information on creating search alerts, see the topic <xref href="alertcreate_hdi.xml" scope="peer">How do I create an alert</xref>.</note>
				</propdesc>
			</property>
			<!--property audience="exclude">
				<propvalue>
					<image href="Triangleleft.png" alt="Previous" placement="inline"/> n - n <image href="Triangleright.png" alt="Next" placement="inline"/></propvalue>
				<propdesc>Select the right or left arrow to display the previous or next group of documents in your results.</propdesc>
			</property>
			<property audience="exclude">
				<propvalue>Terms | Overview | Both</propvalue>
				<propdesc>
					<p>Selecting one of these determines what appears in the text under each document when you're viewing the Cases content type in your results list. Your selection lasts only until you run another search.</p>
					<dl>
						<dlentry>
							<dt>Terms</dt>
							<dd>Select this to display your search terms highlighted within the text of the &quot;best paragraph&quot; of each document in your results list.  The best paragraph is a short section of the document that contains the greatest concentration of your search terms.</dd>
						</dlentry>
						<dlentry>
							<dt>Overview</dt>
							<dd>Select this to display the editors' overview of each document in your results list.</dd>
						</dlentry>
						<dlentry>
							<dt>Both</dt>
							<dd>Select this to display both paragraphs under each document title in your results list.</dd>
						</dlentry>
					</dl>
				</propdesc>
			</property-->
			<property>
				<propvalue>Document Title</propvalue>
				<propdesc>To view a full document, select a document title.</propdesc>
			</property>
			<property>
				<propvalue>Jurisdiction</propvalue>
				<propdesc>Indicates the jurisdiction in which an item applies.</propdesc>
			</property>
			<property>
				<propvalue>Court</propvalue>
				<propdesc>Identifies the court in which a listed item was established.</propdesc>
			</property>
			<property>
				<propvalue>Date</propvalue>
				<propdesc>Identifies the date on which a listed item was established.</propdesc>
			</property>
			<property>
				<propvalue>1 2 3 4 5 ...</propvalue>
				<propdesc>
					<p>Indicates which page in your results set you are viewing. Select a different page number to display that page, or use the right or left arrows to scroll through your results set.</p>
					<!--<note type="note">This control does not appear for the Snapshot view.</note>-->
				</propdesc>
			</property>
			<property audience="exclude">
				<propvalue>Items per page:</propvalue>
				<propdesc>This drop-down list allows you to select the number of documents you want the results list to display on each page.</propdesc>
			</property>
		</properties>
	</refbody>
</reference>