<?xml version="1.0" encoding="UTF-8"?>
<!DOCTYPE reference PUBLIC "-//IBM//DTD DITA Composite//EN" "c:/dtd/ditabase.dtd">
<reference id="lpatopicpanetips" otherprops="lpatopicpanetips" audience="lpa">
	<title>Lexis&#xAE; Practice Advisor Topic Pane</title>
	<prolog>
		<author>Robin Evans</author>
		<copyright>
			<copyryear year="2012"/>
			<copyrholder>Lexisnexis</copyrholder>
		</copyright>
		<critdates>
			<created date="2012-05-03"/>
		</critdates>
		<metadata>
			<prodinfo>
				<prodname>Lexis Advance</prodname>
				<vrmlist>
					<vrm version="1"/>
				</vrmlist>
			</prodinfo>
		</metadata>
	</prolog>
	<refbody>
		<section>
			<p>The Topic Pane on the left side of the main <ph keyref="lpanamefirst"/> page gives you a listing of topics associated with the practice area you are currently viewing.</p>
			<note type="tip">To expand the topic tree, select the <uicontrol>Expand this pane</uicontrol> icon <image href="IconArrowsExpand.png" alt="Expand this pane" placement="inline"/>.  Select the <uicontrol>Collapse this pane</uicontrol> icon <image href="IconArrowsCollapse.png" alt="Collapse this pane" placement="inline"/> to return to the original pane size.</note>
		</section>
	</refbody>
</reference>