<?xml version="1.0" encoding="UTF-8"?>
<!DOCTYPE reference PUBLIC "-//IBM//DTD DITA Composite//EN" "c:/dtd/ditabase.dtd">
<reference id="lpawhatsnewtips" otherprops="lpawhatsnewtips" audience="lpa">
	<title>Updates in... Pane</title>
	<prolog>
		<author>Robin Evans</author>
		<author>Garth Lewis</author>
		<copyright>
			<copyryear year="2012"/>
			<copyrholder>Lexisnexis</copyrholder>
		</copyright>
		<critdates>
			<created date="2012-05-03"/>
			<revised modified="2014-08-06"/>
		</critdates>
		<metadata>
			<prodinfo>
				<prodname>Lexis Advance</prodname>
				<vrmlist>
					<vrm version="1"/>
				</vrmlist>
			</prodinfo>
		</metadata>
	</prolog>
	<refbody>
		<section>
			<p><ph keyref="lpanamefirst"/> offers an <uicontrol>Updates in...</uicontrol> pane to display the newest documents available through your subscription service.</p>
			<note type="tip">To change the content in the <uicontrol>Updates in...</uicontrol> pane, select a new practice area (such as <uicontrol>Mergers &amp; Acquisitions</uicontrol>, <uicontrol>Securities &amp; Capital Markets</uicontrol>, and so forth) at the top of the page.</note>
		</section>
		<properties>
			<property>
				<propvalue><image href="lpanewcontentdate.png" alt="New Content Date" placement="inline"/></propvalue>
				<propdesc>The date on which the new content was added to your subscription
				</propdesc>
			</property>
			<property>
				<propvalue><i>document title</i></propvalue>
				<propdesc>Select the title of any listed item to open the content directly from the <uicontrol>Updates in...</uicontrol> pane.</propdesc>
			</property>
			<property id="1001">
				<propvalue><image href="lpashowmore.png" alt="Show More Documents" placement="inline"/></propvalue>
				<propdesc>Select to display more documents in this pane.</propdesc>
			</property>
			<property id="1002">
				<propvalue><image href="lpashowless.png" alt="Show Fewer Documents" placement="inline"/></propvalue>
				<propdesc>Select to display fewer documents in this pane.</propdesc>
			</property>
		</properties>
	</refbody>
</reference>