<?xml version="1.0" encoding="UTF-8"?>
<!DOCTYPE reference PUBLIC "-//IBM//DTD DITA Composite//EN" "c:/dtd/ditabase.dtd">
<reference id="lpssearchtips" otherprops="lpssearchtips" audience="lps">
	<title>Search Tips for <ph keyref="lpsnamefirst"/></title>
	<prolog>
		<author>Christina Stommel</author>
		<copyright>
			<copyryear year="2010"/>
			<copyrholder>Lexisnexis</copyrholder>
		</copyright>
		<critdates>
			<created date="2010-01-18"/>
		</critdates>
		<metadata>
			<prodinfo>
				<prodname>Lexis Advance</prodname>
				<vrmlist>
					<vrm version="1"/>
				</vrmlist>
			</prodinfo>
		</metadata>
	</prolog>
	<refbody>
		<section>
		<p>When using <ph keyref="lpsnamefirst"/>, you can search for expert witness profiles, judge profiles, or attorney profiles. Once you choose which type of search you want to perform, the following can help you fine-tune your search so you retrieve the best search results possible:</p>
		</section>
		<section>
			<title>If you know the name of the expert witness, judge, or attorney you want to search for...</title>
			<ul>
				<li>Select the appropriate search type from the drop-down list next to the search box. Your options include: <uicontrol>Expert Witness</uicontrol>, <uicontrol>Judge</uicontrol>, and <uicontrol>Attorney</uicontrol>.</li>
				<li>Type the person's name in the search field, making sure you check the spelling.</li>
				<li>Use a <xref href="lpsprefiltersearchresults_hdi.xml" scope="peer">pre-search filter</xref> to find profiles that more closely match your search criteria. (Choose these options from the <uicontrol>Filters</uicontrol> drop-down list.)</li>
			</ul>
		</section>
		<section>
			<title>If you don't know the person's name, complete any of the following steps:</title>
			<ul>
				<li>If you are searching for an expert witness, choose an area of expertise from the <uicontrol>Areas of Expertise</uicontrol> section of the <uicontrol>Filters</uicontrol> drop-down list. Customize your search further by choosing a location from the <uicontrol>Locations</uicontrol> list.</li>
				<li>If you are searching for a judge, choose a jurisdiction from the <uicontrol>Jurisdictions</uicontrol> section of the <uicontrol>Filters</uicontrol> drop-down list.</li>
				<li>If you are searching for an attorney, choose a jurisdiction from the <uicontrol>Locations</uicontrol> section of the <uicontrol>Filters</uicontrol> drop-down list.</li>
			</ul>			
		<note type="note">To better understand how <ph keyref="lpsname"/> discovers the results it does, please see <xref href="lpsexpertsources_ref.xml" scope="peer"/>, <xref href="lpsjudgesources_ref.xml" scope="peer"/>, and <xref href="lpsattorneysources_ref.xml" scope="peer"/>.</note>
		</section>



	</refbody>
</reference>