<?xml version="1.0" encoding="UTF-8"?>
<!DOCTYPE reference PUBLIC "-//IBM//DTD DITA Composite//EN" "c:/dtd/ditabase.dtd">
<reference id="managesharingtips" otherprops="managesharingtips">
	<title>Manage Sharing</title>
	<prolog>
		<author>Barb Bruns</author>
		<copyright>
			<copyryear year="2007"/>
			<copyrholder>Lexisnexis</copyrholder>
		</copyright>
		<critdates>
			<created date="2009-12-29"/>
		</critdates>
		<metadata>
			<prodinfo>
				<prodname>Lexis Advance</prodname>
				<vrmlist>
					<vrm version="1"/>
				</vrmlist>
			</prodinfo>
		</metadata>
	</prolog>
	<refbody>
		<section>
			<p>Use the Manage Sharing page to set up and keep track of permissions for users who may view or edit documents in a shared folder.</p>
			<p>When you're finished, select <uicontrol>Save</uicontrol> to save your settings.</p>
		</section>
		<properties>
			<property>
				<propvalue>Document Title</propvalue>
				<propdesc>The name of the document to share.</propdesc>
			</property>
			<property>
<propvalue>Save In</propvalue>
				<propdesc>Select the name of the folder you want to save the document to.</propdesc>
				</property>

			<property>
				<propvalue>Share</propvalue>
				<propdesc>
				
				<dl>
				
				<dlentry>
				<dt></dt>
				<dd>Enter a user's first or last name or email address to find it in the list and add it to the list of users you want to share it with.</dd>
				</dlentry>
				
				<dlentry>
				<dt>Shared With</dt>
				<dd>The names of the users you will be sharing the document with.</dd>
				</dlentry>

			<dlentry>
				<dt>Editor</dt>
				<dd>Select this to allow the user to view items in the folder, and add or modify notes for the items.</dd>
				</dlentry>
			
			<dlentry>
				<dt>Viewer</dt>
				<dd>Select this to allow the user only to view items in the folder.</dd>
			</dlentry>
			
				<dlentry>
					<dt><image href="Closeremove.png" alt="Remove" placement="inline"/></dt>
				<dd>Select this to remove a user from the list.</dd>
			</dlentry>
</dl>
				</propdesc>
				</property>
<property id="foldernotes">
				<propvalue>Notes</propvalue>
				<propdesc>Enter any notes you would like to store with the document.  The notes will be displayed in your folder list, under each of the documents you selected to save. If this is a shared document, and you want the notes to be visible to the other users you have shared it with, leave <uicontrol>Allow recipients to view your notes</uicontrol> checked. If you want the notes to be visible only to you, clear the checkbox.</propdesc>
			</property>
		</properties>
	</refbody>
</reference>