<?xml version="1.0" encoding="UTF-8"?>
<!DOCTYPE reference PUBLIC "-//IBM//DTD DITA Composite//EN" "c:/dtd/ditabase.dtd">
<reference id="maptips" otherprops="maptips" audience="res;lps;vsa;med">
	<title>Research History Map Page</title>
	<prolog>
		<author>Barb Bruns</author>
		<copyright>
			<copyryear year="2009"/>
			<copyrholder>Lexisnexis</copyrholder>
		</copyright>
		<critdates>
			<created date="2007-07-05"/>
		</critdates>
		<metadata>
			<prodinfo>
				<prodname>Lexis Advance</prodname>
				<vrmlist>
					<vrm version="1"/>
				</vrmlist>
			</prodinfo>
		</metadata>
	</prolog>
	<refbody>
		<section>
			<p>
			<ph keyref="prodnamefirst"/> automatically saves to History your activities, such as:</p>			
			<ul>
				<li>Searches</li>
				<li>Search terms</li>
				<li>Results</li>
				<li>Filters you applied or removed</li>
				<li>Deliveries</li>
			</ul>
			<p>These items are saved to your history for 90 days.</p>
			<p>You can display your research history in a graphic view, or &quot;map&quot;, so you can see these items at a glance and select them for detailed information.</p>
			<p>To display your history in a graphic view, select <uicontrol>History</uicontrol> at the top of any page, then <uicontrol>Research Map</uicontrol>. Or, on the <ph keyref="prodname"/> home page, select <uicontrol>Research Map</uicontrol> from the bottom of the History pod. See the descriptions below for more information about using the map feature of your research history.</p>
			<note type="note">To view your history in List view, either select <uicontrol>View all history</uicontrol> from the bottom of the History pod, or choose <uicontrol>History > View all history</uicontrol>. See <xref href="historytips.xml" scope="peer"/> for details.</note>			
		</section>
		<properties>
			<prophead>
				<propvaluehd>Item</propvaluehd>
				<propdeschd>Description</propdeschd>
			</prophead>
			
			<property>
				<propvalue>List / Research Map</propvalue>
				<propdesc>Click <uicontrol>List</uicontrol> to view your search history in a results list view. Click <uicontrol>Research Map</uicontrol> to view it in the map (graphical) view.</propdesc>
			</property>

				<property>
				<propvalue>Search Within History</propvalue>
				<propdesc>To search your history for specific items, enter words (such as a search term or part of a document title) and select the search icon (<image href="Search.png" alt="Search" placement="inline"/> ).  (To clear your search and view the full history map again, select <uicontrol>Reset map to default state</uicontrol> link under the search box.)</propdesc>
			</property>

			<property>
				<propvalue>Reset map to default state</propvalue>
				<propdesc>Select this to restore the map to what it was before you made any selections.</propdesc>
			</property>		

			<property>
				<propvalue>View by</propvalue>
				<propdesc>Choose whether to display the list of searches by the date you originally conducted the search, or by the last time you modified the search (for example, by <i>Shepardizing</i>&#153; a case from the results).</propdesc>
			</property>

			<property>
				<propvalue>Client</propvalue>
				<propdesc>Select this to display searches you assigned to a specific client or clients.</propdesc>
			</property>

			<property>
				<propvalue>Date</propvalue>
				<propdesc>Select this to display searches for a specific date or date range.</propdesc>
			</property>


			<property>
			<propvalue>Show Trails</propvalue>
			<propdesc>This list, located in the left pane, shows all the different items in your search history. To hide certain research trails from the map, clear the associated checkbox. To view where a specific research trail appears on the map, select the <image href="JumpDown.png" alt="Jump to trail"/> icon. (The list will be scrolled to that specific trail and it will be highlighted briefly.) To view everything in your history, select <uicontrol>All Trails</uicontrol>.</propdesc>
			</property>

			<property>
				<propvalue>View Tutorial</propvalue>
				<propdesc>Select this to view a short interactive tutorial introducing key features of the Research Map.</propdesc>
			</property>

				<property>
				<propvalue>Tips</propvalue>
				<propdesc>Select this to view tips for using the research map.</propdesc>
			</property>
		
		
			<property>
				<propvalue><image href="addtofolder.png" alt="Add to folder" placement="inline"/></propvalue>
				<propdesc>To save a copy of the history map in its current form to a folder, select the <uicontrol>Add to folder</uicontrol> icon at the top of the map.</propdesc>
			</property>
			
			
			<property>
				<propvalue><image href="print.png" alt="Print to attached printer" placement="inline"/></propvalue>
				<propdesc>To select one or more documents to print to an attached printer, select the checkboxes next to the documents in the list, and then select the <uicontrol>Printer</uicontrol> icon from the delivery menu. (To specify your delivery settings before completing the delivery, click the <image href="deliverysettings.png" alt="Delivery Settings"/> icon.)</propdesc>
			</property>
			

			<property>
				<propvalue><image href="download.png" alt="Save" placement="inline"/></propvalue>
				<propdesc>To select one or more documents to save to your computer, select the checkboxes next to the documents in the list, and then select the <uicontrol>Save</uicontrol> icon from the delivery menu. (To specify your delivery settings before completing the delivery, click the <image href="deliverysettings.png" alt="Delivery Settings"/> icon.)</propdesc>
			</property>
			
			<property>
				<propvalue><image href="email.png" alt="Email" placement="inline"/></propvalue>
				<propdesc>To select one or more documents to email, select the checkboxes next to the documents in the list, and then select the <uicontrol>Email</uicontrol> icon from the delivery toolbar. </propdesc>				
			</property>

			<property>
				<propvalue><image href="dropbox.png" alt="Send to Dropbox" placement="inline"/></propvalue>
				<propdesc>To select one or more documents to send to Dropbox, select the checkboxes next to the documents in the list, and then select the <uicontrol>Send to Dropbox</uicontrol> icon from the delivery menu. (To specify your delivery settings before completing the delivery, click the <image href="deliverysettings.png" alt="Delivery Settings"/> icon.)</propdesc>
			</property>

			<property>
				<propvalue><image href="printablepage.png" alt="Printable Page" placement="inline"/> Printable page</propvalue>
				<propdesc>Select <uicontrol>Printer-Friendly View</uicontrol> from the delivery toolbar.</propdesc>				
			</property>
			

			<property>
				<propvalue>Compare Search Results</propvalue>
				<propdesc>Compares the results sets of up to 3 searches to find all the documents of the same content type that are common to the results sets.</propdesc>
			</property>
			<property>
				<propvalue>Find Similar Documents</propvalue>
				<propdesc>Finds documents that are similar to up to 3 documents you select from a results set.</propdesc>
			</property>
			<property>
				<propvalue><image href="SearchRM.png" alt="Search" placement="inline"/></propvalue>
				<propdesc>Click the <uicontrol>Search</uicontrol> icon to view details about the search.</propdesc>
			</property>
			<property>
				<propvalue><image href="ContentTypeRM.png" alt="Content type" placement="inline"/></propvalue>
				<propdesc>Click the <uicontrol>Content Type</uicontrol> icon to view details about the results documents in this content type.</propdesc>
			</property>
			<property>
				<propvalue><image href="FilterAddedRM.png" alt="Filter added" placement="inline"/></propvalue>
				<propdesc>Click the <uicontrol>Filter (Apply)</uicontrol> icon to view details about the filters you applied to your results.</propdesc>
			</property>
			<property>
				<propvalue><image href="FilterRemovedRM.png" alt="Filter removed" placement="inline"/></propvalue>
				<propdesc>Click the <uicontrol>Filter (Remove)</uicontrol> icon to view details about filters you removed from your results.</propdesc>
			</property>

			<property>
				<propvalue><image href="DownloadRM.png" alt="Download" placement="inline"/></propvalue>
				<propdesc>Click the <uicontrol>Download</uicontrol> icon to view details about items that were saved to your computer.</propdesc>
			</property>

			<property>
				<propvalue>
					<image href="EmailRM.png" alt="Email" placement="inline"/>
				</propvalue>
				<propdesc>Click the <uicontrol>Email</uicontrol> icon to view details about items that were sent as emails.</propdesc>
			</property>

			<property>
				<propvalue><image href="PrintRM.png" alt="Print" placement="inline"/></propvalue>
				<propdesc>Click the <uicontrol>Print</uicontrol> icon to view details about items that were printed.</propdesc>
			</property>
			
			
			<property>			
				<propvalue><image href="SavedtoFolderRM.png" alt="Saved to folder" placement="inline"/></propvalue>
				<propdesc>Click the <uicontrol>Folder</uicontrol> icon to view details on items that were saved in a folder.</propdesc>
			</property>

			<property>
				<propvalue><image href="FindCommonRM.png" alt="Compare search results" placement="inline"/></propvalue>
				<propdesc>Click the <uicontrol>Compare Search Results</uicontrol> icon to view details about a comparison that was done for a specific set of search results.</propdesc>
			</property>

			<property>
				<propvalue><image href="dropbox-rm.png" alt="Send to Dropbox" placement="inline"/></propvalue>
				<propdesc>Click the <uicontrol>Send to Dropbox</uicontrol> icon to view details about items that were sent to Dropbox.</propdesc>
			</property>
			
			<property>
				<propvalue><image href="PurchasedItemRM.png" alt="Purchased item" placement="inline"/></propvalue>
				<propdesc>Click the <uicontrol>Get It Now</uicontrol> icon to view details on items you chose to get.</propdesc>
			</property>

			<property>
				<propvalue><image href="AlertsRM.png" alt="Alert" placement="inline"/></propvalue>
				<propdesc>Click the <uicontrol>Accessed from a search alert</uicontrol> icon to view details on items that were accessed from a search alert and printed, <i>Shepardized</i>®, or had another action performed on it.</propdesc>
			</property>
<property>
				<propvalue><image href="HistoryRM.png" alt="History" placement="inline"/></propvalue>
				<propdesc>Click the <uicontrol>Accessed from history</uicontrol> icon to view details on items that were accessed from your search history.</propdesc>
			</property>
			<property>
				<propvalue><image href="ShepardsSearchRM.png" alt="Shepard's" placement="inline"/></propvalue>
				<propdesc>Click the <b><ph keyref="shepardsfirst"/> search item</b> icon to view details on a <i>Shepard's</i>® search.</propdesc>
			</property>
			<property>
				<propvalue><image href="VSASearchRM.png" alt="VSA search" placement="inline"/></propvalue>
				<propdesc>Click the <uicontrol>Verdict &amp; Settlement Analyzer search</uicontrol> icon to view details on this type of search.</propdesc>
			</property>
<property>
				<propvalue><image href="ListToggleRM.png" alt="Open/Close list" placement="inline"/></propvalue>
				<propdesc>Click the <uicontrol>Open</uicontrol> icon to open a list of additional items available to be viewed, or to close the list.</propdesc>
			</property>
		</properties>
	</refbody>
</reference>