<?xml version="1.0" encoding="UTF-8"?>
<!DOCTYPE reference PUBLIC "-//IBM//DTD DITA Composite//EN" "c:/dtd/ditabase.dtd">
<reference id="medashboardtips" otherprops="medashboardtips" audience="med">
	<title><ph keyref="mednamefirst"/> Dashboard</title>
	<prolog>
		<author>Robin Stubbart</author>
		<author>Garth Lewis</author>
		<copyright>
			<copyryear year="2012"/>
			<copyrholder>Lexisnexis</copyrholder>
		</copyright>
		<critdates>
			<created date="2012-10-08"/>
			<revised modified="2014-04-08"/>
				<!--Updated page for R4.2. Updated to ensure consistency with the application.-->
		</critdates>
		<metadata>
			<prodinfo>
				<prodname>Lexis Advance</prodname>
				<vrmlist>
					<vrm version="1"/>
				</vrmlist>
			</prodinfo>
		</metadata>
		<data>medmal navigator medical malpractice litigator litigation</data>
	</prolog>
	<refbody>
		<section>
		<p>The dashboard consists of your navigation tools at the top, followed by six pods. The dashboard is built to allow for a flexible work flow.</p>
		</section>
		<properties>
			<property>
				<propvalue>Change topic</propvalue>
				<propdesc>Select this link to select a new research topic.  When you select this link, <ph keyref="medname"/> returns you to the home page.</propdesc>
			</property>
			<!--Do not see this item in the R4.2 wireframe.  Holding to see if it's being removed.
			<property>
				<propvalue>Research all medical topics</propvalue>
				<propdesc>Select to display a list of all available medical topics.</propdesc>
			</property>
			-->
			<property>
				<propvalue>Research Tools</propvalue>
				<propdesc>This area provides links to each of the research assistant tools. When you select one of these items, the page associated with that category of information appears, displaying tools and questions to elicit information about the case at hand.</propdesc>
			</property>
			<!--Do not see these items in the R4.2 wireframe.  Holding to see if they're being removed.
			<property>
				<propvalue>Start New Dashboard</propvalue>
				<propdesc>Select to clear all information in your current dashboard and start a brand new one.</propdesc>
			</property>
			<property>
				<propvalue>Dashboard Settings</propvalue>
				<propdesc>Select to open the list of Dashboard Settings options. Select the <ph keyref="mednamefirst"/> features you want to show, or clear the checkbox if you want to hide a feature. Then select <uicontrol>OK</uicontrol>. To rearrange how the pods appear in your dashboard, use the up and down arrows to reorder them in the list.</propdesc>
			</property>
			<property>
				<propvalue>Client Profile</propvalue>
				<propdesc>Select to open the Client Profile form, where you can capture basic information about a client to keep all your information organized and in one place. Fill in the Client Details information, then enter an <uicontrol>Event Name</uicontrol>, <uicontrol>Event Date</uicontrol>, and <uicontrol>Description</uicontrol> and select <uicontrol>Add</uicontrol> to associate related events to a client. You can edit an existing Event by selecting the Event Name in the table, or delete an event by selecting the X next to it. Once you've finished adding, modifying, and deleting events, select <uicontrol>Save</uicontrol> to save the client information.</propdesc>
			</property>
			-->
			<property>
				<propvalue><image href="folder.png" alt="Save to folder" placement="inline"/></propvalue>
				<propdesc>Select this icon at the top of the dashboard to choose the folder in which you'd like to <xref href="savetofoldertips.xml" scope="peer">save your dashboard</xref>.</propdesc>
			</property>
			<property>
				<propvalue><image href="attached_printer.png" alt="Print to attached printer" placement="inline"/></propvalue>
				<propdesc>Select this icon to open the dashboard as a PDF document you can save or send to an attached printer.</propdesc>
			</property>
			<property>
				<propvalue><image href="Download.png" alt="Save" placement="inline"/></propvalue>
				<propdesc>Select this icon to download the dashboard to a folder on your local computer.</propdesc>
			</property>
			<property>
				<propvalue><image href="Email.png" alt="Email" placement="inline"/></propvalue>
				<propdesc>Select this icon to email the dashboard to one or more recipients.</propdesc>
			</property>
		</properties>
	</refbody>
</reference>