<?xml version="1.0" encoding="UTF-8"?>
<!DOCTYPE reference PUBLIC "-//IBM//DTD DITA Composite//EN" "c:/dtd/ditabase.dtd">
<reference id="medemailtips" otherprops="medemailtips" audience="obsolete">
	<title>Email Page</title>
	<prolog>
		<author>Robin Stubbart</author>
		<copyright>
			<copyryear year="2012"/>
			<copyrholder>Lexisnexis</copyrholder>
		</copyright>
		<critdates>
			<created date="2012-10-08"/>
		</critdates>
		<metadata>
			<prodinfo>
				<prodname>Lexis Advance</prodname>
				<vrmlist>
					<vrm version="1"/>
				</vrmlist>
			</prodinfo>
		</metadata>
		<data>medmal navigator medical malpractice litigator litigation</data>
	</prolog>
	<!--Giving this file an audience of "obsolete" because the application no longer appears to use it.  (Garth Lewis, 09 April 2014)-->
	<refbody>
		<section>
			<title>Email Options</title>
		</section>
		<properties>
			<property>
				<propvalue>What do you want to Email?</propvalue>
				<propdesc>Lists the topic you selected for your dashboard.</propdesc>
			</property>
			<property>
				<propvalue>To</propvalue>
				<propdesc>Enter up to 5 recipients' email addresses, separated by a semicolon (;).</propdesc>
			</property>
			<property>
				<propvalue>Consider including:</propvalue>
				<propdesc>Select from the suggested addresses to include other recipients.</propdesc>
			</property>
			<property>
				<propvalue>Subject</propvalue>
				<propdesc>Enter the text you want to appear on the subject line of the email.</propdesc>
			</property>
			<property>
				<propvalue>Notes</propvalue>
				<propdesc>Enter any notes you want to appear in the body of the email, above the document text.</propdesc>
			</property>
			<property>
				<propvalue>Document Type</propvalue>
				<propdesc>Select the format in which you would like the documents to be emailed.
					<ul>
						<li>PDF - Emails the documents in .pdf document. Files downloaded in .pdf format can be opened and viewed using the Adobe® Acrobat Reader, an application that may be downloaded free if you do not already have it.</li>
						<li>Docx - Emails the documents in Microsoft Word 2007 format.</li>
					</ul>
				</propdesc>
			</property>
			<property>
				<propvalue>Send As</propvalue>
				<propdesc>Select one of the following options from the drop-down list:
					<ul>
						<li>One File - Select this to format all the documents you selected in one file.</li>
						<li>Separate Files - Select this to format each document you selected in separate files.</li>
					</ul>
				</propdesc>
			</property>
			<property>
				<propvalue>Zip files</propvalue>
				<propdesc>Select this checkbox if you want to send the files in a compressed (ZIP) file format.
					<ul>
						<li>Some email servers are unable to accept large file sizes. Smaller, compressed files are more likely to be received.</li>
						<li>Compressed files take up less space in the recipient's mailbox.</li>
						<li>When downloading, compressed files take up less space on your computer's local drive.</li>
					</ul>
					<note type="note">Files sent in ZIP format can be opened and viewed using WinZip®, an application that may be purchased from this location: http://www.winzip.com/downwz.htm if the recipient does not already have it.</note>
				</propdesc>
			</property>
		</properties>
		<section>
			<title>Format Options</title>
		</section>
		<properties>
			<property>
				<propvalue>Include <ph keyref="companyfirst"/> logos</propvalue>
				<propdesc>Select this if you want to email your documents with <ph keyref="companyfirst"/> branding.</propdesc>
			</property>
			<property>
				<propvalue>Display first and last name</propvalue>
				<propdesc>Select this to include both your first name and last name on the cover page and in the footer of your documents.</propdesc>
			</property>
			<property>
				<propvalue>Include page number</propvalue>
				<propdesc>Select a position for the page number.</propdesc>
			</property>
		</properties>
		<section>
			<title>Buttons</title>
		</section>
		<properties>
			<property id="OK">
				<propvalue>Email</propvalue>
				<propdesc>Select this to email your documents.</propdesc>
			</property>
			<property id="cancel">
				<propvalue>Cancel</propvalue>
				<propdesc>Select this to return to your search results without saving your documents.</propdesc>
			</property>
		</properties>
	</refbody>
</reference>