<?xml version="1.0" encoding="UTF-8"?>
<!DOCTYPE reference PUBLIC "-//IBM//DTD DITA Composite//EN" "c:/dtd/ditabase.dtd">
<reference id="medsavedashbdastips" otherprops="medsavedashbdastips" audience="obsolete">
	<title>Save to Folder</title>
	<prolog>
		<author>Robin Stubbart</author>
		<copyright>
			<copyryear year="2012"/>
			<copyrholder>Lexisnexis</copyrholder>
		</copyright>
		<critdates>
			<created date="2012-10-08"/>
		</critdates>
		<metadata>
			<prodinfo>
				<prodname>Lexis Advance</prodname>
				<vrmlist>
					<vrm version="1"/>
				</vrmlist>
			</prodinfo>
		</metadata>
		<data>medmal navigator medical malpractice litigator litigation</data>
	</prolog>
	<!--Giving this file an audience of "obsolete" because the application no longer appears to use it.  (Garth Lewis, 09 April 2014)-->
	<refbody>
		<section>
			<title>Save In</title>
		</section>
		<properties>
			<property>
				<propvalue>What do you want to save?</propvalue>
				<propdesc>Lists the topic you selected for your dashboard.</propdesc>
			</property>
			<property>
				<propvalue>Save In</propvalue>
				<propdesc>Allows you to browse to a folder in which to save your dashboard.</propdesc>
			</property>
			<property>
				<propvalue>Create new folder</propvalue>
				<propdesc>If you haven't selected a folder, you can create a new one.</propdesc>
			</property>
			<property>
				<propvalue>OK</propvalue>
				<propdesc>Select to save your dashboard to the selected folder.</propdesc>
			</property>
			<property>
				<propvalue>Cancel</propvalue>
				<propdesc>Select to cancel the save.</propdesc>
			</property>
		</properties>
		<section>
			<title>Notes</title>
		</section>
		<properties>
			<property>
				<propvalue>Notes</propvalue>
				<propdesc>Enter up to 4,000 characters of information to be associated with this dashboard.</propdesc>
			</property>
		</properties>
	</refbody>
</reference>