<?xml version="1.0" encoding="UTF-8"?>
<!DOCTYPE reference PUBLIC "-//IBM//DTD DITA Composite//EN" "c:/dtd/ditabase.dtd">
<reference id="medsavedashboardtips" otherprops="medsavedashboardtips" audience="obsolete">
	<title>Download Dashboard</title>
	<prolog>
		<author>Robin Stubbart</author>
		<copyright>
			<copyryear year="2012"/>
			<copyrholder>Lexisnexis</copyrholder>
		</copyright>
		<critdates>
			<created date="2012-10-08"/>
		</critdates>
		<metadata>
			<prodinfo>
				<prodname>Lexis Advance</prodname>
				<vrmlist>
					<vrm version="1"/>
				</vrmlist>
			</prodinfo>
		</metadata>
		<data>medmal navigator medical malpractice litigator litigation</data>
	</prolog>
	<!--Giving this file an audience of "obsolete" because the application no longer appears to use it.  (Garth Lewis, 09 April 2014)-->
	<refbody>
		<section>
			<title>Download Options</title>
		</section>
		<properties>
			<property>
				<propvalue>What do you want to Download?</propvalue>
				<propdesc>Lists the topic you selected for your dashboard.</propdesc>
			</property>
			<property>
				<propvalue>Document Type</propvalue>
				<propdesc>PDF is the only document type available.</propdesc>
			</property>
			<property>
				<propvalue>Send as</propvalue>
				<propdesc>One file is the only option available.</propdesc>
			</property>
			<property>
				<propvalue>Zip files</propvalue>
				<propdesc>Select to send the files in ZIP format. Select the <uicontrol>What's this?</uicontrol> link to learn more about ZIP format.</propdesc>
			</property>
			<property>
				<propvalue>Download</propvalue>
				<propdesc>Select to download your dashboard.</propdesc>
			</property>
			<property>
				<propvalue>Cancel</propvalue>
				<propdesc>Select to cancel the download.</propdesc>
			</property>
		</properties>
		<section>
			<title>Format Options</title>
		</section>
		<properties>
			<property>
				<propvalue>Print without <ph keyref="companyfirst"/> logos</propvalue>
				<propdesc>Select this if you want to download your documents without any <ph keyref="companyfirst"/> branding.</propdesc>
			</property>
			<property>
				<propvalue>Display first and last name</propvalue>
				<propdesc>Select this to include both your first name and last name on the cover page and in the footer of your documents.</propdesc>
			</property>
			<property>
				<propvalue>Include page number</propvalue>
				<propdesc>Select a position for the page number.</propdesc>
			</property>
		</properties>
	</refbody>
</reference>