<?xml version="1.0"?>
<!DOCTYPE reference PUBLIC "-//IBM//DTD DITA Composite//EN" "c:/dtd/ditabase.dtd">
<reference id="newsdedupetips" otherprops="newsdedupetips">
	<title>What are Group Duplicates options?</title>
	<prolog>
		<author>Christina Stommel</author>
		<copyright>
			<copyryear year="2015"/>
			<copyrholder>LexisNexis</copyrholder>
		</copyright>
		<critdates>
			<created date="2015-10-18"/>
		</critdates>
		<metadata>
			<prodinfo>
				<prodname>Lexis Advance®</prodname>
				<vrmlist>
					<vrm version="1"/>
				</vrmlist>
			</prodinfo>
		</metadata>
	</prolog>
	<refbody>
		<section>
		<p>When viewing news results, sometimes several versions of the same news article appear in the results list. You can group same or similar news stories into groups to help manage your list of results.</p>
		<p>Using the <uicontrol>Group Duplicates</uicontrol> option, you can choose whether you want to use similarity analysis to process your search results. Similarity analysis analyzes a results list, identifies news stories that have similar content, and groups the similar news articles together.</p>
		<p>Choose the type of similarity analysis you want from the <uicontrol>Group Duplicates</uicontrol> drop-down list:</p>
		<dl>
		<dlentry>
		<dt>Off</dt>
		<dd>No similarity analysis. If similarity analysis has already been performed, the results list is regenerated without similarity analysis.</dd>
		</dlentry>
		<dlentry>
		<dt>High similarity</dt>
		<dd>News articles must be nearly identical in order for the service to include them in the same group of similar articles.</dd>
		</dlentry>
		<dlentry>
		<dt>Moderate similarity</dt>
		<dd>News articles with relatively less similarity can be included in the same group of similar articles.</dd>
		</dlentry>
		</dl>
		<note type="note">
		<ul>
		<li>Similarity analysis may find that a results list contains one or more groups of similar news stories (no story will be included in more than one group). Likewise, if no articles in the list are similar enough that they can be grouped together, the results list may contain no groups.</li>
		<li>Your selection will be used for future searches until you change it to something else. </li></ul></note>		
		</section>
		
	</refbody>
</reference>