<?xml version="1.0"?>
<!DOCTYPE reference PUBLIC "-//IBM//DTD DITA Composite//EN" "c:/dtd/ditabase.dtd">
<reference id="notificationstips" otherprops="notificationstips" audience="res">
	<title>Notifications List Page</title>
	<prolog>
		<author>Barb Bruns</author>
		<copyright>
			<copyryear year="2009"/>
			<copyrholder>Lexisnexis</copyrholder>
		</copyright>
		<critdates>
			<created date="2009-01-23"/>
		</critdates>
		<metadata>
			<prodinfo>
				<prodname>Lexis Advance</prodname>
				<vrmlist>
					<vrm version="1"/>
				</vrmlist>
			</prodinfo>
		</metadata>
	</prolog>
	<refbody>
		<section>
			
			<p>The Notifications page shows all of the notices you have received regarding the status of documents, folders, and alerts that you have shared or that have been shared with you.  After viewing the notices, you can mark them as read or unread, or mark one or all of them to be deleted.</p>
					
		<p>If you prefer not to receive notifications, you can turn them off for one or all of the event types on the <uicontrol>Settings</uicontrol> page.</p> 
		</section>
		<properties>
			<property>
				<propvalue>Notifications <i>n</i> </propvalue>
				<propdesc>The number of notifications in the list.</propdesc>
			</property>
			<property>
			<propvalue>Search Within Notifications</propvalue>
			<propdesc>Enter a keyword and select <uicontrol>Search</uicontrol> to search all your notifications for a specific keyword.</propdesc>
			</property>
			<property>
				<propvalue>Timeline</propvalue>
				<propdesc>Use this to restrict the list of notifications to a specific date or date range.  Click <uicontrol>Select Multiple</uicontrol> to select more than one of the displayed dates.</propdesc>
			</property>
		 
			<property>
			<propvalue>Delete Selected</propvalue>
			<propdesc> Deletes the notifications you have selected.</propdesc>
			</property>
			
			<property>
				<propvalue>More drop-down list</propvalue>
				<propdesc>
					<p>Click this to display a list of things you can do with the notifications you have selected using the checkboxes.</p>
					<dl>
						<dlentry>
							<dt>Delete all notifications</dt>
							<dd>Select this to delete all the notifications in the list.</dd>
						</dlentry>
						
						<dlentry>
							<dt>Mark selected as read</dt>
							<dd>Select this to mark the notification you selected as having been read.</dd>
						</dlentry>
						<dlentry>
							<dt>Mark all notifications as read</dt>
							<dd>Select this to mark all the notifications in the list as having been read.</dd>
						</dlentry>
						<dlentry>
							<dt>Mark selected as unread</dt>
							<dd>Select this to mark the notification you selected as not having been read.</dd>
						</dlentry>
						<dlentry>
							<dt>Mark all notifications as unread</dt>
							<dd>Select this to mark all the notifications in the list as not having been read.</dd>
						</dlentry>
							<dlentry>
				<dt>Printer-friendly view</dt>
				<dd>Click to view the list in a printer-friendly format.</dd>
			</dlentry>									
					</dl>
				</propdesc>
			</property>
			
			<property>
				<propvalue>Sort by:</propvalue>
				<propdesc>By default, your notifications are sorted by date (newest to oldest). Select <uicontrol>Date (Oldest)</uicontrol> to sort the list by oldest to newest.</propdesc>
			</property>			
			<property>
				<propvalue>Date</propvalue>
				<propdesc>The date you received the notification.</propdesc>
			</property>			
			
			<property>
				<propvalue><i>n</i> selected</propvalue>
				<propdesc>The number of notifications you selected in the list using the checkboxes.</propdesc>
			</property>
			
			<property>
				<propvalue><image href="Triangleleft.png" alt="Previous" placement="inline"/> n - n <image href="Triangleright.png" alt="Next" placement="inline"/></propvalue>
				<propdesc>Click the right or left arrow to display the previous or next group of notifications.</propdesc>
			</property>		
			
		</properties>
	</refbody>
</reference>