<?xml version="1.0"?>
<!DOCTYPE reference PUBLIC "-//IBM//DTD DITA Composite//EN" "c:/dtd/ditabase.dtd">
<reference id="openpubrectips" otherprops="urlapi;openpubrectips" audience="res;urlapi">
	<title>Open the Public Records Home Page</title>
	<prolog>
		<author>Barb Bruns</author>
		<copyright>
			<copyryear year="2009"/>
			<copyrholder>LexisNexis</copyrholder>
		</copyright>
		<critdates>
			<created date="2012-10-18"/>
		</critdates>
		<metadata>
			<prodinfo>
				<prodname>Lexis Advance™ URL API</prodname>
				<vrmlist>
					<vrm version="1"/>
				</vrmlist>
			</prodinfo>
		</metadata>
	</prolog>
	<refbody>
		<section>
		<note conref="urlapi_group_ref.xml#urlapi_group_ref/urlapinote"/>
			
			<p>Use this URL to open the Public Records home page.</p>
			<note>The <uicontrol>publicrecords</uicontrol> parameter works only if your <ph keyref="prodnamefirst"></ph> ID is authorized for access to Public Records material. Otherwise, you will see an error message when you use this parameter.</note>

<p><b>URL Template</b></p>
<p>http://advance.lexis.com/api/<b>publicrecords</b></p>

			<example>http://advance.lexis.com/api/<b>publicrecords</b></example>
		</section>
		<properties>
			<prophead>
				<propvaluehd>Value</propvaluehd>
				<propdeschd>Description</propdeschd>
			</prophead>

			<property>
				<propvalue>publicrecords</propvalue>
				<propdesc>Directs to the Public Records home page.</propdesc>
			</property>

		</properties>
	</refbody>
</reference>