<?xml version="1.0" encoding="UTF-8"?>
<!DOCTYPE reference PUBLIC "-//IBM//DTD DITA Composite//EN" "c:/dtd/ditabase.dtd">
<reference id="printerfriendlytips" otherprops="printerfriendlytips">
	<title>Printer-friendly Feature</title>
	<prolog>
		<author>Barb Bruns</author>
		<copyright>
			<copyryear year="2007"/>
			<copyrholder>Lexisnexis</copyrholder>
		</copyright>
		<critdates>
			<created date="2006-10-25"/>
		</critdates>
		<metadata>
			<prodinfo>
				<prodname>Lexis Advance</prodname>
				<vrmlist>
					<vrm version="1"/>
				</vrmlist>
			</prodinfo>
		</metadata>
	</prolog>
	<refbody>
		<section>
			<p>When you view a document from your results, then select <uicontrol>Printer-friendly view</uicontrol> icon (<image href="Printablepage.png" alt="View a printer-friendly version of this page" placement="inline"/>) from the delivery toolbar, a printer-friendly view of the page appears (without toolbars or navigation buttons).  To print the page from your local printer, select <uicontrol>Print</uicontrol>.</p>
			<p>When you're finished, select the <uicontrol>X</uicontrol> at the top of the page to close it.</p>			
		</section>
	</refbody>
</reference>