<?xml version="1.0" encoding="utf-8"?>
<!DOCTYPE reference PUBLIC "-//IBM//DTD DITA Composite//EN" "c:/dtd/ditabase.dtd">
<reference id="purchasepreviewtips" otherprops="purchasepreviewtips">
	<title>Individual Document Page</title>
	<prolog>
		<author>Robin Stubbart</author>
		<copyright>
			<copyryear year="2011"/>
			<copyrholder>Lexisnexis</copyrholder>
		</copyright>
		<critdates>
			<created date="2011-07-06"/>
		</critdates>
		<metadata>
			<prodinfo>
				<prodname>Lexis Advance</prodname>
				<vrmlist>
					<vrm version="1"/>
				</vrmlist>
			</prodinfo>
		</metadata>
	</prolog>
	<refbody>
		<section>
			<p>When you select documents and select the <uicontrol>Get It Now!</uicontrol> icon from your results, you can determine the total cost you will incur if you select the <uicontrol>Get It Now!</uicontrol> button.</p>
		</section>
		<properties>
			<property>
				<propvalue>&lt;n&gt; Documents</propvalue>
				<propdesc>The number of documents you've selected is displayed. You can clear any documents you choose not to acquire.</propdesc>
			</property>
			<property>
				<propvalue>Client</propvalue>
				<propdesc>Either a client name or "-None-" appears.</propdesc>
			</property>
			<!--property>
				<propvalue>Show | Hide Free Preview</propvalue>
				<propdesc>Click these links to show or hide the free preview of the paragraph in the document that best matches your search criteria.</propdesc>
			</property-->
			<property>
				<propvalue>Price</propvalue>
				<propdesc>Indicates how much acquiring the items will cost. For example, $3.00.</propdesc>
			</property>
			<property>
				<propvalue>Get the Full Document Now</propvalue>
				<propdesc>Click this button to acquire the selected documents.</propdesc>
			</property>
			<!--property>
				<propvalue>Save to a Folder for Later Access</propvalue>
				<propdesc>(This option is only available if a single document was selected.) Select a folder from the drop-down list or specify a <uicontrol>New Folder</uicontrol>, then select <uicontrol>Save</uicontrol>.</propdesc>
			</property-->
			<property>
				<propvalue>Cancel</propvalue>
				<propdesc>Click to return to your search results without purchasing the selected documents.</propdesc>
			</property>
		</properties>
	</refbody>
</reference>