<?xml version="1.0"?>
<!DOCTYPE reference PUBLIC "-//IBM//DTD DITA Composite//EN" "c:/dtd/ditabase.dtd">
<reference id="qlangtips" otherprops="qlangtips" audience="res;urlapi">
	<title>qlang</title>
	<prolog>
		<author>Barb Bruns</author>
		<copyright>
			<copyryear year="2009"/>
			<copyrholder>LexisNexis</copyrholder>
		</copyright>
		<critdates>
			<created date="2012-10-18"/>
		</critdates>
		<metadata>
			<prodinfo>
				<prodname>Lexis Advance™ URL API</prodname>
				<vrmlist>
					<vrm version="1"/>
				</vrmlist>
			</prodinfo>
		</metadata>
	</prolog>
	<refbody>
		<section>
		<note conref="urlapi_group_ref.xml#urlapi_group_ref/urlapinote"/>

			<p>The <uicontrol>qlang</uicontrol> parameter indicates whether your search query will be run as a boolean or natural language search. You can also use <userinput>dyn</userinput> to allow the Lexis Advance™ application to determine which kind of query to use, based on effectiveness.</p>
			<p>The qlang parameter is optional. It is shown below in a URL using search terms.</p>
<p><b>URL Template</b></p>
			<p>http://advance.lexis.com/api/search?{search-terms}&amp;<b>{qlang}</b></p>
			<example>http://advance.lexis.com/api/search?q=car%20accident&amp;<b>qlang=bool</b></example>
		</section>
		<properties>
			<prophead>
				<propvaluehd>Value</propvaluehd>
				<propdeschd>Description</propdeschd>
			</prophead>
			
			<property>
				<propvalue>search</propvalue>
				<propdesc>Indicates the user wants to run a search and view the results.</propdesc>
			</property>
<property>
				<propvalue>{search-terms}</propvalue>
			<propdesc><p>Query parameter that contains the search syntax. Use <userinput>%20</userinput> in the URL to replace spaces between words in the search string. </p>
<example><b>q</b>=car%20accident</example>
</propdesc>
			</property>
			
			<property>
				<propvalue>{qlang}</propvalue>
				<propdesc>
					<p>Query parameter that specifies the query language (Optional). </p>
				<example><b>qlang</b>=bool</example> 
				<p>Possible values:</p>
					<dl>
						<dlentry>
							<dt>bool</dt>
							<dd>Boolean language</dd>
						</dlentry>
						<dlentry>
							<dt>nat</dt>
							<dd>natural language</dd>
						</dlentry>
						<dlentry>
							<dt>dyn</dt>
							<dd>dynamic (allows the application to determine the query language)</dd>
						</dlentry>
<dlentry>
							<dt>dynamicand</dt>
							<dd>dynamic search with a reduced result set (equivalent to selecting &quot;fewer results&quot; on the search results page)</dd>
						</dlentry>
					</dl>
				</propdesc>
			</property>
		</properties>
	</refbody>
</reference>