<?xml version="1.0"?>
<!DOCTYPE reference PUBLIC "-//IBM//DTD DITA Composite//EN" "c:/dtd/ditabase.dtd">
<reference id="resultips" otherprops="resultips" audience="res;lps;lpa">
	<title>Results List Page</title>
	<prolog>
		<author>Barb Bruns</author>
		<copyright>
			<copyryear year="2009"/>
			<copyrholder>Lexisnexis</copyrholder>
		</copyright>
		<critdates>
			<created date="2009-01-23"/>
		</critdates>
		<metadata>
			<prodinfo>
				<prodname>Lexis Advance</prodname>
				<vrmlist>
					<vrm version="1"/>
				</vrmlist>
			</prodinfo>
		</metadata>
	</prolog>
	<refbody>
		<section>
			
			<data>focus, narrow, filter, sources</data>
			<p>Your search results may be presented in one of the following ways:</p>
			<ul>
				<li>
					<p>For searches that retrieve multiple documents, your results display as a list of documents in the categories you selected when you selected the filters for your search. The number of results found for each category is displayed following the category name, and next to each filter in the pane on the left.  If more than 10,000 results were found for a category, <uicontrol>(10,000+)</uicontrol> is displayed. The first category listed is the category you chose to start in.  To display the documents for a different category, select it from the left pane.</p>
					<p>Your search terms appear at the top left of the page below the navigation bar.</p>
				</li>
				</ul>
				<ul>
				<li>If you retrieved an individual document by entering its citation in the search box, it is displayed as the only document in the results list. To see a list of other documents that reference the citation, select the <uicontrol>Results List</uicontrol> link at the top of the page.</li>
<li>Multiple documents retrieved by a single citation (such as table cases) display as a list of documents on the results page.</li>
<li>If you enter multiple citations in the search box, your results display as a list of documents on a results page.</li>
				</ul>
						
<p>Select any highlighted search term in a document in your results list to open that document, scrolled to the location of the search term.</p>

			<p>The search form is displayed at the top of your results so you can modify your search terms or the content type, jurisdiction, practice area, etc. you want to search, and run the search again.</p>
		</section>
		<properties>
			<!--prophead>
				<propvaluehd>Item</propvaluehd>
				<propdeschd>Description</propdeschd>
			</prophead-->
			
			<property>
				<propvalue>Results for [your search terms]</propvalue>
				<propdesc>Displays your search terms.
				</propdesc>
				</property>
<property>
				<propvalue><image href="Alerts.png" alt="Create an alert" placement="inline"/></propvalue>
				<propdesc>Click to save your search to run automatically on a schedule you specify.</propdesc>
			</property>

			<property>
				<propvalue>Actions</propvalue>
				<propdesc>
					<p>Click this to display a list of additional things you can do with your results.</p>
					
					<dl>
						<dlentry>
							<dt>Add search to folder</dt>
							<dd>Select this to save your search to a folder.</dd>
						</dlentry>
						<dlentry>
						<dt>Run search as terms &amp; connectors</dt>
						<dd>Run the search as a terms &amp; connectors search.</dd>
						</dlentry>
						<dlentry>
						<dt>Include legal phrase equivalents</dt>
						<dd>Expand the search results to include all legal phrase equivalents for the selected keyword.</dd>
						</dlentry>
						<dlentry>
						<dt>+ Expanded results </dt>
						<dd>Expand your results to include all the documents containing any of your search terms. (This option displays only if you ran a Natural Language search.) </dd>
						</dlentry>
						<dlentry>
						<dt>- Fewer results</dt>
						<dd>Display only the results that contain all of your search terms. (This option displays only if you selected <uicontrol>+ Expanded results </uicontrol> from the Actions menu after a Natural Language search.)</dd>
						</dlentry>
						<dlentry>
						<dt>Link to this page</dt>
						<dd>Select to display the permanent link for the page so you can copy it to save or share it with others.</dd>
						</dlentry>
						
					</dl>
				</propdesc>
			</property>
<property>
				<propvalue><image href="analyticalview.png" alt="Graphical view" placement="inline"/></propvalue>
				<propdesc>
					<p>To display the location and distribution of each of your search terms in each of the documents in your results in a graphical display, select this icon.  You can set a default for this view in <uicontrol>Settings</uicontrol>.</p>
				</propdesc>
			</property>
<property>
				<propvalue><image href="fullview.png" alt="Full view" placement="inline"/></propvalue>
				<propdesc>
					<p>To display the results page with each document showing the title and several lines of text to help provide context, select this icon. You can set a default for this view in <uicontrol>Settings</uicontrol>.</p>
				</propdesc>
			</property>
<property>
				<propvalue><image href="titleview.png" alt="Title view" placement="inline"/></propvalue>
				<propdesc>
					<p>To display the results page with each document showing the title and 4 additional pieces of information (such as the court, jurisdiction, or judgment date), select this icon. You can set a default for this view in <uicontrol>Settings</uicontrol>.</p>
				</propdesc>
			</property>
			<property>
				<propvalue>Sort by</propvalue>
				<propdesc>
					<p>By default, the documents in your results list are sorted by relevance. </p>
					<p>Select an option from this list to sort in a different order.  You can select from relevance, document title (A to Z or Z to A), jurisdiction, court, or date (newest to oldest or oldest to newest).</p>
				</propdesc>
			</property>
<property>
				<propvalue>Jump to</propvalue>
				<propdesc>
					<p>In the Snapshot view, use the <uicontrol>Jump to</uicontrol> drop-down list to display the results for the other categories you selected when you selected the filters for your search.</p>
				</propdesc>
			</property>
			<property>
				<propvalue>Narrow By</propvalue>
				<propdesc>
					<p>If your search has resulted in a large answer set, you can narrow your results to the documents most relevant to your search by using any of the filters in the <uicontrol>Narrow By</uicontrol> pane on the left side of your results.</p>
					<ul>
						<li>Use the <uicontrol>Search Within Results</uicontrol> filter to find documents within your results that contain specific search terms. For example, if you entered the search terms: <userinput>dog bite liability</userinput> and your answer set is very large, you might enter the terms: <userinput>assumed risk</userinput> to narrow the results to only documents that also contain those terms.</li>

						<li>Use the other filters, such as <uicontrol>Content Type</uicontrol>, <uicontrol>Jurisdiction</uicontrol>, <uicontrol>Timeline</uicontrol>, <uicontrol>Sources</uicontrol>, etc. to narrow your results to cases in your jurisdiction, a specific time frame, etc.  You can select whether you want location-related filters (jurisdiction, location, and court) to be sorted by number of results or alphabetically by default, in <uicontrol>Settings</uicontrol>. You can also choose to have the three jurisdictions and locations you use most often listed first.</li>
					</ul>
					<p>To select several criteria in a category, use <uicontrol>Select multiple</uicontrol>.</p>
					<note type="note">
						<ul>
							<li>If you are viewing your results in the <uicontrol>Cases</uicontrol> category, <uicontrol>Category</uicontrol> is not displayed in the <uicontrol>Narrow By</uicontrol> pane because your results are already narrowed to the Cases category and can't be narrowed any further.  However, some categories, such as <uicontrol>Analytical Materials</uicontrol> can be further narrowed down, so the subcategories are displayed under <uicontrol>Category</uicontrol> when you are viewing your results from the Analytical Materials category.</li>
							<li>The categories and headings in the <uicontrol>Narrow By</uicontrol> pane depend on the kind of search you ran. For example, a legal search may have headings for Federal and specific states under the <uicontrol>Jurisdiction</uicontrol> category. Results for a <ph keyref="shepardsfirst"/> search may have headings for Warning, Caution, Positive, etc. under the <uicontrol>Analysis</uicontrol> category.</li>

							<li>Documents may appear in more than one category. For example, case law documents would appear in the &quot;Cases&quot; category, in one of the jurisdictions, and would also contain a number of keywords and/or citations.</li>
						</ul>
					</note>
					<p>To return to a previous results set after filtering one or more times, select the <uicontrol>Clear</uicontrol> link under your selections at the top of the <uicontrol>Narrow By</uicontrol> pane to close that version.  When you have closed all the versions, your original results are displayed on the right side of the results view.</p>
					</propdesc>
			</property>
			<property audience="lpa">
			<propvalue>Practice Areas &#38; Topics</propvalue>
			<propdesc><p>Select specific practice areas and topics available to display search results associated with the selected practice area or topic.</p>
			<p><note type="tip">Click the <uicontrol>Select multiple</uicontrol> link to select multiple practice areas or topics.</note></p>
			</propdesc>
			</property>
						<property>
				<propvalue>Timeline</propvalue>
				<propdesc>
					<p>To select a specific date range and display the number of results within it, you can do one of the following:</p>
					<ul>
						<li>Slide the indicator toward the center of the diagram from either end and select <uicontrol>OK</uicontrol></li>
						<li>Enter a beginning and ending date in mm/dd/yyyy format and select <uicontrol>OK</uicontrol></li>
						
					</ul>
					
				</propdesc>
			</property>
			<property audience="lpa">
			<propvalue>Most Cited</propvalue>
			<propdesc><p>A list of links to related results for the most cited documents related to your search.</p>
			<p><note type="tip">Click <uicontrol>More</uicontrol> to view more results, or select <uicontrol>Less</uicontrol> to view fewer results.</note></p>
			</propdesc>
			</property>
			<property audience="lpa">
			<propvalue>Keyword</propvalue>
			<propdesc><p>A list of links to related results for similar keyword searches.</p>
			<p><note type="tip">Click <uicontrol>More</uicontrol> to view more results, or select <uicontrol>Less</uicontrol> to view fewer results.</note></p>
			</propdesc>
			</property>
				<property audience="res;lps">
				<propvalue>Did you mean:</propvalue>
				<propdesc>You may see suggested search terms here if there are terms closely related to those you entered that might improve your search results.  Click the suggested terms if you want to see the results for those terms instead of what you entered.  The suggested terms will replace those you entered in the search box.</propdesc>
			</property>
			<property>
				<propvalue><image href="addtofolder.png" alt="Add to folder" placement="inline"/></propvalue>
				<propdesc>To select one or more documents to add to a folder, select the checkboxes next to the documents in the list, and then select the <uicontrol>Add to folder</uicontrol> icon at the top of the column.</propdesc>
			</property>
			<property>
				<propvalue><image href="print.png" alt="Print to attached printer" placement="inline"/></propvalue>
				<propdesc>To select one or more documents to print to an attached printer, select the checkboxes next to the documents in the list, and then select the <uicontrol>Printer</uicontrol> icon from the delivery toolbar. (To specify your delivery settings before completing the delivery, click the <image href="deliverysettings.png" alt="Delivery Settings"/> icon.)</propdesc>
			</property>

			<property>
				<propvalue><image href="download.png" alt="Save" placement="inline"/></propvalue>
				<propdesc>To select one or more documents to save to your computer, select the checkboxes next to the documents in the list, and then select the <uicontrol>Save</uicontrol> icon from the delivery toolbar. (To specify your delivery settings before completing the delivery, click the <image href="deliverysettings.png" alt="Delivery Settings"/> icon.)</propdesc>
			</property>

			<property>
				<propvalue><image href="email.png" alt="Email" placement="inline"/></propvalue>
				<propdesc>To select one or more documents to email, select the checkboxes next to the documents in the list, and then select the <uicontrol>Email</uicontrol> icon from the delivery toolbar. </propdesc>
			</property>

				<property>
				<propvalue><image href="dropbox.png" alt="Send to Dropbox" placement="inline"/></propvalue>
				<propdesc>To select one or more documents to send to Dropbox, select the checkboxes next to the documents in the list, and then select the <uicontrol>Send to Dropbox</uicontrol> icon from the delivery toolbar. (To specify your delivery settings before completing the delivery, click the <image href="deliverysettings.png" alt="Delivery Settings"/> icon.)</propdesc>
			</property>


<property>
				<propvalue><image href="getitnow.png" alt="Get It Now" placement="inline"/></propvalue>
				<propdesc>To get a document outside of your subscription, select this icon.</propdesc>
			</property>
			<property>
				<propvalue><image href="printablepage.png" alt="Printable Page" placement="inline"/> Printable page</propvalue>
				<propdesc>Click to view the list in a printer-friendly format.</propdesc>
			</property>
			<property>
				<propvalue><image href="Triangleleft.png" alt="Previous" placement="inline"/> n <image href="Triangleright.png" alt="Next" placement="inline"/></propvalue>
				<propdesc>Click the right or left arrow to display the previous or next group of documents in your results.</propdesc>
			</property>
	<!-- I think "View" is gone.  Or it could be the eyeglasses icon.		
			<property>
<propvalue>View (<uicontrol>Cases</uicontrol> Content Type)</propvalue>
				<propdesc>
					<p>Select a view to determine what to display in the text under each document when you're viewing the Cases content type in your results list. Your selection lasts only until you run another search (the <uicontrol>Terms</uicontrol> view appears by default if you don't make a selection).</p>
					<dl>
<dlentry>
							<dt>Overview only</dt>
							<dd>Select this to display the editors' overview of each document in your results list.</dd>
						</dlentry>
						<dlentry>
							<dt>Overview + Terms</dt>
							<dd>Select this to display the editors' overview, plus your search terms highlighted within the text of each document in your results list.</dd>
						</dlentry>
						<dlentry>
						<dt>Overview + Extract</dt>
						<dd>Select this to display the editors' overview, plus the section of the document where the most search terms are located.</dd>
						</dlentry>
					</dl>
				</propdesc>
			</property>

<property>
<propvalue>View (All <uicontrol>Other</uicontrol> Content Types)</propvalue>

				<propdesc>
					<p>For all other content types, select one of these views (the <uicontrol>Terms</uicontrol> view appears by default if you don't make a selection).</p>
					<dl>
						<dlentry>
							<dt>Terms</dt>
							<dd>Select this to display your search terms highlighted within the text of each document in your results list.</dd>
						</dlentry>
						<dlentry>

						<dt>Extract</dt>
						<dd>Select this to display a section of the document where the most search terms are located.</dd>
						</dlentry>
						</dl>
				</propdesc>
			</property>
		-->	
			<property>
				<propvalue>Document Title</propvalue>
				<propdesc>To view the full document, select the document title.  To sort your results alphabetically by document title, select the column header. Click it again to restore it to the original order.</propdesc>
			</property>
			<property>
				<propvalue>View Table of Contents</propvalue>
				<propdesc>Select this to view the table of contents for the document, if the document has one.</propdesc>
			</property>			

			<property>
				<propvalue>Jurisdiction</propvalue>
				<propdesc>The jurisdiction of the document.</propdesc>
			</property>
<property>
				<propvalue>Court</propvalue>
				<propdesc>The court of the document.</propdesc>
			</property>
			<property>
				<propvalue>Date</propvalue>
				<propdesc>The date of the document.</propdesc>
			</property>
			
			<property>
				<propvalue>1 2 3 4 5 ...</propvalue>
				<propdesc>Indicates which page in your results set you are viewing. Click a different page number to display that page, or use the right or left arrows to scroll through your results set.</propdesc>
			</property>
			
		</properties>
	</refbody>
 
</reference>
