<?xml version="1.0" encoding="UTF-8"?>
<!DOCTYPE reference PUBLIC "-//IBM//DTD DITA Composite//EN" "c:/dtd/ditabase.dtd">
<reference id="savetofoldertips" otherprops="savetofoldertips">
	<title>Add to Folder Page</title>
	<prolog>
		<author>Barb Bruns</author>
		<copyright>
			<copyryear year="2007"/>
			<copyrholder>Lexisnexis</copyrholder>
		</copyright>
		<critdates>
			<created date="2006-10-25"/>
		</critdates>
		<metadata>
			<prodinfo>
				<prodname>Lexis Advance</prodname>
				<vrmlist>
					<vrm version="1"/>
				</vrmlist>
			</prodinfo>
		</metadata>
	</prolog>
	<refbody>
		<section>
			<p>You can save documents to a folder, assign a client to them, and save notes that will be displayed when you open the folder from your folder list.</p>
		</section>
		<properties>	

<property id="savedocuments">
				<propvalue>Selected Documents tab</propvalue>
				<propdesc>
				<dl>
				<dlentry>
				<dt>N Documents</dt>
				<dd>The number here indicates how many of the listed documents you selected to save to this folder.  </dd>
				</dlentry>

				<dlentry>
				<dt>Edit all titles</dt>
				<dd>Click this link to edit the titles currently assigned the documents.</dd>
				</dlentry>

				<dlentry>
				<dt>Document List</dt>
				<dd>Shows the documents and lets you clear any documents you don't want to save to the folder.</dd>
				</dlentry>
				</dl></propdesc>								
			</property>

<property>
<propvalue>Save Options tab</propvalue>
				<propdesc>					
					<dl>						
						<dlentry>
							<dt>Full documents (<i>n</i>)</dt>
							<dd>Select this to save the documents to your folder that you have selected.</dd>
						</dlentry>	
						<dlentry>
							<dt>Results list for &lt;Content Type&gt;</dt>
							<dd>Select this to save the results list for the search that is displayed (but none of the documents in the list). You can enter consecutive or non-consecutive numbers in this field to "pick and choose" exactly which results you want saved. See <xref href="deliveryrangetips.xml" scope="peer"/> for instructions on how to enter this range of results.
							<note type="note">Select <uicontrol>Include the graphical view of search terms (PDF only)</uicontrol> to include a graph that shows the location and distribution of each of your search terms in each of your results.</note></dd>
						</dlentry>

						<dlentry>
						<dt>Notes</dt>
						<dd>Enter any notes you would like to store with the documents.  The notes will be displayed in your folder list, under each of the documents you selected to save. If this is a shared document, and you want the notes to be visible to the other users you have shared it with, leave <uicontrol>Allow recipients to view your notes</uicontrol> checked. If you want the notes to be visible only to you, clear the checkbox.</dd>
			</dlentry>
						
						<dlentry>
						<dt>Save In</dt>
						<dd>Select the name of the folder you want to save the documents or results list to.  You can also select a folder in which to create a new sub-folder.</dd>
						</dlentry>

						<dlentry>
						<dt>Create New Folder button</dt>
						<dd>Select a folder where you want the new folder created, and click this button to create it. </dd>
						</dlentry>
						</dl>						
				</propdesc>
			</property>
			
			<property id="sharingsettings">
				<propvalue>Share With Others</propvalue>
				<propdesc>				
				<dl>				
				<dlentry>
				<dt>Enter a peer's name...</dt>
				<dd>To share with others within your network or group of users, enter the peer's name. To share with users outside your group, enter the user's email address. Click <uicontrol>Add to Share</uicontrol> to add the name to the list.</dd>
				</dlentry>
				
				<dlentry>
				<dt>Selected Users</dt>
				<dd>The names of the users you will be sharing this folder with.</dd>
				</dlentry>
</dl>
				</propdesc>
			</property>			
		</properties>
	</refbody>
</reference>