<?xml version="1.0" encoding="UTF-8"?>
<!DOCTYPE reference PUBLIC "-//IBM//DTD DITA Composite//EN" "c:/dtd/ditabase.dtd">
<reference id="savemaptofoldertips" otherprops="savemaptofoldertips">
	<title>Save History Map to Folder Page</title>
	<prolog>
		<author>Barb Bruns</author>
		<copyright>
			<copyryear year="2007"/>
			<copyrholder>Lexisnexis</copyrholder>
		</copyright>
		<critdates>
			<created date="2009-12-29"/>
		</critdates>
		<metadata>
			<prodinfo>
				<prodname>Lexis Advance</prodname>
				<vrmlist>
					<vrm version="1"/>
				</vrmlist>
			</prodinfo>
		</metadata>
	</prolog>
	<refbody>
		<section>
			<p>Use this form to save a Research Map to one of your folders.</p>
		</section>

		<properties>
<property>
				<propvalue>Share With Others</propvalue>
				<propdesc>Select this tab to share this map with others.</propdesc>
			</property>
			<property>
				<propvalue>Document Title</propvalue>
				<propdesc>Use the title that is displayed, or give the map a name that you will use later to retrieve it.</propdesc>
			</property>
			<property>
			<propvalue>PDF/Live Map</propvalue>
			<propdesc>Select whether to save the map as a PDF or as a <uicontrol>Live Map</uicontrol>. Saving it as a <uicontrol>Live Map</uicontrol> allows you to return to the same history map from your folder.</propdesc>
			</property>
			<property>
				<propvalue>Save In</propvalue>
				<propdesc>Select a folder to save the map to, or select <uicontrol>Create New Folder</uicontrol> to create a new one.</propdesc>
			</property>

			<property>
				<propvalue>Notes</propvalue>
				<propdesc>Enter any notes you would like to store with the Research Map.</propdesc>
			</property>
		</properties>
	</refbody>
</reference>