<?xml version="1.0" encoding="UTF-8"?>
<!DOCTYPE reference PUBLIC "-//IBM//DTD DITA Composite//EN" "c:/dtd/ditabase.dtd">
<reference id="savesearchtips" otherprops="savesearchtips" audience="res;lpa">
	<title>Add Search to Folder Form</title>
	<prolog>
		<author>Barb Bruns</author>
		<author>Christina Stommel (GDSI Release)</author>
		<copyright>
			<copyryear year="2007"/>
			<copyrholder>Lexisnexis</copyrholder>
		</copyright>
		<critdates>
			<created date="2009-12-29"/>
		</critdates>
		<metadata>
			<prodinfo>
				<prodname>Lexis Advance</prodname>
				<vrmlist>
					<vrm version="1"/>
				</vrmlist>
			</prodinfo>
		</metadata>
	</prolog>
	<refbody>
		<section>
			<p>This form allows you to save your search so you can run it again in the future. After you save a search, you can access it again by selecting the <uicontrol>Folders</uicontrol> link in the <uicontrol>More</uicontrol> drop-down list at the top of any page or by selecting an option from the <uicontrol>Folders</uicontrol> pod on the <ph keyref="prodnamefirst"/> home page.</p>
		</section>
		<properties>
			<property>
				<propvalue>Save Options tab</propvalue>
				<propdesc>
				<dl>
				<dlentry>
				<dt>Save Search</dt>
				<dd>Enter a title for the search, or keep the title that is displayed.</dd>
				</dlentry>

				<dlentry>
				<dt>Store Narrow By selections for</dt>
				<dd>
				<dl>
						<dlentry>
							<dt>Category I'm currently viewing (<i>Category Name</i>)</dt>
							<dd>Select this to store the selections you made under the "Narrow By" filters for the category type you are viewing.</dd>
						</dlentry>
						<dlentry>
							<dt>All categories</dt>
							<dd>Select this to store the selections for all the categories you searched in.</dd>
						</dlentry>
					</dl>
				</dd>
				</dlentry>

				<dlentry>
				<dt>Notes</dt>
				<dd>Enter any notes you wish to about the search.</dd>
				</dlentry>

				<dlentry>
				<dt>Save In</dt>
				<dd>Select the folder you want to add the search to, or select <uicontrol>Create New Folder</uicontrol> to create a new folder.</dd>
				</dlentry>
				</dl></propdesc></property>

				<property>
				<propvalue>Share With Others</propvalue>
				<propdesc>				
				<dl>				
				<dlentry>
				<dt>Enter a peer's name and select to share.</dt>
				<dd>To share with others within your network or group of users, enter the peer's name. To share with users outside your group, enter the user's email address. Click <uicontrol>Add to Share</uicontrol> to add the name to the list.</dd>
				</dlentry>
				
				<dlentry>
				<dt>Selected Users</dt>
				<dd>The names of the users you will be sharing this folder with.</dd>
				</dlentry>
</dl>
				</propdesc>
			</property>			

			
		</properties>
	</refbody>
</reference>