<?xml version="1.0" encoding="UTF-8"?>
<!DOCTYPE reference PUBLIC "-//IBM//DTD DITA Composite//EN" "c:/dtd/ditabase.dtd">
<reference id="searchselectedtips" otherprops="searchselectedtips" audience="res">
	<title>Search Selected Text Page</title>
	<prolog>
		<author>Barb Bruns</author>
		<copyright>
			<copyryear year="2007"/>
			<copyrholder>Lexisnexis</copyrholder>
		</copyright>
		<critdates>
			<created date="2009-12-29"/>
		</critdates>
		<metadata>
			<prodinfo>
					<prodname>Lexis Advance</prodname>
				<vrmlist>
					<vrm version="1"/>
				</vrmlist>
			</prodinfo>
		</metadata>
	</prolog>
	<refbody>
		<section>
			
			<p>Use the <uicontrol>Search Selected Text</uicontrol> feature to find all the documents that contain text that is similar to text you have selected in a document from your results.  The search will be based on relevant terms in the passage you select, and can help you find other documents related to a topic you are researching.</p>
		</section>
		<properties>
<property>
				<propvalue>Filters</propvalue>
				<propdesc>These are the filters you selected when you ran the original search. Click the X on a filter to remove it.</propdesc>
			</property>
<property>
				<propvalue>Clear</propvalue>
				<propdesc>Select this button to clear all the filter selections you made for the original search. 
				</propdesc>
				</property>
			<property>
				<propvalue>Selected text</propvalue>
				<propdesc>The text you selected for basing the search on is displayed here.</propdesc>
			</property>
			
			<property>
				<propvalue>Search</propvalue>
				<propdesc>Select this button to begin the search. 
				<note type="note">If you select more than 1,000 characters, you'll see a notice displaying the first 1,000 characters of the text you selected, so you can review the text to ensure that it contains your relevant search terms.</note></propdesc>
			</property>
<property>
				<propvalue>Cancel</propvalue>
				<propdesc>Select this button to close this box without searching. 
				</propdesc>
			</property>
		</properties>
	</refbody> 
</reference>