<?xml version="1.0" encoding="UTF-8"?>
<!DOCTYPE reference PUBLIC "-//IBM//DTD DITA Composite//EN" "c:/dtd/ditabase.dtd">
<reference id="searchtips" otherprops="searchtips" audience="res;lpa">
	<title>Search Form</title>
	<prolog>
		<author>Barb Bruns</author>
		<copyright>
			<copyryear year="2009"/>
			<copyrholder>Lexisnexis</copyrholder>
		</copyright>
		<critdates>
			<created date="2007-07-05"/>
		</critdates>
		<metadata>
			<prodinfo>
				<prodname>Lexis Advance</prodname>
				<vrmlist>
					<vrm version="1"/>
				</vrmlist>
			</prodinfo>
		</metadata>
	</prolog>
	<refbody>
		<section>
			<data>hide,show</data>
			<p>When you sign in to <ph keyref="prodnamefirst"/>, most everything you need to conduct your legal research is available from the <ph keyref="prodname"/> home page.  You can search from the search box, or select from one of the pods below it for quick access to your recent search history, folders, alerts, etc. Access to support, including support phone numbers, tutorials, and help for the product, is also available. For more information about the items on the page, see the table below.</p>
			
			<note type="tip">To begin your legal research across all the <ph keyref="companyfirst"/> primary and secondary sources, plus related content on the Web, enter your search terms, document citation preceded by <userinput>shep:</userinput>, or just the words or phrases relating to issues or topics you're researching, and select the Search button.  See below for more options.</note>
		</section>
		<properties>
			<!--prophead>
				<propvaluehd>Label</propvaluehd>
				<propdeschd>Explanation</propdeschd>
			</prophead-->
<property audience="res">
				<propvalue><ph keyref="prodnamefirst"/> Research</propvalue>
				<propdesc>
					
					<p>Select this to open a list of other products, such as <ph keyref="cbnamefirst"/>, <ph keyref="lpsnamefirst"/>, etc.  (The products you have access to depends on your <ph keyref="prodname"/> subscription.)</p>
			</propdesc>
			</property>
			<property audience="res">
				<propvalue>Browse</propvalue>
				<propdesc>
					
					<p>Select this to select specific sources or legal topics to search in.</p>
<note type="note" audience="lpa">Browsing topics and sources is not available for <ph keyref="lpanamefirst"/>.</note>
				</propdesc>
			</property>
		<property>
				<propvalue>Client</propvalue>
				<propdesc>
					<p>Select this to assign your research to a specific client or matter ID.</p>
					</propdesc>
					</property>
<property>
				<propvalue>History</propvalue>
				<propdesc>
					<p>Select this to view your search history.</p>
					</propdesc>
					</property>
<property>
				<propvalue>More</propvalue>
				<propdesc>
					<p>Select this for access to other functions such as alerts, notifications, etc. or for help with using <ph keyref="prodname"/>.</p>
					</propdesc>
					</property>

					
			<property>
				<propvalue>Search terms</propvalue>
				<propdesc>
					<p>Enter your terms, document citation, words, or phrases, and select the Search button to begin your search.</p>
			
<ul>
<li>Legal Phrases and Documents - If the terms you are typing are closely related to a legal phrase or document, you'll see a list of suggestions you can select from. Click one of these if you want to see the results for the suggestion instead of what you are typing. The legal phrase or document name will replace the terms you were entering in the search box.</li>
<li>Sources - If the terms you are typing are closely related to a source name, you'll see a list of suggested sources you can select from. Click one of these if you want to search in the source. The sources you select will display under the search box. Click <uicontrol>Clear</uicontrol> to remove the sources.</li>
</ul>

					<note type="note" audience="res">To <i>Shepardize</i>&#174; a citation, type <userinput>shep:</userinput> followed by the document citation.</note>
					<note type="tip">Use <userinput>near</userinput>, <userinput>and</userinput>, <userinput>not</userinput>, <userinput>or</userinput>, and * to link your search terms and find word variations.  For more information and example searches, see <xref href="connectors_group_ref.xml" scope="peer"/></note>
				</propdesc>
			</property>
<property>
<propvalue><image href="searcheverything.png" alt="Search" placement="inline"/></propvalue>
				<!--<propvalue>Filters</propvalue>-->
				<propdesc>
					<p>Select the down arrow on this button to narrow your search to one or more of these criteria:</p>
					<ul>
					<li>Jurisdiction</li>
					<li>Category (such as Cases, Statutes &amp; Legislation, Administrative Materials, etc.) </li>
					<li>Practice Area &amp; Topic</li>
					<li>Recent &amp; Favorites (your recently used searches, filters, etc.)</li>
					</ul>
					<ph audience="exclude">Or, open the <uicontrol>Advanced Search</uicontrol> form for help in constructing your search to include or exclude certain words or phrases.</ph>  
					</propdesc>
					</property>
			<property>
			<propvalue><image href="redmagnifyglass.png" alt="Search" placement="inline"/></propvalue>
				
				<propdesc>Click this to begin your search.</propdesc>
			</property>
			<property>
			<propvalue>Pods</propvalue>
			<propdesc><p>The area below the search box provides access to previous research, recent updates, and support:</p> 

					<dl>
						
						
						<dlentry>
							<dt>History</dt>
							<dd>Select a specific link to refine or reuse a recent search, or to review the documents it found.  To view all of your search history, select <uicontrol>View all history</uicontrol>, or select <uicontrol>Research Map</uicontrol> for a graphical view.</dd>
						</dlentry>
<dlentry>
							<dt>Folders</dt>
							<dd>The folders you've created and the documents in them.  To view a specific folder, select its link. To view all of your folders, select <uicontrol>View all folders</uicontrol>.</dd>
						</dlentry>
<dlentry>
							<dt>News</dt>
							<dd>Current news stories and updates about <ph keyref="prodname"/>.</dd>
						</dlentry>
<dlentry>
							<dt>Favorites</dt>
							<dd>Select the arrow to open the list of searches, sources, or filters you have saved as favorites.</dd>
						</dlentry>
						<dlentry>
							<dt>Alerts</dt>
							<dd>Your most recent alerts. To view a specific alert, select its link. To view all of your alerts, select <uicontrol>View all alerts</uicontrol>.</dd>
						</dlentry>
						
						<dlentry>
							<dt>Notifications</dt>
							<dd>The notices you have received regarding the status of documents, folders, and alerts that you have shared or that have been shared with you. To view a specific notification, select its link. To view all of your notifications, select <uicontrol>View all notifications</uicontrol>.</dd>
						</dlentry>
<dlentry>
							<dt>Support</dt>
							<dd>Have a question? Look in the help to find the answer, or learn more about <ph keyref="prodname"/> by viewing a quick tutorial. You'll also find our Customer Support phone numbers here.
</dd>
						</dlentry>
						
					</dl>

				</propdesc>
			</property>
		</properties>
		
	</refbody>
</reference>