<?xml version="1.0" encoding="UTF-8"?>
<!DOCTYPE reference PUBLIC "-//IBM//DTD DITA Composite//EN" "c:/dtd/ditabase.dtd">
<reference id="searchadvancetips" otherprops="searchadvancetips" audience="res">
	<title>Search Tips</title>
	<prolog>
		<author>Barb Bruns</author>
		<copyright>
			<copyryear year="2009"/>
			<copyrholder>Lexisnexis</copyrholder>
		</copyright>
		<critdates>
			<created date="2007-07-05"/>
		</critdates>
		<metadata>
			<prodinfo>
				<prodname>Lexis Advance</prodname>
				<vrmlist>
					<vrm version="1"/>
				</vrmlist>
			</prodinfo>
		</metadata>
	</prolog>
	<refbody>
		<section>
			<p>This page provides a quick reference for using several key <ph keyref="prodnamefirst"/> features, plus a list of frequently-asked questions about using them and many more.  Select one of the questions to see a detailed answer, plus help for related topics.</p>
		</section>
			<section id="getorshep">
			<title>Get or <ph keyref="shepardizefirst"/> One or More Documents</title>
			

<table outputclass="tablenoborder">
				<tgroup cols="2">
					<colspec colname="COLSPEC0" colwidth="50*"/>
					<colspec colname="COLSPEC1" colwidth="50*"/>
					<tbody>
						<row>
							<entry><b>Get a Document</b></entry>
							<entry><b>Shepardize a Citation</b></entry>
							</row>
							<row>
							<entry>Enter the citation in the search box.
							<p><i>Example:</i> 530 U.S. 133</p></entry>
							<entry>Type <uicontrol>shep:</uicontrol> in the search box, followed by the citation number. 								<p><i>Example:</i> shep: 800 F.2d 111</p></entry>	
						</row>
																		
						</tbody>
						</tgroup>						
						</table>
						
						<p>&nbsp;</p>
						</section>
						
		<section id="narrowsearch">
			<title>Narrow your search</title>
			<p><xref href="restrictsearch_hdi.xml" scope="peer">Learn more</xref></p>

<table outputclass="tablenoborder">
				<tgroup cols="2">
					<colspec colname="COLSPEC0" colwidth="50*"/>
					<colspec colname="COLSPEC1" colwidth="50*"/>
					<tbody>
						<row>
							<entry><b>By Source</b></entry>
							<entry><b>By Jurisdiction, Content Type, or Practice Area</b></entry>
							</row>
						<row>
						<entry>Type a name or phrase in the search box to display related sources.
			<p>For example, if you type <i>California statute</i> or <i>CA Code</i> in the search box, <uicontrol>CA – Deering’s California Codes Annotated</uicontrol> displays as a suggested source.</p><p></p><p audience="megabrowse">You can also select a source using the tabs in <uicontrol>Explore Content</uicontrol>. </p></entry>
			<entry>To restrict your search <i>before</i> you run it, select <uicontrol>Search: Everything</uicontrol> in the search box to select a Jurisdiction, Content Type, and/or Practice Area. <p></p><p audience="megabrowse">You can also select a Content Type or Practice Area from <uicontrol>Explore Content</uicontrol>.</p></entry>
			</row>
<row>
			<entry>&nbsp;</entry>
			</row>
			<row>
			<entry><b>By Date</b></entry>
			</row>
			<row>
			<entry>Use the <uicontrol>date</uicontrol> restriction.
			<p><i>Example:</i>&nbsp;&nbsp;inauguration and = 2/21/1992</p> <p><i>Example:</i>&nbsp;&nbsp;Mayor w/3 Peoria and &gt; 01/01/1960 and &lt; 12/31/1980</p>
		</entry>
			</row>
			</tbody>
						</tgroup>						
						</table>
						
						<p>&nbsp;</p>
						</section>

			
		<section id="segmentsandconnectors">
			<title>Search Using Segments and Terms &amp; Connectors</title>
			<p>Use <ph keyref="prodname"/> to search using segments and search commands.  <ph audience="exclude">For a more guided experience, use the <uicontrol>Advanced Search</uicontrol> link above the search box on the home page.</ph></p>
			<p>&nbsp;</p>

<table outputclass="tablenoborder">
				<tgroup cols="2">
					<colspec colname="COLSPEC0" colwidth="50*"/>
					<colspec colname="COLSPEC1" colwidth="50*"/>
					<tbody>
						<row>
							<entry><b>Common Segments</b></entry>
							<entry><b>Common Connectors</b></entry>
							</row>
							<row>
							<entry><uicontrol>Summary ( )</uicontrol>
							<p><i>Example:</i>&nbsp;summary (inheritance and tax)</p></entry>
							<entry><uicontrol>and</uicontrol>
							<p><i>Example:</i>&nbsp;software and firmware</p></entry>
							</row>
							<row>
							<entry><uicontrol>Hlead ( )</uicontrol>
							<p><i>Example:</i>&nbsp;hlead (george /2 soros)</p></entry>
							<entry><uicontrol>&quot;&nbsp;&quot;</uicontrol>
							<p><i>Example:</i>&nbsp;&quot;right to work&quot;</p></entry>
							</row>
							<row>
							<entry><uicontrol>Judges ( )</uicontrol>
							<p><i>Example:</i>&nbsp;judges (james or jim /2 blackmun)</p></entry>
							<entry><uicontrol>or</uicontrol>
							<p><i>Example:</i>&nbsp;ship or vessel or boat</p></entry>
							</row>
							<row>
							<entry><uicontrol>Attorney ( )</uicontrol>
							<p><i>Example:</i>&nbsp;attorney (sarah /2 weddington)</p></entry>
							<entry> <uicontrol>/n</uicontrol>
							<p><i>Example:</i>&nbsp;duty /10 breach</p></entry>
							</row>
							<row>
							<entry><uicontrol>Publication ( )</uicontrol>
							<p><i>Example:</i>&nbsp;publication (wall street journal)</p></entry>
							<entry><uicontrol>and not</uicontrol>
							<p><i>Example:</i> rico and not puerto</p></entry>
							</row>
							<row>
							<entry><xref href="searchsegment_hdi.xml" scope="peer">View a list of segments</xref></entry>
							<entry><xref href="connectors_group_ref.xml" scope="peer">View a list of connectors</xref></entry>
							</row>
							</tbody>
							</tgroup>
							</table>

						<p>&nbsp;</p>
						</section>

			

<section id="faq">
			<title>Frequently Asked Questions</title>

<table outputclass="tablenoborder">
				<tgroup cols="2">
					<colspec colname="COLSPEC0" colwidth="50*"/>
					<colspec colname="COLSPEC1" colwidth="50*"/>
					<tbody>
						<row>
							<entry><b>About Searching</b></entry>
							<entry><b>About Finding Things in One Step</b></entry>
							</row>
							<row>
							<entry><xref href="developnaturalsearch_ref.xml" scope="peer">Search with natural language</xref></entry>
							<entry><xref href="retrievebycitation_hdi.xml" scope="peer">Get a document</xref></entry>
							</row>
							<row>
							<entry><xref href="connectors_group_ref.xml" scope="peer">Search with terms and connectors</xref></entry>
							<entry><xref href="shepardizebycitation_hdi.xml" scope="peer">Request a Shepard's&#174; report</xref></entry></row>
							<row>
							<entry><xref href="sourcerestrictby_hdi.xml" scope="peer">Search in a specific source</xref></entry>
							<entry>&nbsp;</entry>
							</row>
							<row>
							<entry><xref href="searchsegment_hdi.xml" scope="peer">Search in a specific segment</xref></entry>
							<entry>&nbsp;</entry>
							</row>
							
							<row>
							<entry>&nbsp;</entry>
							<entry>&nbsp;</entry>
							</row>
							<row>
							<entry><b>About Refining A Search Up Front</b></entry>
							<entry><b>About Browsing a Hierarchy</b></entry>
							</row>
							<row>
							<entry><xref href="restrictsearchtojurisdiction_hdi.xml" scope="peer">Restrict my search to a specific jurisdiction</xref></entry>
							<entry><xref href="toc_cpt.xml" scope="peer">Browse or search a table of contents</xref></entry>
							</row>
							<row>
							<entry><xref href="restrictsearchtocontentype_hdi.xml" scope="peer">Restrict my search to a specific content type</xref></entry>
							<entry>&nbsp;</entry>
							</row>
							<row>
							<entry><xref href="searchrestrictbydate_hdi.xml" scope="peer">Restrict my search to a specific date or date range</xref></entry>
							<entry>&nbsp;</entry>
							</row>
							<row>
							<entry><xref href="savefilter_hdi.xml" scope="peer">Save my search settings</xref></entry>
							<entry>&nbsp;</entry>
							</row>
<row>
							<entry>&nbsp;</entry>
							<entry>&nbsp;</entry>
							</row>
							<row>
							<entry><uicontrol>About Learning About a Legal Topic</uicontrol></entry>
							<entry>&nbsp;</entry>
							</row>
							<row>
							<entry><xref href="browsetopics_hdi.xml" scope="peer">Research a specific legal topic (browse topics)</xref></entry>
							<entry>&nbsp;</entry>
							</row>
							</tbody>
							</tgroup>
							</table>
							</section>
							
	</refbody>
</reference>