<?xml version="1.0" encoding="UTF-8"?>
<!DOCTYPE reference PUBLIC "-//IBM//DTD DITA Composite//EN" "c:/dtd/ditabase.dtd">
<reference id="searchassistips" otherprops="searchassistips;search;searchtips" audience="exclude">
	<title>Advanced Search Form</title>
	<prolog>
		<author>Barb Bruns</author>
		<copyright>
			<copyryear year="2009"/>
			<copyrholder>Lexisnexis</copyrholder>
		</copyright>
		<critdates>
			<created date="2007-07-05"/>
		</critdates>
		<metadata>
			<prodinfo>
				<prodname>Lexis Advance</prodname>
				<vrmlist>
					<vrm version="1"/>
				</vrmlist>
			</prodinfo>
		</metadata>
	</prolog>
	<refbody>
		<section>
			<p>Use the Advanced Search form to construct your search to include or exclude certain words or phrases. You can use this form to construct your initial search, or to add to it.</p>
			<p>When you select a search option and enter terms in the fields that are displayed, then select <uicontrol>Add to Search</uicontrol>, your search is displayed for you to review, with the terms you entered linked by connectors.</p>
			<p>Use the <uicontrol>Connectors</uicontrol> or <b><ph keyref="shepardsfirst"/></b> sections on the form to add connectors to your search terms or enter a citation you want to <ph keyref="shepardize"/>®.</p>
		</section>
		<properties>
			<prophead>
				<propvaluehd>Label</propvaluehd>
				<propdeschd>Explanation</propdeschd>
			</prophead>
			<property>
				<propvalue><p>Search Terms</p> Find documents that:</propvalue>
				<propdesc>
					<p>Click the drop-down list to select a search option from the list.  When you have made the selections you want, select <uicontrol>Add to search</uicontrol> to add them to your search.</p>
					<dl>
						<dlentry>
							<dt>include all these words</dt>
							<dd>Enter your search terms and select <uicontrol>Add to Search</uicontrol>.  The terms will be displayed separated by the <userinput>and</userinput> connector.  A document must contain all the search terms in your search to be included in your search results. Use this option to find words that are far apart from one another or in different sections of a document.  </dd>
						</dlentry>
						<dlentry>
							<dt>include this exact word or phrase</dt>
							<dd>Enter your search terms and select <uicontrol>Add to Search</uicontrol>.  The terms will be displayed with quotation marks before the first word you enter and after the last word you enter.  A document must contain your original search terms (if any) and the exact word or phrase you enter, to be included in your search results.</dd>
						</dlentry>
						<dlentry>
							<dt>include one or more of these words</dt>
							<dd>Enter your search terms and select <uicontrol>Add to Search</uicontrol>.  The terms will be displayed preceded by the <userinput>and</userinput> connector, and separated from each other by the <userinput>or</userinput> connector.  A document must contain your original search terms (if any) and one or more of the words you enter, to be included in your search results.</dd>
						</dlentry>
						<dlentry>
							<dt>exclude these words</dt>
							<dd>Enter your search terms and select <uicontrol>Add to Search</uicontrol>.  The terms you want to exclude will be displayed preceded by a minus sign (-).  A document must contain your original search terms (if any) but must not contain any of the words you enter, to be included in your search results. Use this option to exclude documents from your search results that contain the terms you enter. </dd>
						</dlentry>
						<dlentry>
							<dt>include these words near each other</dt>
							<dd>Enter your search terms, select how close together you want the words to appear in the document from the <uicontrol>within</uicontrol> list (the values are defined in the list below), and select <uicontrol>Add to Search</uicontrol>.  The terms will be displayed preceded by the <userinput>and</userinput> connector, and separated from each other by <userinput>near/n</userinput> with <i>n</i> being the value you choose from the <uicontrol>within</uicontrol> list.  A document must contain your original search terms (if any) and the words you enter, in the proximity to each other that you select, to be included in your search results. </dd>
						</dlentry>
					
					<dl>
						<dlentry>
							<dt>1 word</dt>
							<dd>search terms appear next to each other</dd>
                     	</dlentry>
					 	<dlentry>
                     		<dt>2 words</dt>
                           	<dd>search terms appear in approximately the same phrase</dd>
                     	</dlentry>
                     	<dlentry>
                        	<dt>3 words</dt>
                           	<dd>search terms appear in approximately the same phrase</dd>
                     	</dlentry>
						<dlentry>
                           	<dt>4 words</dt>
                           	<dd>search terms appear in approximately the same phrase</dd>
                     	</dlentry>
						<dlentry>
                           	<dt>5 words</dt>
                           	<dd>search terms appear in approximately the same phrase</dd>
                     	</dlentry>
                     	<dlentry>
                           	<dt>10 words</dt>
                           	<dd>search terms appear in approximately the same sentence</dd>
                     	</dlentry>
						<dlentry>
                           	<dt>15 words</dt>
                           	<dd>search terms appear in approximately the same sentence</dd>
                     	</dlentry>
						<dlentry>
                           	<dt>25 words</dt>
                           	<dd>search terms appear in approximately the same paragraph</dd>
                     	</dlentry>
                     	<dlentry>
                           	<dt>50 words</dt>
                           	<dd>search terms appear in approximately the same paragraph</dd>
                     	</dlentry>
                	</dl>
					</dl>
				</propdesc>
			</property>
<property>
				<propvalue>Connectors</propvalue>
				<propdesc>
					<p>Select a connector from the list and select <uicontrol>Add to search</uicontrol> to add the connector to your search.</p>
					</propdesc>
					</property>
<property>
				<propvalue><ph keyref="shepname"/></propvalue>
				<propdesc>
					<p>Select <uicontrol>Add to search</uicontrol> and then enter a citation to <ph keyref="shepardize"/>® the citation.</p>
					<note>Selecting this will replace any search terms you have already entered.</note>
					</propdesc>
					</property>
			<property>
				<propvalue>Search</propvalue>
				<propdesc>Select <uicontrol>Search</uicontrol> to complete your search.</propdesc>
			</property>
		</properties>
	</refbody>
</reference>