<?xml version="1.0"?>
<!DOCTYPE reference PUBLIC "-//IBM//DTD DITA Composite//EN" "c:/dtd/ditabase.dtd">
<reference id="searchwithtermstips" otherprops="searchwithtermstips" audience="res;urlapi">
	
	<title>Using Search Terms</title>	
	<prolog>
		<author>Barb Bruns</author>
		<copyright>
			<copyryear year="2009"/>
			<copyrholder>LexisNexis</copyrholder>
		</copyright>
		<critdates>
			<created date="2012-10-18"/>
		</critdates>
		<metadata>
			<prodinfo>
				<prodname>Lexis Advance™ URL API</prodname>
				<vrmlist>
					<vrm version="1"/>
				</vrmlist>
			</prodinfo>
		</metadata>
	</prolog>
	<refbody>
		<section>		
		<note conref="urlapi_group_ref.xml#urlapi_group_ref/urlapinote"/>
			<p>Use this URL to search using specific search terms.</p>
			<p>
				<b>URL Template</b>
			</p>
			<p>http://advance.lexis.com/api/<b>search?{search-terms}</b>&amp;{collection}&amp;{qlang}</p>
			<example>http://advance.lexis.com/api/<b>search?q=burden%20of%20proof</b>&amp;collection=cases&amp;qlang=bool</example>
		</section>
		<properties>
			<prophead>
				<propvaluehd>Value</propvaluehd>
				<propdeschd>Description</propdeschd>
			</prophead>
			<property>
				<propvalue>search</propvalue>
				<propdesc>Indicates the user wants to run a search and view the results.</propdesc>
			</property>
			<property>
				<propvalue>{search-terms}</propvalue>
				<propdesc><p>Query parameter that contains the search syntax. Use <userinput>%20</userinput> in the URL to replace spaces between words in the search string. </p>
				<example><b>q</b>=breach%20of%20contract</example>
				</propdesc>
			</property>
			<property>
				<propvalue>{collection}</propvalue>
				<propdesc><p>Query parameter that specifies the content type (Optional). </p>
				<example><b>collection</b>=cases</example>
				<p>For a list of values that can be used with the collection parameter, see <xref href="collectiontips.xml" scope="peer"/>.</p>
				</propdesc>
			</property>
<property>
				<propvalue>{qlang}</propvalue>
				<propdesc>
					<p>Query parameter that specifies the query language (Optional). </p>
				<example><b>qlang</b>=bool</example> 
					
					<p>Possible values:</p>
					<dl>
						<dlentry>
							<dt>bool</dt>
							<dd>Boolean language</dd>
						</dlentry>
						<dlentry>
							<dt>nat</dt>
							<dd>natural language</dd>
						</dlentry>
						<dlentry>
							<dt>dyn</dt>
							<dd>dynamic (allows the application to determine the query language)</dd>
						</dlentry>
					</dl>
				</propdesc>
				</property>
		</properties>
	</refbody>
</reference>