<?xml version="1.0" encoding="utf-8"?>
<!DOCTYPE reference PUBLIC "-//IBM//DTD DITA Composite//EN" "c:/dtd/ditabase.dtd">
<reference id="selectresdesctips" otherprops="selectresdesctips">
	<title>Select Research Description Page</title>
	<prolog>
		<author>Robin Stubbart</author>
		<copyright>
			<copyryear year="2011"/>
			<copyrholder>Lexisnexis</copyrholder>
		</copyright>
		<critdates>
			<created date="2011-07-06"/>
		</critdates>
		<metadata>
			<prodinfo>
				<prodname>Lexis Advance</prodname>
				<vrmlist>
					<vrm version="1"/>
				</vrmlist>
			</prodinfo>
		</metadata>
	</prolog>
	<refbody>
		<section>
			<p>Use this page to specify a research description to be associated with a Client ID.</p>
		</section>
		<properties>
			<property>
				<propvalue>Use currently saved Research Description for &lt;Client ID&gt;</propvalue>
				<propdesc>Select this option, if applicable.</propdesc>
			</property>
			<property>
				<propvalue>Use this Research Description</propvalue>
				<propdesc>Enter up to 1,000 characters to describe the research you are doing for this client.</propdesc>
			</property>
			<property conref="setclientIDtips.xml#setclientIDtips/ok"/>
			<property conref="setclientIDtips.xml#setclientIDtips/cancel"/>
		</properties>
	</refbody>
</reference>