<?xml version="1.0"?>
<!DOCTYPE reference PUBLIC "-//IBM//DTD DITA Composite//EN" "c:/dtd/ditabase.dtd">
<reference id="setdatetips" otherprops="urlapi" audience="res;urlapi">
	<title>Setting a Starting or Ending Date</title>
	<prolog>
		<author>Barb Bruns</author>
		<copyright>
			<copyryear year="2009"/>
			<copyrholder>LexisNexis</copyrholder>
		</copyright>
		<critdates>
			<created date="2012-10-18"/>
		</critdates>
		<metadata>
			<prodinfo>
				<prodname>Lexis Advance™ URL API</prodname>
				<vrmlist>
					<vrm version="1"/>
				</vrmlist>
			</prodinfo>
		</metadata>
	</prolog>
	<refbody>
		<section>
		<note conref="urlapi_group_ref.xml#urlapi_group_ref/urlapinote"/>

			<p>Use this URL to restrict your search to a specific starting or ending date.  For example, use a <uicontrol>startdate</uicontrol> parameter of 01/01/2000 to indicate that you want to search content starting with January 1, 2000.  Use the <uicontrol>enddate</uicontrol> parameter to indicate that you only want to search content that is older than the date you specify.</p>
			<p>
				<b>URL Template</b>
			</p>
			
			<p>http://advance.lexis.com/api/search?{search-terms}&amp;{collection}&amp;<b>{startdate|enddate}</b></p>
			<example>http://advance.lexis.com/api/search?q=burden%20of%20proof&amp;collection=cases&amp;<b>startdate=1985-10-25</b></example>
		</section>
		<properties>
			<prophead>
				<propvaluehd>Value</propvaluehd>
				<propdeschd>Description</propdeschd>
			</prophead>
			<property>
				<propvalue>search</propvalue>
				<propdesc>Indicates the user wants to run a search and view the results.</propdesc>
			</property>
			<property>
				<propvalue>{search-terms}</propvalue>
				<propdesc><p>Query parameter that contains the search syntax. Use <userinput>%20</userinput> in the URL to replace spaces between words in the search string. </p>
				<example><b>q</b>=breach%20of%20contract</example>
				</propdesc>
			</property>
			<property>
				<propvalue>{collection}</propvalue>
				<propdesc><p>Query parameter that specifies the content type (Optional). </p>
				<example><b>collection</b>=cases</example>
				<p>For a list of values that can be used with the collection parameter, see <xref href="collectiontips.xml" scope="peer"/>.</p>
				</propdesc>
			</property>
<property>
				<propvalue>{startdate}</propvalue>
				<propdesc>
					<p>Query parameter that specifies the starting date for the content to be searched (Optional). Only content starting with this date will be searched.</p>
				<example><b>startdate</b>=1985-10-25</example>
				</propdesc>
				</property>
				<property>
				<propvalue>{enddate}</propvalue>
				<propdesc>
					<p>Query parameter that specifies the ending date for the content to be searched (Optional). Only content for this date and older will be searched. </p>
				<example><b>startdate</b>=1985-10-25</example>  
					
					<p>Supported date formats:</p>
					<dl>
						<dlentry>
							<dt>startdate=1985-10-25</dt>
							<dd>Full date</dd>
						</dlentry>
						<dlentry>
							<dt>startdate=1985</dt>
							<dd>Year</dd>
						</dlentry>
						<dlentry>
							<dt>startdate=5y</dt>
							<dd>Past number of years </dd>
						</dlentry>
						<dlentry>
							<dt>startdate=6m</dt>
							<dd>Past number of months </dd>
						</dlentry>
						<dlentry>
							<dt>startdate=30d</dt>
							<dd>Past number of days</dd>
						</dlentry>


						<dlentry>
							<dt>enddate=1985-10-25</dt>
							<dd>Full date</dd>
						</dlentry>
						<dlentry>
							<dt>enddate=1985</dt>
							<dd>Year</dd>
						</dlentry>
						<dlentry>
							<dt>enddate=5y</dt>
							<dd>Past number of years </dd>
						</dlentry>
						<dlentry>
							<dt>enddate=6m</dt>
							<dd>Past number of months </dd>
						</dlentry>
						<dlentry>
							<dt>enddate=30d</dt>
							<dd>Past number of days</dd>
						</dlentry>
					</dl>
				</propdesc>
				</property>
		</properties>
	</refbody>
</reference>