<?xml version="1.0"?>
<!DOCTYPE reference PUBLIC "-//IBM//DTD DITA Composite//EN" "c:/dtd/ditabase.dtd">
<reference id="setfilterstips" otherprops="setfilterstips" audience="res;urlapi">
	<title>Using Pre-filters</title>
	<prolog>
		<author>Barb Bruns</author>
		<copyright>
			<copyryear year="2009"/>
			<copyrholder>LexisNexis</copyrholder>
		</copyright>
		<critdates>
			<created date="2012-10-18"/>
		</critdates>
		<metadata>
			<prodinfo>
				<prodname>Lexis Advance™ URL API</prodname>
				<vrmlist>
					<vrm version="1"/>
				</vrmlist>
			</prodinfo>
		</metadata>
	</prolog>
	<refbody>
		<section>
		<note conref="urlapi_group_ref.xml#urlapi_group_ref/urlapinote"/>

			<p>Use this URL to specify a pre-filter for your search to narrow your search results. The filters won't be validated, so if you enter a filter that doesn't work for a particular collection (for example, if you request a statute source but use the collection parameter to indicate the <uicontrol>cases</uicontrol> content type), you'll receive a <uicontrol>No results found</uicontrol> error.</p>
			<p>Only one of the pre-filter types (source, jurisdiction, or ssa/topics) can be used at one time.</p>  
			<p>
				<b>URL Template</b>
			</p>

			<p>http://advance.lexis.com/api/search?{collection}&amp;<b>{source|jurisdiction|ssa}</b></p>
<example>http://advance.lexis.com/api/search?collection=analytical-materials&amp;<b>jurisdiction=dXJuOmpwZjoxMDk5</b></example>			
		</section>
		<properties>
			<prophead>
				<propvaluehd>Value</propvaluehd>
				<propdeschd>Description</propdeschd>
			</prophead>
			<property>
				<propvalue>search</propvalue>
				<propdesc>Indicates the user wants to run a search and view the results.</propdesc>
			</property>
			
			<property>
				<propvalue>{collection}</propvalue>
				<propdesc><p>Query parameter that specifies the content type (Optional). </p>
				<example><b>collection</b>=analytical-materials</example>
				<p>For a list of values that can be used with the collection parameter, see <xref href="collectiontips.xml" scope="peer"/>.</p>
				</propdesc>
			</property>
<property>
				<propvalue>{source|jurisdiction|ssa}</propvalue>
				<propdesc>
					<p>Query parameter that specifies the pre-filter (Optional). </p>
				<example><b>jurisdiction</b>=dXJuOmpwZjoxMDk5</example>
				<p>For a list of jurisdictions and the values to use for the parameter, see <xref href="jurisdictionvalues_ref.xml" scope="peer">Values for the Jurisdiction Parameter</xref>.</p>
				<p>For a list of practice areas (ssa) and the values to use for the parameter, see <xref href="practicevalues_ref.xml" scope="peer">Values for the Practice Area Parameter</xref>.</p> 
					
				</propdesc>
				</property>
		</properties>
	</refbody>
</reference>