<?xml version="1.0" encoding="utf-8"?>
<!DOCTYPE reference PUBLIC "-//IBM//DTD DITA Composite//EN" "c:/dtd/ditabase.dtd">
<reference id="setidcostrectips" otherprops="setidcostrectips">
	<title>Set/Add Client ID Page</title>
	<prolog>
		<author>Robin Stubbart</author>
		<copyright>
			<copyryear year="2011"/>
			<copyrholder>Lexisnexis</copyrholder>
		</copyright>
		<critdates>
			<created date="2011-07-06"/>
		</critdates>
		<metadata>
			<prodinfo>
				<prodname>Lexis Advance</prodname>
				<vrmlist>
					<vrm version="1"/>
				</vrmlist>
			</prodinfo>
		</metadata>
	</prolog>
	<refbody>
		<section id="top">
			<p>Use this page to set the Client ID you'd like to assign your current research session to.</p>
			<p>Click these links to jump directly to the information you need:</p>
			<ul>
				<li>
					<xref href="#setclientIDtips/fields">Description of items on this page</xref>
				</li>
				<li>
					<xref href="#setclientIDtips/details">Masking Format Details</xref>
				</li>
			</ul>
		</section>
		<section id="fields">
			<title>Client ID</title>
		</section>
		<properties>
			<property>
				<propvalue>Recent Client IDs</propvalue>
				<propdesc>(This drop-down list only appears when setting the Client ID from folders.) Choose a previously used ID from the drop-down list.</propdesc>
			</property>
			<property id="clientid">
				<propvalue>New Client ID</propvalue>
				<propdesc>Enter the Client ID in the format specified, where A = a letter and # equals a numeral (such as 1, 2, 3, etc.).</propdesc>
			</property>
			<property id="researchdesc">
				<propvalue>Research Description</propvalue>
				<propdesc>Enter up to 1,000 characters to describe the research you are doing for this client.</propdesc>
			</property>
			<property id="ok">
				<propvalue>Set Client ID</propvalue>
				<propdesc>Click this button to use this client ID.</propdesc>
			</property>
			<property id="cancel">
				<propvalue>Cancel</propvalue>
				<propdesc>Click this button to return to the previous page.</propdesc>
			</property>
			<property>
				<propvalue>View a list of research activities that trigger the Access Charge</propvalue>
				<propdesc>If available, click the linked text to open <xref href="listofrsrchact_ref.xml" scope="peer"/>.</propdesc>
			</property>
		</properties>
		<section>
			<p>
				<xref href="#setclientIDtips/top">[Top]</xref>
			</p>
		</section>
		<section id="details">
			<title>Masking Format Details</title>
			<p>If the <uicontrol>Client ID</uicontrol> box is displayed, your firm requires that you specify client information that conforms to the format displayed above the box. You must enter client information that conforms to the displayed format where:</p>
			<ul>
				<li>N - means 0-9 is required</li>
				<li>X - means 0-9 and A-Z are acceptable</li>
				<li>A - means A-Z is required</li>
				<li>B - means a blank is required</li>
			</ul>
			<p>The identifier you enter must match the displayed format character for character. For example, if the displayed format were XXXB##-##, you would have to enter a 9-character identifier consisting of 3 alphanumeric characters, followed by a blank, 2 numeric characters, a hyphen, and 2 more numeric characters.</p>
			<!--p>Any positions remaining after the displayed format are for your optional use.</p-->
			<p>Key any of the following special characters exactly as displayed:</p>
			<simpletable>
				<strow>
					<stentry>at sign</stentry>
					<stentry>@</stentry>
				</strow>
				<strow>
					<stentry>ampersand</stentry>
					<stentry>&amp;</stentry>
				</strow>
				<strow>
					<stentry>semicolon</stentry>
					<stentry>;</stentry>
				</strow>
				<strow>
					<stentry>colon</stentry>
					<stentry>:</stentry>
				</strow>
				<strow>
					<stentry>comma</stentry>
					<stentry>,</stentry>
				</strow>
				<strow>
					<stentry>period</stentry>
					<stentry>.</stentry>
				</strow>
				<strow>
					<stentry>hyphen</stentry>
					<stentry>-</stentry>
				</strow>
				<strow>
					<stentry>single quote</stentry>
					<stentry>'</stentry>
				</strow>
				<strow>
					<stentry>underscore</stentry>
					<stentry>_</stentry>
				</strow>
				<strow>
					<stentry>forward slash</stentry>
					<stentry>/</stentry>
				</strow>
				<strow>
					<stentry>pound sign</stentry>
					<stentry>#</stentry>
				</strow>
				<!--strow>
					<stentry>plus sign</stentry>
					<stentry>+</stentry>
				</strow>
				<strow>
					<stentry>equal sign</stentry>
					<stentry>=</stentry>
				</strow>
				<strow>
					<stentry>question mark</stentry>
					<stentry>?</stentry>
				</strow>
				<strow>
					<stentry>percent sign</stentry>
					<stentry>%</stentry>
				</strow>
				<strow>
					<stentry>double quote</stentry>
					<stentry>"</stentry>
				</strow>
				<strow>
					<stentry>left parenthesis</stentry>
					<stentry>(</stentry>
				</strow>
				<strow>
					<stentry>right parenthesis</stentry>
					<stentry>)</stentry>
				</strow-->
			</simpletable>
		</section>
		<section>
			<p>
				<xref href="#setclientIDtips/top">[Top]</xref>
			</p>
		</section>
	</refbody>
</reference>