<?xml version="1.0" encoding="UTF-8"?>
<!DOCTYPE reference PUBLIC "-//IBM//DTD DITA Composite//EN" "c:/dtd/ditabase.dtd">
<reference id="settingstips" otherprops="settingstips">
	<title>Settings Page</title>
	<prolog>
		<author>Robin Stubbart</author>
		<author>Christina Stommel (GDSI Release)</author>
		<author>Garth Lewis</author>
		<copyright>
			<copyryear year="2012"/>
			<copyrholder>Lexisnexis</copyrholder>
		</copyright>
		<critdates>
			<created date="2012-06-25"/>
			<revised modified="2014-07-18"></revised>
			<revised modified="2015-03-24"></revised>
		</critdates>
		<metadata>
			<prodinfo>
				<prodname>Lexis Advance</prodname>
				<vrmlist>
					<vrm version="1"/>
				</vrmlist>
			</prodinfo>
		</metadata>
	</prolog>
	<refbody>
		<section>
			<p>Use the Settings page to set your preferences.</p>
			<note type="note">The options available to you depend on your subscription and the features available to you.</note>
			<ul>
				<li><xref href="#settingstips/global" scope="local">General tab</xref></li>
				<li><xref href="#settingstips/research" scope="local">Lexis Advance Research tab</xref></li>
				<li audience="lps"><xref href="#settingstips/lps" scope="local">Lexis Advance Litigation Profile Suite tab</xref></li>
				<li audience="lpa"><xref href="#settingstips/lpa" scope="local">Lexis Practice Advisor&#174; tab</xref></li>
				<li audience="icw"><xref href="#settingstips/icw_prof" scope="local">Citation Exercises tab (Instructors)</xref></li>
				<li audience="icw"><xref href="#settingstips/icw_student" scope="local">Citation Exercises tab (Students)</xref></li>
				<li audience="tax"><xref href="#settingstips/tax" scope="local">Lexis Advance Tax</xref></li>
				<li><xref href="#settingstips/buttons" scope="local">Buttons</xref></li>
			</ul>
		</section>
		
		<properties>
		<prophead>
		<propvaluehd>Settings Feature</propvaluehd>
		<propdeschd>Options Available</propdeschd>
		</prophead>

		<property id="global">
		<propvalue>General tab</propvalue>
		<propdesc>
		<dl>
		<dlentry>
		<dt>Start page:</dt>
		<dd> Specifies which page is used as your start page. If applicable, you can choose between options including:
					<ul>
						<li>Research</li>
						<li>Counsel Benchmarking</li>
						<li><ph keyref="lpsname"/></li>
						<li>MedMal Navigator</li>
						<li><ph keyref="lpanamefirst"/></li>						
						<li>Public Records</li>
						<li><ph keyref="vsaname"/></li>
						<li><ph keyref="taxnamefirst"/></li>
					</ul></dd>
					</dlentry>
					<dlentry>
					<dt>Number of results to display per page</dt>
					<dd>Select how many results you want to view on each page of your results list. You can choose 10, 25, or 50.
					<note type="note">This option does not affect <ph keyref="lpanamefirst"/> results, which always show 50 results per page.</note></dd>
					</dlentry>

					<dlentry>
					<dt>Choose how much detail to include for each result</dt>
					<dd>Select whether you want to include minimal text from each individual result (Title Only <image href="titleview.png" alt="Title Only"/>), or if you want to include several lines of text that help provide context for the result (Full View <image href="fullview.png" alt="Full View"/>). Selecting one of these options will set the default behavior, but you can change your view while viewing your actual results.</dd>
					</dlentry>

						<dlentry>
					<dt>When available, show the Graphical view</dt>
					<dd>Select this option to include a graph that visually indicates where in the document your search terms appear. Optionally, select <uicontrol>Multicolor</uicontrol> to assign different colors to each search term in the graph.</dd>
					</dlentry>

					<dlentry>
					<dt>Font size</dt>
					<dd>Select the font size to be used when your results are displayed. Your options are <uicontrol>Small</uicontrol>, <uicontrol>Medium</uicontrol>, and <uicontrol>Large</uicontrol>.</dd>
					</dlentry>
					
					<dlentry>
					<dt>Sort jurisdiction, location, and court filters</dt>
					<dd>Select whether you want location-related filters to be sorted <uicontrol>By number of results</uicontrol> or <uicontrol>Alphabetically</uicontrol> by default.</dd>					
					</dlentry>

					<dlentry>
					<dt>When displaying jurisdiction and location filters, always list these first</dt>
					<dd>Click the <uicontrol>Add preferred jurisdictions and locations</uicontrol> link to select your three most used jurisdictions and locations. These locations will be listed first in the associated <uicontrol>Narrow By</uicontrol> options in your results list. If you have already selected these locations, you can edit them by clicking the <uicontrol>Edit</uicontrol> link.</dd>
					</dlentry>

					<dlentry>
					<dt>When displaying court filters, always list these first</dt>
					<dd>Click the <uicontrol>Add preferred courts</uicontrol> link to select your three most used courts. These courts will be listed first in the associated <uicontrol>Narrow By</uicontrol> options in your results list. If you have already selected these courts, you can edit them by clicking the <uicontrol>Edit</uicontrol> link.</dd>
					</dlentry>					
			
		<dlentry>
		<dt>Document Display Settings</dt>
		<dd><p><uicontrol>Font type:</uicontrol> Select the font you want document text to be displayed in. Your options include Arial, Courier, Times New Roman, and Verdana.</p>
		<p><uicontrol>Font size:</uicontrol> Select the font size you want document text to be displayed in. Your options include Small, Medium, and Large.</p></dd>
		</dlentry>

		<dlentry>
		<dt>Default 'Sort by' Settings</dt>
		<dd>Use these options to specify the default <uicontrol>Sort By</uicontrol> option you prefer for <uicontrol>Content Types</uicontrol> you frequently view. Click <uicontrol>Add content types</uicontrol> to add types you want to define, or click the <uicontrol>X</uicontrol> next to already-listed content types to remove them.</dd>
		</dlentry>

		<dlentry audience="res;lps;vsa;med">

			<dt>History</dt>
			<dd><uicontrol>Number of days to show in Research Map</uicontrol>: Choose a number of days using the drop-down list:. Your options include 7, 15, or 30.</dd>
			</dlentry>
			<dlentry>
			<dt>Notify Me When:</dt>
			<dd>Select the checkboxes that represent activities for which you'd like to have notifications emailed to you:
			<ul>
				<li><b>An item/folder is shared with me:</b> Select this to be notified when someone shares a folder or other item such as a document or alert with you.</li>
				<li><b>An item/folder is no longer shared with me:</b> Select this to be notified when someone stops sharing an item or folder with you. Once it's unshared, you will no longer have access to it.</li>
				<li><b>Annotations or notes are added, modified, or deleted for a shared item:</b> Select this to be notified when another user adds or changes the annotations or notes for an item that has been shared with you.</li>
				<li><b>The property of the shared item is changed:</b> Select this to be notified if the properties of the item are changed, such as the document name or client ID.</li>
				<li><b>Permissions are changed for a shared item:</b> Select this to be notified if the owner of the shared item changes any permissions associated with it.</li>
				<li><b>A shared document is updated:</b> Select this to be notified if the contents of a shared document is updated.</li>
				<li><b>Another user accepts or rejects a sharing invitation:</b> Select this to be notified if someone you share the item with accepts or rejects the invitation to share the document.</li>
				<li><b>Another user unsubscribes from a shared item:</b> Select this to be notified if someone unsubscribes from an item you have shared with them.</li>
				<li><b>A delivery request that was taking a long time is complete:</b> Select this to be notified when delivery requests which take longer than expected are finished. </li>
				<li><b>A delivery request over the page limit has occurred:</b> Select this to be notified when delivery requests over a page limit are finished.</li>		
				<li><b>A delivery request to Dropbox is unable to be completed:</b> Select this if you want to be notified when your connection to Dropbox fails and a delivery request is unable to be completed. </li>		
				<li audience="icw"><b>A student completes an exercise</b> (Interactive Citation Workstation instructors): Select this to be notified when a student finishes a citation exercise.</li>
				<li audience="icw"><b>A student requests to retake an exercise</b> (Interactive Citation Workstation instructors): Select this option to be notified when a student asks to redo a citation exercise.</li>
				<li audience="icw"><b>My instructor resets an exercise</b> (Interactive Citation Workstation students): Select this to be notified when an instructor resets a citation exercise.</li>
				<li audience="icw"><b>My instructor grades an exercise</b> (Interactive Citation Workstation students): Select this to be notified when an instructor finishes grading a citation exercise.</li>
				</ul>
			<!-- 1/16 - Appears to be removed from Settings. Eventually can delete once it's for sure confirmed. note type="tip">To select all options at once, select the topmost checkbox in the <uicontrol>Email me</uicontrol> column. If you do not want to receive any notifications, make sure all of the checkboxes are cleared.</note--></dd>
			</dlentry>			
			</dl>		
		</propdesc>
		</property>

		<property id="research">
		<propvalue>Lexis Advance Research tab</propvalue>
		<propdesc>
		<dl>

		<dlentry>
		<dt>Display this practice area by default when signing in</dt>
		<dd>Select your preferred practice area from the drop-down list. </dd>
		</dlentry>

		<dlentry>
		<dt>Include legal phrase equivalents with search</dt>
		<dd>Select to include equivalents in your search. For example, if you enter "dog bite", a legal equivalent might be "bitten by a dog".</dd>
		</dlentry>

		<dlentry>
		<dt>Recognize and use legal entities when performing a search</dt>
		<dd>Select to identify and include corporations, attorneys, expert witnesses, and so forth in your search.</dd>
		</dlentry>

		<dlentry>
		<dt>Keep my search filters from one search to the next</dt>
		<dd>Select this to keep the filters you selected until you change them.
		<note type="note">Some users may see the filter options below in addition to the one described above.</note></dd>
		</dlentry>
<dl>
		<dlentry>
		<dt>Apply filters as defaults based on my usage</dt>
		<dd>Select this option if you want the <ph keyref="prodname"/> product to suggest the jurisdiction you use most often as your default for searching. If you accept the default, you can change the jurisdiction at any time while you’re searching, but the default filter will be used for any search you start from your Home page, unless you change it from Settings.</dd>
		</dlentry>

<dlentry>
<dt>Clear my filters for every new search</dt>
<dd>Select this if you want to select new filters each time you search, or you want to search everything.</dd>
</dlentry>
</dl>

		<dlentry>
		<dt>Include search suggestions from the following groups</dt>
		<dd>Select the groups you want search suggestions to appear for in the search word wheel. Your options include <uicontrol>Legal phrases</uicontrol>, <uicontrol>Documents</uicontrol>, <uicontrol>Sources</uicontrol>, and <uicontrol>Suggested questions</uicontrol>.</dd>
		</dlentry>		

		<dlentry>
		<dt>Display search results in this category first</dt>
		<dd>Click this drop-down list to choose the category for which you want to view your initial results. If you want, you can change this on a search-by-search basis at the search form.</dd>
		</dlentry>

		<dlentry>
		<dt>Preferred results set display</dt>
		<dd>Select one of the following:
				<ul>
				<li><uicontrol>Standard</uicontrol> - Only the top results will be listed </li>
				<li><uicontrol>Expanded</uicontrol> - All results will be listed</li>
				</ul>
				<note type="tip">This setting applies to Natural Language searches only.  It also determines the way your results will be displayed by default; however, while you are viewing your results, you can switch between the two types of results by selecting either <uicontrol>Fewer results</uicontrol> or <uicontrol>Expanded results</uicontrol>.</note></dd>
		</dlentry>

		<dlentry>
		<dt>Category Display: Case law</dt>
		<dd>Select one of the following:
		<ul>
		<li><uicontrol>Show Overview</uicontrol> - Shows an editorial summary of the document</li>
		<li><uicontrol>Show Terms</uicontrol> - Shows the overview plus a view of search terms in context</li>
		<li><uicontrol>Show Extract</uicontrol> - Shows the overview plus a view of a section of the document</li>
		</ul>
		</dd>
		</dlentry>

		<dlentry>
		<dt>Category Display: Other categories</dt>
		<dd>Select one of the following:
		<ul>
		<li><uicontrol>Terms:</uicontrol> Select to show your search terms highlighted within the text of each document in your results list.</li>
		<li><uicontrol>Extract:</uicontrol> Select to show the section of the document where the most search terms are located in each document in your results list.</li>		
		</ul>
		</dd>
		</dlentry>

		<dlentry>
		<dt>Narrow Results</dt>
		<dd><uicontrol>Apply filters for subcategories</uicontrol>: Select this option to automatically narrow your results by <xref href="filterbysubcategorytips.xml" scope="peer">specific subcategories</xref>. If you don’t want these categories to be automatically narrowed, clear this checkbox.</dd>
		</dlentry>

		<dlentry>
		<dt>Sort 'Browse Sources' filter</dt>
		<dd>Select whether you want to sort all the filters on the Browse Sources page based on number of results (where sources with the highest number of results will be listed first) or alphabetically.</dd> 
		</dlentry> 

		<dlentry>
		<dt>Show 'recently viewed' document icon (this will not apply to Public Records)</dt>
		<dd>Select if you'd like to see this icon (<image href="vieweddocument.png" alt="Viewed Document"/>) in your results list next to documents you have already viewed.</dd>
		</dlentry>


		</dl>
		</propdesc>
		</property>	

		<property id="lps">
		<propvalue>Lexis Advance Litigation Profile Suite tab</propvalue>
		<propdesc>
		<dl>
		<dlentry>
		<dt>Search Litigation Profile Suite using this default profile type</dt>
		<dd>Select the party type you'd like to use as a default in your searches:
		<ul>
		<li>Expert Witness</li>
		<li>Judge</li>
		<li>Attorney</li>
		</ul></dd></dlentry></dl>		
		</propdesc>
		</property>

		<property id="lpa">
		<propvalue>Practice Advisor tab</propvalue>
		<propdesc>
		<dl>
		<dlentry>
		<dt>Display this practice area by default when signing in</dt>
		<dd>Select the practice area you'd like to see first when you sign in to <ph keyref="lpanamefirst"/>:
		<ul>
		<li>Banking &amp; Finance</li>
    <li>Business &amp; Commercial</li>
    <li>California Business &amp; Commercial</li>
    <li>Corporate Counsel</li>
    <li>Financial Restructuring &amp; Bankruptcy</li>
    <li>Intellectual Property &amp; Technology</li>
    <li>Labor &amp; Employment</li>
    <li>Mergers &amp; Acquisitions</li>
    <li>Real Estate</li>
    <li>Securities &amp; Capital Markets</li>
    <li>California</li></ul>
	</dd>
	</dlentry>
	<dlentry>
	<dt>Search</dt>
	<dd>Select <uicontrol> Retain search filters for future sessions</uicontrol> to keep the filters you selected until you change them.</dd>
	</dlentry>
	<dlentry>
	<dt>Display browse results in this content type first</dt>
	<dd>Select the content type you want to see first when you are browsing content in <ph keyref="lpanamefirst"/>:
	<ul>
	<!--<li>Snapshot</li>-->
    <li>Forms</li>
    <li>Practical Guidance</li>
    <li>Cases</li>
    <li>Legislative</li>
    <li>Secondary</li>
    <li>Emerging Issues</li>
    <li>News</li></ul>
	</dd></dlentry>
	<dlentry>
	<dt>Display search results in this content type first</dt>
	<dd>Select the content type you want to see first when you perform a search in <ph keyref="lpanamefirst"/>:
	<ul>
	<!--<li>Snapshot</li>-->
    <li>Forms</li>
    <li>Practical Guidance</li>
    <li>Cases</li>
    <li>Legislative</li>
    <li>Secondary</li>
    <li>Emerging Issues</li>
    <li>News</li></ul>
	</dd></dlentry>
	</dl>
		</propdesc>
		</property>

		<property id="icw_prof" audience="icw" >
		<propvalue>LexisNexis® Interactive Citation Workstation tab (Instructors)</propvalue>
		<propdesc>
		<dl>
		<dlentry>
		<dt>Select the maximum number of times a student can try to answer a question correctly</dt>
		<dd>Select the number of times students will be able to attempt to answer questions before <ph keyref="icwnamefirst"/> marks the question wrong and moves on. You can choose a number from one to five.</dd>
		</dlentry>
		</dl></propdesc>
		</property>		
		
		
		<property id="icw_student" audience="icw">
		<propvalue>LexisNexis® Interactive Citation Workstation tab (Students)</propvalue>
		<propdesc>
		<dl>
		<dlentry>
		<dt>Add up to two instructors who will receive notifications about your exercises </dt>
		<dd>Begin typing the name of the instructor you want to assign. As you type, <ph keyref="icwnamefirst"/> displays a list of instructors whose name begins with the letters you type. Select the name of the instructor you want to assign, then select the <uicontrol>Add</uicontrol> button.</dd>		
		</dlentry>

		<dlentry>
		<dt>Assigned instructors, teaching assistants, or other assistants</dt>
		<dd>This box displays the names of the instructors currently assigned to your <ph keyref="icwname"/> exercises. Select the X button to remove a instructor. 
		<note type="note">This box can contain a maximum of two names. If it already contains two names, you must remove one before you can assign a new instructor.</note></dd>
		</dlentry>
		</dl>
		</propdesc>
		</property>

		<property id="tax" audience="tax">
		<propvalue><ph keyref="taxnamefirst"/> tab</propvalue>
		<propdesc>
		<dl>
		<dlentry>
		<dt>Display this practice area by default in <ph keyref="taxnamefirst"/></dt>
		<dd>Select the practice area you'd like to use as a default in your tax-related searches:
		<ul>
		<li>Federal</li>
		<li>State &amp; Local</li>
		<li>U.S. International</li>
		</ul></dd></dlentry></dl>		
		</propdesc>
		</property>

		<property id="buttons">
		<propvalue>Buttons</propvalue>
		<propdesc>
		<dl>
		<!--dlentry>
		<dt>Return to Last Saved Settings</dt>
		<dd>Select to change your selections back to the previously saved settings.</dd>
		</dlentry-->
		
		<dlentry>
		<dt>Save Changes to Settings &amp; Close</dt>
		<dd>Select to save your current selections as your new preferences.</dd>
		</dlentry>
		<dlentry>
		<dt>Close Settings Without Saving</dt>
		<dd>Select to leave the Settings page without applying any of your changes.</dd>
		</dlentry></dl>
		</propdesc>
		</property>
		</properties>
		</refbody>
	
</reference>