<?xml version="1.0"?>
<!DOCTYPE reference PUBLIC "-//IBM//DTD DITA Composite//EN" "c:/dtd/ditabase.dtd">
<reference id="shepardsreportips" otherprops="shepardsreportips" audience="res">
	<title>Shepard's® Report Page</title>
	<prolog>
		<author>Robin Stubbart</author>
		<copyright>
			<copyryear year="2010"/>
			<copyrholder>Lexisnexis</copyrholder>
		</copyright>
		<critdates>
			<created date="2010-05-07"/>
		</critdates>
		<metadata>
			<prodinfo>
				<prodname>Lexis Advance</prodname>
				<vrmlist>
					<vrm version="1"/>
				</vrmlist>
			</prodinfo>
		</metadata>
	</prolog>
	<refbody>
		<section>
			<p>Your <ph keyref="shepardsfirst"/> report is displayed in four (4) pages, accessed by clicking these links:</p>
			<ol>
				<li><xref href="#shepardsreportips/appellate">Appellate History</xref></li>
				<li><xref href="#shepardsreportips/citing">Citing Decisions</xref></li>
				<li><xref href="#shepardsreportips/other">Other Citing Sources</xref></li>
				<li><xref href="#shepardsreportips/toa">Table of Authorities</xref></li>
			</ol>
			<p>All of the tabs display the word <ph keyref="shepards"/>, followed by the citation's signal, name, and other information above the tabs. Below the tabs is a statement as to whether or not there is any negative appellate history, as well as buttons to let you choose whether to view your results as a <uicontrol>List</uicontrol> or as a <uicontrol>Map</uicontrol> in Appellate, or as a <uicontrol>Grid</uicontrol> in Citing Decisions. See <xref href="#shepardsreportips/map">Map</xref> or <xref href="#shepardsreportips/grid">Grid</xref> for more information about these options. Clicking the <uicontrol>Show on map</uicontrol> link from the List view focuses the resulting map on that specific item.</p>
			<p>Use the pagination arrows and <uicontrol>Items per page</uicontrol> drop-down list to navigate through the results.</p>
		</section>
		<section id="appellate">
			<title>Appellate History</title>
			<p>This page provides the case's history in as many numeric listings as may be required.</p>
			<p>Appellate History is presented in an "outline" format, where indentations are used to identify the direct relationships between the listed cases.</p>
			<p>The search form is displayed at the top of your results so you can modify the terms, content, or topics you want to search, and run the search again.</p>
		</section>
		<properties>
			<property>
				<propvalue>Appellate History</propvalue>
				<propdesc>Click a linked case name to view that document in a separate tab.</propdesc>
			</property>
			<property>
				<propvalue>Court</propvalue>
				<propdesc>Lists the court associated with each case.</propdesc>
			</property>
			<property>
				<propvalue>Date</propvalue>
				<propdesc>Lists the date for the case.</propdesc>
			</property>
		</properties>
		<section id="citing">
			<title>Citing Decisions</title>
			<p>This page displays all of the citing decisions associated with this report.</p>
		</section>
		<properties>
			<property>
				<propvalue>Narrow By</propvalue>
				<propdesc>
					<p>You can use the <uicontrol>Narrow By</uicontrol> pane to filter your report by a specific heading in the categories displayed. For example, you may wish to view only a specific Analysis (such as Positive) or only documents from a certain court. To select several criteria in a category, select <uicontrol>Select multiple</uicontrol>.</p>
					<p>You can filter your results by several criteria.  For example, you may want to view only Caution Analysis items, within a specific Timeline, related to certain Headnotes.</p>
					<p>To return to a previous results set after narrowing one or more times, select the Remove icon (<image href="Closeremove.png" alt="Close level" placement="inline"/>) next to your selections at the top of the <uicontrol>Narrow By</uicontrol> pane to close that version. When you have closed all the versions, your original results are displayed on the right side of the results view.</p>
					<p>You can also return to your original results by selecting <uicontrol>Clear</uicontrol>.</p>
				</propdesc>
			</property>
			<property>
				<propvalue>Analysis</propvalue>
				<propdesc>Indicates how the document has been discussed. For more information about the Analysis, select the icon or text to display a pop-up window. If you'd like still more detail, select the <uicontrol>All Shepard's editorial phrases</uicontrol> link.</propdesc>
			</property>
			<property>
				<propvalue>Court</propvalue>
				<propdesc>Lists the court that rendered each decision.</propdesc>
			</property>
			<property>
				<propvalue>Citing Decisions</propvalue>
				<propdesc>Lists the decisions, separated by court type (e.g., U.S. Supreme Court, 1st Circuit - Court of Appeals, etc.).</propdesc>
			</property>
			<property>
				<propvalue>Discussion</propvalue>
				<propdesc>Indicates the depth of discussion within a citing reference.</propdesc>
			</property>
			<property>
				<propvalue>Date</propvalue>
				<propdesc>Lists the date associated with each decision.</propdesc>
			</property>
		</properties>
		<section id="other">
			<title>Other Citing Sources</title>
			<p>This page displays all of the types listed in the heading associated with this report.</p>
			<p>Types of information include: Citing Law Reviews, Treatises, Annotated Statutes, Court Documents, Restatements, and other Secondary Sources</p>
		</section>
		<properties>
			<property>
				<propvalue>Narrow By</propvalue>
				<propdesc>
					<p>You can use the <uicontrol>Narrow By</uicontrol> pane to filter your report by a specific heading in the categories displayed. For example, you may wish to view only a specific Analysis (such as Positive), only documents with certain content types, or look for <uicontrol>Terms within results</uicontrol>. To select several criteria in a category, select <uicontrol>Select multiple</uicontrol>.</p>
					<p>To return to a previous results set after narrowing one or more times, select the Remove icon (<image href="Closeremove.png" alt="Close level" placement="inline"/>) next to your selections at the top of the <uicontrol>Narrow By</uicontrol> pane to close that version. When you have closed all the versions, your original results are displayed on the right side of the results view.</p>
					<p>You can also return to your original results by selecting <uicontrol>Clear</uicontrol>.</p>
				</propdesc>
			</property>
			<property>
				<propvalue>Other Citing Sources</propvalue>
				<propdesc>Lists the information, separated by content type (e.g., Annotated Statutes, Law Reviews and Periodicals, etc.).</propdesc>
			</property>
			<property>
				<propvalue>Content</propvalue>
				<propdesc>Lists the content type for each item.</propdesc>
			</property>
			<property>
				<propvalue>Date</propvalue>
				<propdesc>Lists the date associated with each item.</propdesc>
			</property>
			<!--property>
				<propvalue>List</propvalue>
				<propdesc>Click to display the report as a list with fewer details.</propdesc>
			</property>
			<property>
				<propvalue>Details</propvalue>
				<propdesc>Click to display the report with details.</propdesc>
			</property-->
			<property>
				<propvalue>Legend</propvalue>
				<propdesc>Click to see a list of <i>Shepard's</i> Signal&trade; indicator icons and descriptions, Analysis indicators, and Depth of Discussion values.</propdesc>
			</property>
		</properties>
		<section id="toa">
			<title>Table of Authorities</title>
				<p>The <ph keyref="shepards"/> table of authorities provides another tool to help you determine the validity and usefulness of a legal document for your legal research. The <i>Shepard's</i> table of authorities for a case tells you the subsequent treatment of <b>each of the cited references</b> supporting the case.</p>
				<p>Clicking the case name link takes you to the cited case. Clicking the first reference link takes you to where your case first mentioned the cited case.</p>
		</section>
		<properties>
			<property>
				<propvalue>Narrow By</propvalue>
				<propdesc>
					<p>You can use the <uicontrol>Narrow By</uicontrol> pane to filter your report by a specific heading in the categories displayed. For example, you may wish to view only a specific Analysis (such as Positive) or only documents from a certain court. To select several criteria in a category, select <uicontrol>Select multiple</uicontrol>.</p>
					<p>You can filter your results by several criteria.  For example, you may want to view only Caution Analysis items, within a specific Timeline, related to certain Headnotes.</p>
					<p>To return to a previous results set after narrowing one or more times, select the Remove icon (<image href="Closeremove.png" alt="Close level" placement="inline"/>) next to your selections at the top of the <uicontrol>Narrow By</uicontrol> pane to close that version. When you have closed all the versions, your original results are displayed on the right side of the results view.</p>
					<p>You can also return to your original results by selecting <uicontrol>Clear</uicontrol>.</p>
				</propdesc>
			</property>
			<property>
				<propvalue>Analysis</propvalue>
				<propdesc>Indicates how the document has been discussed.</propdesc>
			</property>
			<property>
				<propvalue>Cited Cases</propvalue>
				<propdesc>Lists the decisions, separated by court type (e.g., U.S. Supreme Court, 1st Circuit - Court of Appeals, etc.).</propdesc>
			</property>
			<property>
				<propvalue>Discussion</propvalue>
				<propdesc>Indicates the depth of discussion within a citing reference.</propdesc>
			</property>
			<property>
				<propvalue>Court</propvalue>
				<propdesc>Lists the court that rendered each decision.</propdesc>
			</property>
			<property>
				<propvalue>Date</propvalue>
				<propdesc>Lists the date associated with each decision.</propdesc>
			</property>
		</properties>
		<section id="map">
			<title><ph keyref="shepards"/> Map</title>
			<p>This option lets you view the relationships between the items in the Appellate History.</p>
			<p>The following image provides an example of a <ph keyref="shepards"/> Map.</p>
			<p><image href="shepardsmap.png" alt="Example Map"/></p>
		</section>
		<properties>
			<property>
				<propvalue><image href="Printablepage.png" alt="Print Icon"/></propvalue>
				<propdesc>Click this icon to print the map.</propdesc>
			</property>
			<property>
				<propvalue>Legend</propvalue>
				<propdesc>Click the drop-down list to view the legend for the map.</propdesc>
			</property>
			<property>
				<propvalue>Display Options</propvalue>
				<propdesc>Select which of these items you want to display on your map:
					<ul>
						<li>Labels</li>
						<li>Prior history</li>
						<li>Indirect history</li>
						<li>Document number</li>
					</ul>
				</propdesc>
			</property>
			<property>
				<propvalue><image href="Sheptrailhighlight.png" alt="Reset Highlighting Icon"/></propvalue>
				<propdesc>Once you have selected a node in the map, select this icon to return to the previous view.</propdesc>
			</property>
			<property>
				<propvalue><image href="shepzoom.png" alt="Zoom In Icon"/></propvalue>
				<propdesc>Click this icon to zoom to the citation you <i>Shepardized</i>&#153;.</propdesc>
			</property>
			<property>
				<propvalue><image href="Fullscreen.png" alt="Expand Page Icon"/></propvalue>
				<propdesc>Click this icon to expand the map to your entire page.</propdesc>
			</property>
			<property>
				<propvalue><image href="reducescreen.png" alt="Reduce Page Icon"/></propvalue>
				<propdesc>Click this icon to reduce the map to its original size.</propdesc>
			</property>
			<property>
				<propvalue><image href="IconMapZoom.png" alt="Zoom In or Out Widget"/></propvalue>
				<propdesc>Click the <uicontrol>-</uicontrol> to zoom out, or select the <uicontrol>+</uicontrol> to zoom in. You can also drag the bar.</propdesc>
			</property>
			<!--property>
				<propvalue><image href="IconCreateAlert.png" alt="Create an alert"/></propvalue>
				<propdesc>Click this icon to open the <xref href="alertcreatetips.xml"/>.</propdesc>
			</property-->
			<property>
				<propvalue>Scroll Bars</propvalue>
				<propdesc>Use the vertical or horizontal scroll bars to move the map focus to another location.</propdesc>
			</property>
		</properties>
		<section id="grid">
			<title>Citing Decisions Grid</title>
			<p>The complete set of citing decisions is depicted in the <uicontrol>Citing decisions: Analysis By Court</uicontrol> and <uicontrol>Citing decisions: Analysis By Date</uicontrol> grids. If you select an individual item (a cell, row label, or column label), the grid view will be closed and you will be taken to the <uicontrol>List</uicontrol> view and the Narrow By selections will be replaced with the item you selected.</p>
			<p>The following image provides an example of a Citing Decisions Grid.</p>
			<p><image href="shepardsgrid.png" alt="Example Grid"/></p>
		</section>
		<properties>
			<property>
				<propvalue><image href="Printablepage.png" alt="Print Icon"/></propvalue>
				<propdesc>Click this icon to choose whether you want to:
					<ul>
						<li>Print both Grids</li>
						<li>Print the Citing Decisions: Analysis by Court grid</li>
						<li>Print the Citing Decisions:Analysis by Date grid</li>
					</ul>
				</propdesc>
			</property>
			<!--property>
				<propvalue><image href="IconCreateAlert.png" alt="Create an alert"/></propvalue>
				<propdesc>Click this icon to open the <xref href="alertcreatetips.xml"/>.</propdesc>
			</property-->
			<property>
				<propvalue>Scroll Bars</propvalue>
				<propdesc>Use the horizontal scroll bars to move the grid focus to another location.</propdesc>
			</property>
		</properties>
		<properties>
			<property>
				<propvalue>Legend</propvalue>
				<propdesc>Click to display a legend for the <ph keyref="shepardsfirst"/> report.</propdesc>
			</property>
		</properties>
	</refbody>
</reference>