<?xml version="1.0" encoding="UTF-8"?>
<!DOCTYPE reference PUBLIC "-//IBM//DTD DITA Composite//EN" "c:/dtd/ditabase.dtd">
<reference id="shepardsprintips" otherprops="shepardsprintips" audience="hidden">
	<title>Print Page</title>
	<prolog>
		<author>Robin Stubbart</author>
		<copyright>
			<copyryear year="2007"/>
			<copyrholder>Lexisnexis</copyrholder>
		</copyright>
		<critdates>
			<created date="2006-10-25"/>
		</critdates>
		<metadata>
			<prodinfo>
				<prodname>Lexis Advance</prodname>
				<vrmlist>
					<vrm version="1"/>
				</vrmlist>
			</prodinfo>
		</metadata>
	</prolog>
	<refbody>
		<section>
			<p>You can print your <ph keyref="shepardsfirst"/> reports.</p>
		</section>
		<properties>
			<!--prophead>
				<propvaluehd>Item</propvaluehd>
				<propdeschd>Description</propdeschd>
			</prophead-->
			<property id="title">
				<propvalue>Title</propvalue>
				<propdesc>Displays the report title.</propdesc>
			</property>
			<property>
				<propvalue>Select the categories you'd like to include in your <ph keyref="shepards"/> report</propvalue>
				<propdesc>Select one or more of the items, as desired.</propdesc>
			</property>
			<property id="printer">
				<propvalue>Select Printer</propvalue>
				<propdesc>You can print <ph keyref="shepards"/> report to an attached printer.</propdesc>
			</property>

			<property>
				<propvalue>Display first and last names</propvalue>
				<propdesc>Select this to include both your first name and last name on the cover page and in the footer of your report.</propdesc>
			</property>

			<property id="printoptions">
				<propvalue>Open as PDF</propvalue>
				<propdesc>You can download the reports in .pdf format. Files downloaded in .pdf format can be opened and viewed using the Adobe® Acrobat Reader, an application that may be downloaded free if you do not already have it.</propdesc>
			</property>
		</properties>
	</refbody>
</reference>