<?xml version="1.0" encoding="UTF-8"?>
<!DOCTYPE reference PUBLIC "-//IBM//DTD DITA Composite//EN" "c:/dtd/ditabase.dtd">
<reference id="shepardsblinktips" otherprops="shepardsblinktips" audience="blink">
	<title>Shepard's&#174; BriefLink Form</title>
	<prolog>
		<author>Dea Henrich</author>
		<copyright>
			<copyryear year="2016"/>
			<copyrholder>Lexisnexis</copyrholder>
		</copyright>
		<critdates>
			<created date="2016-01-14"/>
		</critdates>
		<metadata>
			<prodinfo>
				<prodname>Lexis Advance</prodname>
				<vrmlist>
					<vrm version="1"/>
				</vrmlist>
			</prodinfo>
		</metadata>
	</prolog>
	<refbody>
		<section>
			<!--p> </p-->
		</section>
		<properties>
			<!--prophead>
				<propvaluehd>Item</propvaluehd>
				<propdeschd>Description</propdeschd>
			</prophead-->
			<property id="title">
				<propvalue>Browse</propvalue>
				<propdesc>Select the brief you want to upload.</propdesc>
			</property>
			<!--property>
				<propvalue>Select Options</propvalue>
				<propdesc>Select this to upload the brief of your choice.</propdesc>
			</property-->
			<!--property>
				<propvalue>Display first and last names</propvalue>
				<propdesc>Select this to include both your first name and last name on the cover page and in the footer of your report.</propdesc>
			</property-->

			<property id="shepardsinfo">
				<propvalue>Include Shepard's information</propvalue>
				<propdesc>Select how you would like the Shepardize&#174; links to be displayed.
					<dl>
						<dlentry>
							<dt>Insert Shepardize&#174; links</dt>
							<dd>Select this option to create a link that will provide an updated Shepard's report for your citation.</dd>
						</dlentry>
						<dlentry>
							<dt>Insert Shepard's Signal&#153; indicators</dt>
							<dd>Select this option to insert the current Shepard's Signal&#153; indicators after each of your applicable citations. 
							If a Shepard's Signal indicator is not available for your citation, BriefLink will insert a Shepardize link.</dd>
						</dlentry>
					</dl>
				</propdesc>
			</property>
			<property id="existing_links">
				<propvalue>Existing Links</propvalue>
				<propdesc>Select whether or not you want BriefLink to overwrite any existing links in your brief.
					<dl>
						<dlentry>
							<dt>Overwrite existing citation links</dt>
							<dd>BriefLink will overwrite any citation links that are in the document you upload.</dd>
						</dlentry>
						<dlentry>
							<dt>Don't overwrite existing citation links </dt>
							<dd>BriefLink will not overwrite your existing links.</dd>
						</dlentry>
					</dl>
				</propdesc>
			</property>
			<property id="document_type">
				<propvalue>Document type</propvalue>
				<propdesc>Select the file format for the brief you want emailed.
					<dl>
						<dlentry>
							<dt>Word Document (Doc)</dt>
							<dd>Choose this option to send the brief in .doc format. Files in .doc format can be edited.</dd>
						</dlentry>
						<dlentry>
							<dt>Portable Document Format (PDF)</dt>
							<dd>Choose this option to sent the brief in .pdf format. PDF files can be opened and viewed 
							using the Adobe&#174; Acrobat Reader, an application that may be downloaded free if you do not already have it.</dd>
						</dlentry>
					</dl>
				</propdesc>
			</property>
			<property id="zip_files">
				<propvalue>Compress files in .ZIP format</propvalue>
				<propdesc>Select this checkbox if you want to send the files in a compressed (ZIP) file format.
					<ul>
						<li>Some email servers are unable to accept large file sizes. Smaller, compressed files are more likely to be received.</li>
						<li>Compressed files take up less space in the recipient's mailbox.</li>
						<li>When downloading, compressed files take up less space on your computer's local drive.</li>
					</ul>
					<note type="note">Files send in ZIP format can be opened and viewed using WinZip&#174;, an application that may be purchased from this location: http://www.winzip.com/downwz.htm if the recipient does not already have it.</note>
				</propdesc>
			</property>
			<property id="doc_name">
				<propvalue>Document name</propvalue>
				<propdesc>Enter up to 100 characters.</propdesc>
			</property>
			<property id="to">
				<propvalue>To</propvalue>
				<propdesc>If you enter more than one email address, separate them with a semicolon. The default value is the email address associated with your Lexis Advance&#174; account.</propdesc>
			</property>
			<property id="subject">
				<propvalue>Subject</propvalue>
				<propdesc>The default value for the subject line is "Email: <i>Report Name</i>. You can, however, choose your own subject line value of up to 80 characters. There is also an optional box for entering text for the body of the email.</propdesc>
			</property>
		</properties>
	</refbody>
</reference>