<?xml version="1.0" encoding="UTF-8"?>
<!DOCTYPE reference PUBLIC "-//IBM//DTD DITA Composite//EN" "c:/dtd/ditabase.dtd">
<reference id="shepardsavetofoldertips" otherprops="shepardsavetofoldertips" audience="hidden">
	<title>Download Page</title>
	<prolog>
		<author>Robin Stubbart</author>
		<copyright>
			<copyryear year="2007"/>
			<copyrholder>Lexisnexis</copyrholder>
		</copyright>
		<critdates>
			<created date="2006-10-25"/>
		</critdates>
		<metadata>
			<prodinfo>
				<prodname>Lexis Advance</prodname>
				<vrmlist>
					<vrm version="1"/>
				</vrmlist>
			</prodinfo>
		</metadata>
	</prolog>
	<refbody>
		<section>
			<p>You can download your <ph keyref="shepardsfirst"/> reports.</p>
		</section>
		<properties>
			<!--prophead>
				<propvaluehd>Item</propvaluehd>
				<propdeschd>Description</propdeschd>
			</prophead-->
			<property id="title">
				<propvalue>Title</propvalue>
				<propdesc>Displays the report title.</propdesc>
			</property>
			<property>
				<propvalue>Select the categories you'd like to include in your <ph keyref="shepards"/> report</propvalue>
				<propdesc>Select one or more of the items, as desired.</propdesc>
			</property>
			<property>
				<propvalue>Display first and last names</propvalue>
				<propdesc>Select this to include both your first name and last name on the cover page and in the footer of your report.</propdesc>
			</property>

			<property id="format">
				<propvalue>Format</propvalue>
				<propdesc>Select the format in which you would like the documents to be downloaded.
					<dl>
						<dlentry>
							<dt>PDF</dt>
							<dd>Choose this option to download the reports in .pdf format. Files downloaded in .pdf format can be opened and viewed using the Adobe® Acrobat Reader, an application that may be downloaded free if you do not already have it.</dd>
						</dlentry>
						<dlentry>
							<dt>RTF</dt>
							<dd>Choose this option to email the documents in Rich Text Format. RTF files can be opened with most word processing applications.</dd>
						</dlentry>
					</dl>
				</propdesc>
			</property>
			<property id="send_as">
				<propvalue>Send as</propvalue>
				<propdesc>Select an option from the drop-down list:
					<dl>
						<dlentry>
							<dt>One File</dt>
							<dd>Select this to send all the documents you selected in one file.</dd>
						</dlentry>
						<dlentry>
							<dt>Separate Files</dt>
							<dd>Select this to send each document you selected in a separate file.</dd>
						</dlentry>
					</dl>
				</propdesc>
			</property>
			<property id="zip_files">
				<propvalue>Zip files</propvalue>
				<propdesc>Select this checkbox if you want to send the files in a compressed (ZIP) file format.
					<ul>
						<li>Some email servers are unable to accept large file sizes. Smaller, compressed files are more likely to be received.</li>
						<li>Compressed files take up less space in the recipient's mailbox.</li>
						<li>When downloading, compressed files take up less space on your computer's local drive.</li>
					</ul>
					<note type="note">Files sent in ZIP format can be opened and viewed using WinZip®, an application that may be purchased from this location: http://www.winzip.com/downwz.htm if the recipient does not already have it.</note>
				</propdesc>
			</property>
		</properties>
	</refbody>
</reference>