<?xml version="1.0" encoding="UTF-8"?>
<!DOCTYPE reference PUBLIC "-//IBM//DTD DITA Composite//EN" "c:/dtd/ditabase.dtd">
<reference id="shepardsheadnotestips" otherprops="shepardsheadnotestips" audience="res7.6hidden">
	<title>About Headnotes with Shepard's Signal Indicators</title>
	<prolog>
		<author>Christina Stommel</author>
		<copyright>
			<copyryear year="2017"/>
			<copyrholder>Lexisnexis</copyrholder>
		</copyright>
		<critdates>
			<created date="2017-07-1"/>
		</critdates>
		<metadata>
			<prodinfo>
				<prodname>Lexis Advance</prodname>
				<vrmlist>
					<vrm version="1"/>
				</vrmlist>
			</prodinfo>
		</metadata>
	</prolog>
	<refbody>
		<section>
			<p>You can use the Shepard's Signal indicators located at the top of each headnote to view how a specific headnote has been treated.</p>
			<p>While viewing a headnote, you can then click the signal to view the Shepard's report. You can also click <uicontrol>Shepardize - Narrow by this Headnote</uicontrol> to narrow your view to show only those treatments associated with that headnote.</p>
			<p>The following indicators may be used with headnotes:</p>
			<simpletable>
				<sthead>
					<stentry>Indicator</stentry>
					<stentry>Description</stentry>
				</sthead>
				<strow>
					<stentry><image href="Iconsignalnegative.png" alt="Red Stop Sign signal" placement="inline"/></stentry>
					<stentry><b>Warning: Negative treatment is indicated</b>
					<p>The red <ph keyref="shepsignalsingular"/> indicates that citing references in the <ph keyref="shepardsfirst"/> Citations Service contain strong negative history or treatment of your case (for example, overruled by or reversed).</p>
					</stentry></strow>
				<strow>
					<stentry><image href="iconsignalalert.png" alt="red exclamation point icon" placement="inline"/></stentry>
					<stentry><b>Warning: Negative treatment is indicated for statute</b>
					<p>The red exclamation point <ph keyref="shepsignalsingular"/> indicates that citing references in the <ph keyref="shepards"/> Citations Service contain <i>strong negative  treatment of the <i>Shepardized</i>&#153; section</i> (for example, the section may have been found to be unconstitutional or void).</p></stentry>
				</strow>
				<strow>
					<stentry><image href="IconSignalQuestionedAnalysis.png" alt="Orange Q signal" placement="inline"/></stentry>
					<stentry><b>Questioned: Validity questioned by citing references</b>
					<p>The orange <ph keyref="shepsignalsingular"/> indicates that the citing references in the <ph keyref="shepards"/> Citations Service contain treatment that questions the continuing validity or precedential value of your case because of intervening circumstances, including judicial or legislative overruling.</p></stentry>
				</strow>
				<strow>
					<stentry><image href="IconSignalPossibleNegative.png" alt="Yellow Triangle signal" placement="inline"/></stentry>
					<stentry><b>Caution: Possible negative treatment indicated</b>
						<p>The yellow <ph keyref="shepsignalsingular"/> indicates that citing references in the <ph keyref="shepards"/> Citations Service contain history or treatment that may have a significant negative impact on your case (for example, limited or criticized by).</p>
					</stentry></strow>
				<strow>
					<stentry><image href="IconSignalPositive.png" alt="Positive Treatment (green diamond) signal" placement="inline"/></stentry>
					<stentry><b>Positive treatment indicated</b>
					<p>The green <ph keyref="shepsignalsingular"/> indicates that citing references in the <ph keyref="shepards"/> Citations Service contain history or treatment that has a positive impact on your case (for example, affirmed or followed by).</p>
					</stentry>
				</strow>				
					</simpletable>
					
					</section>
			
	</refbody>
</reference>