<?xml version="1.0" encoding="UTF-8"?>
<!DOCTYPE reference PUBLIC "-//IBM//DTD DITA Composite//EN" "c:/dtd/ditabase.dtd">
<reference id="shepardsemailtips" otherprops="shepardsemailtips" audience="hidden">
	<title>Email Shepard's® Report Page</title>
	<prolog>
		<author>Barb Bruns</author>
		<author>Robin Stubbart</author>
		<copyright>
			<copyryear year="2007"/>
			<copyrholder>Lexisnexis</copyrholder>
		</copyright>
		<critdates>
			<created date="2006-10-25"/>
		</critdates>
		<metadata>
			<prodinfo>
				<prodname>Lexis Advance</prodname>
				<vrmlist>
					<vrm version="1"/>
				</vrmlist>
			</prodinfo>
		</metadata>
	</prolog>
	<refbody>
		<section>
			<p>When you view a document from your results, or select one or more using the checkboxes, then select the <image href="deliverysettings.png" alt="Delivery Settings"/> icon, next to the <uicontrol>Email</uicontrol> icon (<image href="Email.png" alt="Email" placement="inline"/>), the Email page appears.  To email your documents, complete the page and select <uicontrol>OK</uicontrol>.  Details about each item on the page are provided below.</p>		
		</section>
		<properties>
			<property id="title">
				<propvalue>Title</propvalue>
				<propdesc>(Available only when you have selected a single document to email.) Enter a title for the email.</propdesc>
			</property>
			<property>
				<propvalue>Select the categories you'd like to include in your <ph keyref="shepardsfirst"/> report</propvalue>
				<propdesc>Select one or more of the items, as desired.</propdesc>
			</property>
			<property id="to">
				<propvalue>To</propvalue>
				<propdesc>Enter up to 5 recipients' email addresses, separated by a semicolon (;).</propdesc>
			</property>
			<property id="subject">
				<propvalue>Subject</propvalue>
				<propdesc>Enter the text you want to appear on the subject line of the email.</propdesc>
			</property>
			<property id="notes">
				<propvalue>Notes</propvalue>
				<propdesc>Enter any notes you want to appear in the body of the email, above the document text.</propdesc>
			</property>
			<property>
				<propvalue>Display first and last names</propvalue>
				<propdesc>Select this to include both your first name and last name on the cover page and in the footer of your report.</propdesc>
			</property>
			<property id="format">
				<propvalue>Format</propvalue>
				<propdesc>Select the format in which you would like the documents to be emailed.
					<dl>

						<dlentry>
							<dt>PDF</dt>
							<dd>Choose this option to email the documents in .pdf document. Files emailed in .pdf format can be opened and viewed using the Adobe® Acrobat Reader, an application that may be downloaded free you do not already have it.</dd>
						</dlentry>
						<dlentry>
							<dt>Docx</dt>
							<dd>Choose this option to email the documents in Microsoft Word 2007 format.</dd>
						</dlentry>
					</dl>
				</propdesc>
			</property>
			<property id="send_as">
				<propvalue>Send as</propvalue>
				<propdesc>Select an option from the drop-down list:
					<dl>
						<dlentry>
							<dt>One File</dt>
							<dd>Select this to send all the documents you selected in one file.</dd>
						</dlentry>
						<dlentry>
							<dt>Separate Files</dt>
							<dd>Select this to send each document you selected in a separate file.</dd>
						</dlentry>
					</dl>
				</propdesc>
			</property>
			<property id="zip_files">
				<propvalue>Zip files</propvalue>
				<propdesc>Select this checkbox if you want to send the files in a compressed (ZIP) file format.
					<ul>
						<li>Some email servers are unable to accept large file sizes. Smaller, compressed files are more likely to be received.</li>
						<li>Compressed files take up less space in the recipient's mailbox.</li>
						<li>When downloading, compressed files take up less space on your computer's local drive.</li>
					</ul>
					<note type="note">Files sent in ZIP format can be opened and viewed using WinZip®, an application that may be purchased from this location: http://www.winzip.com/downwz.htm if the recipient does not already have it.</note>
				</propdesc>
			</property>
			<property id="OK">
				<propvalue>OK</propvalue>
				<propdesc>Click this to email your reports.</propdesc>
			</property>
			<property id="cancel">
				<propvalue>Cancel</propvalue>
				<propdesc>Click this to return to your search results without emailing your reports.</propdesc>
			</property>
		</properties>
	</refbody>
</reference>