<?xml version="1.0"?>
<!DOCTYPE reference PUBLIC "-//IBM//DTD DITA Composite//EN" "c:/dtd/ditabase.dtd">
<reference id="sourcetips" otherprops="sourcetips" audience="res;urlapi">
	<title>Search In a Specific Source</title>
	<prolog>
		<author>Barb Bruns</author>
		<copyright>
			<copyryear year="2009"/>
			<copyrholder>LexisNexis</copyrholder>
		</copyright>
		<critdates>
			<created date="2012-10-18"/>
		</critdates>
		<metadata>
			<prodinfo>
				<prodname>Lexis Advance™ URL API</prodname>
				<vrmlist>
					<vrm version="1"/>
				</vrmlist>
			</prodinfo>
		</metadata>
	</prolog>
	<refbody>
		<section>
		<note conref="urlapi_group_ref.xml#urlapi_group_ref/urlapinote"/>

		<p>Use the <uicontrol>source</uicontrol> parameter to search in a specific source.  You can use multiple sources, separated by a period. If you don't specify a source, all sources are searched.</p>
		<p>Contact your <ph keyref="companyfirst"/> account representative to find out the value for the sources you want to search.</p>
		
<p>The source parameter is optional. It is shown below in a URL using search terms.</p>

<p><b>URL Template</b></p>
<p>http://advance.lexis.com/api/search?{search-terms}&amp;<b>{source-id}</b></p>
<example>http://advance.lexis.com/api/search?q=burden%20of%20proof&amp;<b>source-id&#42;</b></example>
<p><b>&#42;</b> Please contact your account representative for a valid source value.</p>
<p></p>
</section>


		<properties>
			
			<prophead>
				<propvaluehd>Value</propvaluehd>
				<propdeschd>Description</propdeschd>
			</prophead>
			<property>
				<propvalue>search</propvalue>
				<propdesc>Indicates the user wants to run a search and view the results.</propdesc>
			</property>
			<property>
				<propvalue>{search-terms}</propvalue>
				<propdesc><p>Query parameter that contains the search syntax. Use <userinput>%20</userinput> in the URL to replace spaces between words in the search string. </p>
				<example><b>q</b>=breach%20of%20contract</example>
				</propdesc>
			</property>
			
			<property>
				<propvalue>{source-id}</propvalue>
				<propdesc><p>Query parameter that specifies the source. Contact your your <ph keyref="company"/> account representative to find out the value for the source you want to search.</p>
				<example><b>source</b>=source-id</example>
				</propdesc>
			</property>
		</properties>
	</refbody>
</reference>