<?xml version="1.0" encoding="UTF-8"?>
<!DOCTYPE reference PUBLIC "-//IBM//DTD DITA Composite//EN" "c:/dtd/ditabase.dtd">
<reference id="taxsourceselectiontips" otherprops="taxsourceselectiontips" audience="tax">
	<title>Tips on Searching Lexis Advance&#xAE; Tax Sources</title>
	<prolog>	
		<author>Christina Stommel</author>
		<copyright>
			<copyryear year="2014"/>
			<copyrholder>Lexisnexis</copyrholder>
		</copyright>
		<critdates>
			<created date="2014-12-29"/>
		</critdates>
		<metadata>
			<prodinfo>
				<prodname>Lexis Advance</prodname>
				<vrmlist>
					<vrm version="1"/>
				</vrmlist>
			</prodinfo>
		</metadata>
	</prolog>
	<refbody>
		<section>		
		<p>This page contains all tax sources, including federal, state &amp; local, and international tax sources. To find a specific source, click the letter that corresponds with its title in the list above the sources. To narrow the list of sources, use options in the <uicontrol>Narrow By</uicontrol> pane.</p>
		<p>Please keep the following in mind when viewing this page:</p>
		<ul>
		<li>If you select a source to add it to your search while viewing this page, this selection will be remembered (and applied) if you change tabs and view the <uicontrol>Search</uicontrol> tab.</li>
		<li>If you mark a source on this page as a favorite, it will appear in the <uicontrol>Recent &amp; Favorite Sources</uicontrol> pod on the <ph keyref="taxnamefirst"/> Home page.</li>		
		</ul>



		</section>		
	</refbody>
</reference>