<?xml version="1.0" encoding="UTF-8"?>
<!DOCTYPE reference PUBLIC "-//IBM//DTD DITA Composite//EN" "c:/dtd/ditabase.dtd">
<reference id="taxsearchtips" otherprops="taxsearchtips" audience="tax">
	<title>Tips on Searching <ph keyref="taxnamefirst"/> </title>
	<prolog>		
		<author>Christina Stommel</author>
		<copyright>
			<copyryear year="2014"/>
			<copyrholder>Lexisnexis</copyrholder>
		</copyright>
		<critdates>
			<created date="2014-12-29"/>
		</critdates>
		<metadata>
			<prodinfo>
				<prodname>Lexis Advance</prodname>
				<vrmlist>
					<vrm version="1"/>
				</vrmlist>
			</prodinfo>
		</metadata>
	</prolog>
	<refbody>
		<section>		
		<p>From the Search tab of the <ph keyref="taxnamefirst"/> product, you can search cases, regulations, statutes, legislative analysis, and primary sources (including the Internal Revenue Code Title 26) - just to name a few. When you perform a search, you can search all sources (by default), or you can limit your search to specific sources, which are available from the different pods on this page. </p>
		<p>Please keep the following in mind when searching on this page:</p>
		<ul>
		<li>The pods on this page list all of the different sources available for the specific practice area you are viewing (federal, state, or international). The complete list of sources is listed for all practice areas at the Sources tab. Selections you make here also affect selections on that tab (and vice versa).</li>		
		<li>When selecting from a group of related sources (e.g., all sources listed under Accounting: GAAP &amp; GAAS), you may choose only one of the sources to use as a filter. In other words, if you choose the "parent" source and then try to select a "child" source, the "parent" source will be replaced with the "child".  Additionally, if you are applying filters from your list of Favorites, you may select only one favorite.</li>				
		<li>If you are viewing a specific practice area (such as Federal) when you perform your search, only the sources available on the Federal Home page will be searched. For example, if you are viewing the Federal home page and you search on "municipal tax", your results will not include the "Municipal Code" source, which only exists in the State &amp; Local  practice area. To search all sources, regardless of which practice area you are in, perform your search at the Sources tab. </li>
		</ul>
		</section>		
	
		<section>
		<title>Additional Information on Searching <ph keyref="taxname"/></title>
		<p>This page provides a quick reference for using several key <ph keyref="prodnamefirst"/> features, plus a list of frequently-asked questions about using them and many more.  Select one of the questions to see a detailed answer, plus help for related topics.</p>
		</section>
		<section id="getorshep">
		<title>Get or <ph keyref="shepardizefirst"/> One or More Documents</title>
		
		<table outputclass="tablenoborder">
		<tgroup cols="2">
		<colspec colname="COLSPEC0" colwidth="50*"/>
		<colspec colname="COLSPEC1" colwidth="50*"/>
		<tbody>
		<row>
		<entry><b>Get a Document</b></entry>
		<entry><b>Shepardize a Citation</b></entry>
		</row>
		<row>
		<entry>Enter the citation in the search box.
		<p>Example:  <userinput>IRC Sec. 112</userinput></p></entry>
		<entry>Type <userinput>shep:</userinput> in the search box, followed by the citation number. 								
		<p>Example:  <userinput>shep: 26 USC sec 115</userinput></p></entry>	
		</row>
		
		</tbody>
		</tgroup>						
		</table>
		
		<p>&nbsp;</p>
		</section>
						
		<section id="narrowsearch">
		<title>Pre-Filter Your Search Based on Date</title>		
		<table outputclass="tablenoborder">
		<tgroup cols="2">
		<colspec colname="COLSPEC0" colwidth="50*"/>
		<colspec colname="COLSPEC1" colwidth="50*"/>
		<tbody>
		<row>
		<entry><b>Search By Date</b></entry>		
		</row>
		<row>
		<entry>Use the <uicontrol>date</uicontrol> restriction.
		<p>Example: <userinput>municipal and bonds = 2002</userinput></p> 
		<p>Example: <userinput>real property w/3 secured and &gt; 01/01/1995 and &lt; 01/01/2015</userinput></p>
		<note>Including the word <userinput>date</userinput> as part of the date restriction is unnecessary and may produce unexpected results. </note>
		</entry>
		</row>
		</tbody>
		</tgroup>						
		</table>
		<p>&nbsp;</p>
		</section>

			
		<section id="segmentsandconnectors">
		<title>Search Using Segments and Terms &amp; Connectors</title>
		<p>Use <ph keyref="prodname"/> to search using segments and search commands. </p>
		<p>&nbsp;</p>
		
		<table outputclass="tablenoborder">
		<tgroup cols="2">
		<colspec colname="COLSPEC0" colwidth="50*"/>
		<colspec colname="COLSPEC1" colwidth="50*"/>
		<tbody>
		<row>
		<entry><b>Common Segments</b></entry>
		<entry><b>Common Connectors</b></entry>
		</row>
		
		<row>
		<entry><uicontrol>Summary ( )</uicontrol>
		<p>Example: <userinput>summary (inheritance and tax)</userinput></p></entry>
		<entry><uicontrol>and</uicontrol>
		<p>Example: <userinput>remuneration and cash</userinput></p></entry>
		</row>
		
		<row>
		<entry><uicontrol>Hlead ( )</uicontrol>
		<p>Example: <userinput>hlead (george /2 soros)</userinput></p></entry>
		<entry><uicontrol>"&nbsp;"</uicontrol>
		<p>Example: <userinput>"minimum wage laws"</userinput></p></entry>
		</row>
		
		<row>
		<entry><uicontrol>Judges ( )</uicontrol>
		<p>Example: <userinput>judges (melinda /2 harmon)</userinput></p></entry>
		<entry><uicontrol>or</uicontrol>
		<p>Example: <userinput>ship or vessel or boat</userinput></p></entry>
		</row>
		
		<row>
		<entry><uicontrol>Attorney ( )</uicontrol>
		<p>Example: <userinput>attorney (craig /2 daniels)</userinput></p></entry>
		<entry> <uicontrol>/n</uicontrol>
		<p>Example: <userinput>duty /10 breach</userinput></p></entry>
		</row>
		
		<row>
		<entry><uicontrol>Publication ( )</uicontrol>
		<p>Example: <userinput>publication (cch federal tax day)</userinput></p></entry>
		<entry><uicontrol>and not</uicontrol>
		<p>Example: <userinput>rico and not puerto</userinput></p></entry>
		</row>
		
		<row>
		<entry><xref href="searchsegment_hdi.xml" scope="peer">View a full list of segments</xref></entry>
		<entry><xref href="connectors_group_ref.xml" scope="peer">View a full list of connectors</xref></entry>
		</row>
		
		</tbody>
		</tgroup>
		</table>

		<p>&nbsp;</p>
		</section>

		<section>
		<title>Quick Links About Searching</title>
		<table outputclass="tablenoborder">
		<tgroup cols="2">
		<colspec colname="COLSPEC0" colwidth="50*"/>
		<colspec colname="COLSPEC1" colwidth="50*"/>
		
		<tbody>
		
		<row>
		<entry><b>General Searching</b></entry>
		<entry>&nbsp;</entry>		
		</row>
		
		<row>
		<entry><xref href="developnaturalsearch_ref.xml" scope="peer">Search with natural language</xref></entry>
		<entry><xref href="retrievebycitation_hdi.xml" scope="peer">Get a document</xref></entry>		
		</row>
		
		<row>
		<entry><xref href="shepardizebycitation_hdi.xml" scope="peer">Request a Shepard's&#174; report</xref></entry>
		<entry><xref href="searchsegment_hdi.xml" scope="peer">Search in a specific segment</xref></entry>
		</row>

		<row>
		<entry><xref href="restrictsearchtodate_hdi.xml" scope="peer">Restrict my search to a specific date or date range</xref></entry>
		<entry><xref href="connectors_group_ref.xml" scope="peer">Search with terms and connectors</xref></entry>
		</row>		

		<row>
		<entry>&nbsp;</entry>
		<entry>&nbsp;</entry>		
		</row>

		<row>
		<entry><b>Searching <ph keyref="taxnamefirst"/> Specifically</b></entry>
		<entry>&nbsp;</entry>		
		</row>

		<row>
		<entry><xref href="taxperformsearch_hdi.xml" scope="peer">Perform a tax search</xref></entry>
		<entry><xref href="taxfindocument_hdi.xml" scope="peer">Find a specific tax document</xref></entry>		
		</row>

		<row>
		<entry><xref href="taxrestrictsearchtosources_hdi.xml" scope="peer">Restrict a tax search to a specific source</xref></entry>
		<entry><xref href="taxsearchccharchive_hdi.xml" scope="peer">Search the CCH tax archive</xref></entry>
		</row>

		<row>
		<entry>	<xref href="taxsearchnews_hdi.xml" scope="peer">View tax news</xref></entry>
		<entry>	<xref href="taxsavefavorites_hdi.xml" scope="peer">Save a tax source as a favorite</xref></entry>
		</row>		
	
		</tbody>
		</tgroup>
		</table>
		
		</section>
		</refbody>
		</reference>