<?xml version="1.0"?>
<!DOCTYPE reference PUBLIC "-//IBM//DTD DITA Composite//EN" "c:/dtd/ditabase.dtd">
<reference id="viewsettingstips" otherprops="viewsettingstips" audience="res;urlapi">
	<title>Open the Settings Page</title>
	<prolog>
		<author>Barb Bruns</author>
		<copyright>
			<copyryear year="2009"/>
			<copyrholder>LexisNexis</copyrholder>
		</copyright>
		<critdates>
			<created date="2012-10-18"/>
		</critdates>
		<metadata>
			<prodinfo>
				<prodname>Lexis Advance™ URL API</prodname>
				<vrmlist>
					<vrm version="1"/>
				</vrmlist>
			</prodinfo>
		</metadata>
	</prolog>
	<refbody>
		<section>
			<note conref="urlapi_group_ref.xml#urlapi_group_ref/urlapinote"/>
			<p>Use this URL to open the settings page to view or change your settings.</p>

<p><b>URL Template</b></p>
<p>http://advance.lexis.com/api/<b>settings</b>?{context}</p>

			<example>http://advance.lexis.com/api/<b>settings</b>?context=1000516</example>
		</section>
		<properties>
			<prophead>
				<propvaluehd>Value</propvaluehd>
				<propdeschd>Description</propdeschd>
			</prophead>

			<property>
				<propvalue>settings</propvalue>
				<propdesc>Directs to the global settings page.</propdesc>
			</property>
<property>
				<propvalue>{context}</propvalue>
				<propdesc><p>Query parameter that indicates that the user wants to view the settings page in a specific context (Optional).</p>
				  <example><b>context</b>=1000516</example>
				  <p>For a list of values that can be used with the context parameter, see <xref href="contextips.xml" scope="peer"/></p></propdesc>
			</property>
		</properties>
	</refbody>
</reference>