<?xml version="1.0" encoding="UTF-8"?>
<!DOCTYPE reference PUBLIC "-//IBM//DTD DITA Composite//EN" "c:/dtd/ditabase.dtd">
<reference id="VSAsourcelistips" otherprops="VSAsourcelistips" audience="vsa">
	<title>Sources Available to <ph keyref="vsanamefirst"/></title>
	<prolog>
		<author>Christina Stommel</author>
		<copyright>
			<copyryear year="2010"/>
			<copyrholder>Lexisnexis</copyrholder>
		</copyright>
		<critdates>
			<created date="2010-05-03"/>
		</critdates>
		<metadata>
			<prodinfo>
				<prodname>Lexis Advance</prodname>
				<vrmlist>
					<vrm version="1"/>
				</vrmlist>
			</prodinfo>
		</metadata>
	</prolog>
	<refbody>
		<section>
			<p>
				<ph keyref="prodnamefirst"/> uses the following sources for showing verdicts and settlements:</p>
			<ul>
					<li>Alaska Verdicts &amp; Settlements</li>
					<li>Alabama Verdicts &amp; Settlements</li>
					<li>Arizona Verdicts &amp; Settlements</li>
					<li>Arkansas Verdicts &amp; Settlements</li>
					<li>California Verdicts &amp; Settlements</li>
					<li>Colorado Verdicts &amp; Settlements</li>
					<li>Connecticut Verdicts &amp; Settlements</li>
					<li>District of Columbia Verdicts &amp; Settlements</li>
					<li>Delaware Verdicts &amp; Settlements</li>
					<li>District of Columbia Verdicts &amp; Settlements</li>
					<li>Delaware Verdicts &amp; Settlements</li>
					<li>Florida Verdicts &amp; Settlements</li>
					<li>Georgia Verdicts &amp; Settlements</li>
					<li>Guam Verdicts &amp; Settlements</li>
					<li>Hawaii Verdicts &amp; Settlements</li>
					<li>Idaho Verdicts &amp; Settlements</li>
					<li>Illinois Verdicts &amp; Settlements</li>
					<li>Indiana Verdicts &amp; Settlements</li>
					<li>Iowa Verdicts &amp; Settlements</li>
					<li>Kansas Verdicts &amp; Settlements</li>
					<li>Kentucky Verdicts &amp; Settlements</li>
					<li>Louisiana Verdicts &amp; Settlements</li>
					<li>Maine Verdicts &amp; Settlements</li>
					<li>Maryland Verdicts &amp; Settlements</li>
					<li>Massachusetts Verdicts &amp; Settlements</li>
					<li>Michigan Verdicts &amp; Settlements</li>
					<li>Minnesota Verdicts &amp; Settlements</li>
					<li>Mississippi Verdicts &amp; Settlements</li>
					<li>Missouri Verdicts &amp; Settlements</li>
					<li>Montana Verdicts &amp; Settlements</li>
					<li>National Verdicts and Settlements on Lexis Advance</li>
					<li>Nebraska Verdicts &amp; Settlements</li>
					<li>Nevada Verdicts &amp; Settlements</li>
					<li>New Hampshire Verdicts &amp; Settlements</li>
					<li>New Jersey Verdicts &amp; Settlements</li>
					<li>New Mexico Verdicts &amp; Settlements</li>
					<li>New York Verdicts &amp; Settlements</li>
					<li>North Carolina Verdicts &amp; Settlements</li>
					<li>North Dakota Verdicts &amp; Settlements</li>
					<li>Ohio Verdicts &amp; Settlements</li>
					<li>Oklahoma Verdicts &amp; Settlements</li>
					<li>Oregon Verdicts &amp; Settlements</li>
					<li>Pennsylvania Verdicts &amp; Settlements</li>
					<li>Puerto Rico Verdicts &amp; Settlements</li>
					<li>Rhode Island Verdicts &amp; Settlements</li>
					<li>South Carolina Verdicts &amp; Settlements</li>
					<li>South Dakota Verdicts &amp; Settlements</li>
					<li>Tennessee Verdicts &amp; Settlements</li>
					<li>Texas Verdicts &amp; Settlements</li>
					<li>Utah Verdicts &amp; Settlements</li>
					<li>Vermont Verdicts &amp; Settlements</li>
					<li>Virginia Verdicts &amp; Settlements</li>
					<li>Washington Verdicts &amp; Settlements</li>
					<li>West Virginia Verdicts &amp; Settlements</li>
					<li>Wisconsin Verdicts &amp; Settlements</li>
					<li>Wyoming Verdicts &amp; Settlement</li>
				</ul>
				<p>Notable Jury Verdict &amp; Settlement Sources include:</p>
				<ul>
					<li>American Association of Justice</li>
					<li>American Lawyer Media (ALM) VerdictSearch</li>
					<li>Dolan Media Verdicts and Settlements</li>
					<li>Expert Witness Verdicts and Settlements (IDEX&#174;)</li>
					<li>Jury Verdict Publications</li>
					<li>Jury Verdict Review &amp; Analysis</li>
					<li>Jury Verdicts Northwest</li>
					<li>LexisNexis Jury Verdicts and Settlements</li>
					<li>LexisNexis Jury Verdicts and Settlements – Mealey’s&#153;</li>
					<li>Litigation Reports Publishing (LRP)</li>
					<li>Louisiana Trial Verdicts</li>
					<li>Matthew Bender’s What's It Worth? A Guide to Personal Injury Awards and Settlements</li>
					<li>Trial Report Service</li>
					<li>TrialVerdicts.com</li>
					<li>Twin City Jury Verdicts Reporter</li>
					<li>Verdict Reporter</li>

				<!--Original List
				<li>AK Jury Verdicts &amp; Settlements</li>
				<li>AL Civil Trial Reporter</li>
				<li>AL Jury Verdict Reporter</li>
				<li>AL Jury Verdicts</li>
				<li>AR Jury Verdicts and Settlements</li>
				<li>AZ Litigation Reports</li>
				<li>CA Jury Verdicts and Settlements</li>
				<li>CT JAS Publication (The MA, CT and RI Verdict Reporter)</li>
				<li>CT Jury Verdict Review &amp; Analysis</li>
				<li>DC Metro Verdicts Monthly - DC, VA and MD</li>
				<li>Dolan Media Verdicts and Settlements (DOLVER)</li>
				<li>Federal Jury Verdict Reporter</li>
				<li>FL Jury Verdict Reporter</li>
				<li>FL Jury Verdict Review &amp; Analysis</li>
				<li>GA Trial Reporter</li>
				<li>ID Jury Verdicts and Settlements</li>
				<li>IDEX Jury Verdicts</li>
				<li>IN Jury Verdict Reporter</li>
				<li>KY Trial Court Review</li>
				<li>LA Jury Verdicts and Settlements</li>
				<li><ph keyref="company"/> Jury Verdicts and Settlements</li>
				<li>Maryland Metro Verdicts Monthly (MDJURY)</li>
				<li>MA JAS Publication (The MA, CT and RI Reporter)</li>
				<li>MA Jury Verdict Review &amp; Analysis</li>
				<li>ME Jury Verdict Review &amp; Analysis</li>
				<li>Medical Litigation Alert</li>
				<li>MI Trial Reporter</li>
				<li>MO and IL Jury Verdicts</li>
				<li>MS Jury Verdicts and Settlements</li>
				<li>National Jury Verdict Review &amp; Analysis</li>
				<li>NC Jury Verdicts and Settlements</li>
				<li>NH Jury Verdict Review &amp; Analysis</li>
				<li>NJ Jury Verdict Review &amp; Analysis</li>
				<li>NM Jury Verdict Review &amp; Analysis</li>
				<li>North TX Reports</li>
				<li>NY Jury Verdict Review &amp; Analysis</li>
				<li>OH Trial Reporter</li>
				<li>OR Arbitration Decisions</li>
				<li>OR Jury Verdicts &amp; Settlements</li>
				<li>PA Jury Verdict Review &amp; Analysis</li>
				<li>Rhode Island JAS Publication (RIJAS)</li>
				<li>RI Jury Verdict Review &amp; Analysis</li>
				<li>SC Jury Verdict Review &amp; Analysis</li>
				<li>TN Jury Verdict Reporter</li>
				<li>TN Jury Verdicts and Settlements</li>
				<li>Twin City Jury Verdicts Reporter</li>
				<li>TX Reporter Soele's Trial Report</li>
				<li>TX Trial Reports</li>
				<li>UT Rocky Mountain Verdicts &amp; Settlements</li>
				<li>VA Metro Verdicts Monthly</li>				
				<li>VT Jury Verdict Review &amp; Analysis</li>
				<li>WA Arbitration Decisions</li>
				<li>WA Jury Verdicts and Settlements</li>
				<li>What's It Worth</li>
				<li>WI Jury Verdicts &amp; Settlements</li>-->
			</ul>
		</section>
	</refbody>
</reference>