<?xml version="1.0" encoding="utf-8"?>
<!DOCTYPE reference PUBLIC "-//IBM//DTD DITA Composite//EN" "c:/dtd/ditabase.dtd">
<reference id="actsaffectingdocs_ref" otherprops="fulldocrhp">
	<title>Acts Affecting this Document</title>
	<prolog>
		<author>Robin Stubbart</author>
		<copyright>
			<copyryear year="2012"/>
			<copyrholder>Lexisnexis</copyrholder>
		</copyright>
		<critdates>
			<created date="2012-07-18"/>
		</critdates>
		<metadata>
			<prodinfo>
				<prodname>Lexis Advance</prodname>
				<vrmlist>
					<vrm version="1"/>
				</vrmlist>
			</prodinfo>
		</metadata>
	</prolog>
	<refbody>
		<section>
			<p>Acts Affecting this Document provides the legislative acts that change a statute section or multiple sections. These legislative acts have not been incorporated into the statute. The number of legislative acts is shown in parentheses.</p>
			<p>&nbsp;</p>
			<p>
				<image href="actsaffectingdoc.png" alt="Acts Affecting this Document link location" align="inline"/>
			</p>
			<p>&nbsp;</p>
			
			<p>&nbsp;</p>
			<p>
				<image href="redlinedacts.png" alt="Red-lined version of legislative acts" align="inline"/>
			</p>
		<p>The redlined amendments are displayed within the legislative act.</p>
<p>&nbsp;</p>
			<p>
				<image href="actsaffectingdoc2.png" alt="Red-lined version of legislative acts" align="inline"/></p>

			<p><image href="actsaffectingdoc3.png" alt="Red-lined version of legislative acts" align="inline"/></p>
			
		</section>
	</refbody>
</reference>