<?xml version="1.0"?>
<!DOCTYPE reference PUBLIC "-//IBM//DTD DITA Composite//EN" "c:/dtd/ditabase.dtd">
<reference id="and_ref" otherprops="connectors">
	<title>
		<userinput>and</userinput> Connector</title>
	<prolog>
		<author>Barb Bruns</author>
		<copyright>
			<copyryear year="2009"/>
			<copyrholder>Lexisnexis</copyrholder>
		</copyright>
		<critdates>
			<created date="2009-02-04"/>
		</critdates>
		<metadata>			
			<prodinfo>
				<prodname>Lexis Advance</prodname>
				<vrmlist>
					<vrm version="1"/>
				</vrmlist>
			</prodinfo>
		</metadata>
	</prolog>
	<refbody>
		<section>
			<p>Use the <userinput>and</userinput> connector to find words that are far apart from one another or in different sections. Searches using <userinput>and</userinput> usually find more documents than searches using the <userinput>near</userinput> connector. As a general rule, use <userinput>and</userinput> when it doesn't matter where your search words appear in a document. Use the <userinput>near</userinput> connector when there is a connection between your search terms and you need to find the terms near each other.</p>
			<p>For example, to find general information about budget deficits, you could use this search:</p>
			<p>
				<userinput>budget and deficit</userinput>
			</p>
			<p>However, to find documents that are relevant when your search terms are less specific, you may need to use the <userinput>near</userinput> connector. For example, the following search will find more relevant documents than if the <userinput>and</userinput> connector were used:</p>
			<p>
				<userinput>fiduciary near/1 duty near/10 breach</userinput>
			</p>
			<note>You can use an ampersand (&amp;) in place of <userinput>and</userinput>.  The two connectors operate the same way. </note>
        </section> 

	</refbody>
</reference>