<?xml version="1.0"?>
<!DOCTYPE reference PUBLIC "-//IBM//DTD DITA Composite//EN" "c:/dtd/ditabase.dtd">
<reference id="archivedcodescoveragecourtrules_ref">
	<title>Archived Codes Coverage Dates for Court Rules</title>	
	<prolog>
		<author>Barb Bruns</author>
		<copyright>
			<copyryear year="2015"/>
			<copyrholder>Lexisnexis</copyrholder>
		</copyright>
		<critdates>
			<created date="2016-05-05"/>
		</critdates>
		<metadata>			
			<prodinfo>
				<prodname>Lexis Advance</prodname>
				<vrmlist>
					<vrm version="1"/>
				</vrmlist>
			</prodinfo>
		</metadata>
	</prolog>
	<refbody>	
	<section>
	<p>The table below shows coverage dates for the court rules category, by jurisdiction.</p>
</section>
	
	
	<simpletable>
	<sthead>
	<stentry>Jurisdiction</stentry>
	<stentry>Coverage Dates</stentry>
	</sthead>
	<strow><stentry>U.S. Federal</stentry><stentry>From 1992</stentry></strow>
	<strow><stentry>Alabama</stentry><stentry>From 2013</stentry></strow>
	<strow><stentry>Alaska</stentry><stentry>From 2013</stentry></strow>
	<strow><stentry>Arizona</stentry><stentry>From 2013</stentry></strow>
	<strow><stentry>Arkansas</stentry><stentry>From 2013</stentry></strow>
	<strow><stentry>California</stentry><stentry>From 2013</stentry></strow>
	<strow><stentry>Colorado</stentry><stentry>From 2013</stentry></strow>

	<strow><stentry>Connecticut</stentry><stentry>From 2013</stentry></strow>
	<strow><stentry>Delaware</stentry><stentry>From 2013</stentry></strow>
	<strow><stentry>Dist. of Columbia</stentry><stentry>From 2013</stentry></strow>
	<strow><stentry>Florida</stentry><stentry>From 2013</stentry></strow>
	<strow><stentry>Georgia</stentry><stentry>From 2013</stentry></strow>
	<strow><stentry>Hawaii</stentry><stentry>From 2013</stentry></strow>

	<strow><stentry>Idaho</stentry><stentry>From 2013</stentry></strow>
	<strow><stentry>Illinois</stentry><stentry>From 2013</stentry></strow>
	<strow><stentry>Indiana</stentry><stentry>From 2013</stentry></strow>
	<strow><stentry>Iowa</stentry><stentry>From 2013</stentry></strow>
	<strow><stentry>Kansas</stentry><stentry>From 2013</stentry></strow>
	<strow><stentry>Kentucky</stentry><stentry>From 2006</stentry></strow>

	<strow><stentry>Louisiana</stentry><stentry>From 2013</stentry></strow>
	<strow><stentry>Maine</stentry><stentry>From 2013</stentry></strow>
	<strow><stentry>Maryland</stentry><stentry>From 2013</stentry></strow>
	<strow><stentry>Massachusetts</stentry><stentry>From 2013</stentry></strow>
	<strow><stentry>Michigan</stentry><stentry>From 2013</stentry></strow>
	<strow><stentry>Minnesota</stentry><stentry>From 2013</stentry></strow>

	<strow><stentry>Mississippi</stentry><stentry>From 2013</stentry></strow>
	<strow><stentry>Missouri</stentry><stentry>From 2013</stentry></strow>
	<strow><stentry>Montana</stentry><stentry>From 2013</stentry></strow>
	<strow><stentry>Nebraska</stentry><stentry>From 2013</stentry></strow>
	<strow><stentry>Nevada</stentry><stentry>From 2013</stentry></strow>
	<strow><stentry>New Hampshire</stentry><stentry>From 2013</stentry></strow>

	<strow><stentry>New Jersey</stentry><stentry>From 2013</stentry></strow>
	<strow><stentry>New Mexico</stentry><stentry>From 2013</stentry></strow>
	<strow><stentry>New York</stentry><stentry>From 2013</stentry></strow>
	<strow><stentry>North Carolina</stentry><stentry>From 2013</stentry></strow>
	<strow><stentry>North Dakota</stentry><stentry>From 2013</stentry></strow>
	<strow><stentry>Ohio</stentry><stentry>From 2013</stentry></strow>

	<strow><stentry>Oklahoma</stentry><stentry>From 2013</stentry></strow>
	<strow><stentry>Oregon</stentry><stentry>From 2013</stentry></strow>
	<strow><stentry>Pennsylvania</stentry><stentry>From 2013</stentry></strow>
	<strow><stentry>Rhode Island</stentry><stentry>From 2013</stentry></strow>
	<strow><stentry>South Carolina</stentry><stentry>From 2005</stentry></strow>
	<strow><stentry>South Dakota</stentry><stentry>From 2013</stentry></strow>

	<strow><stentry>Tennessee</stentry><stentry>From 2013</stentry></strow>
	<strow><stentry>Texas</stentry><stentry>From 2011</stentry></strow>
	<strow><stentry>Utah</stentry><stentry>From 2013</stentry></strow>
	<strow><stentry>Vermont</stentry><stentry>From 2013</stentry></strow>
	<strow><stentry>Virgin Islands</stentry><stentry>From 2013</stentry></strow>
	<strow><stentry>Virginia</stentry><stentry>From 2013</stentry></strow>
	<strow><stentry>Washington</stentry><stentry>From 2013</stentry></strow>
	<strow><stentry>West Virginia</stentry><stentry>From 2013</stentry></strow>
	<strow><stentry>Wisconsin</stentry><stentry>From 2013</stentry></strow>
	<strow><stentry>Wyoming</stentry><stentry>From 2013</stentry></strow>
	</simpletable>

</refbody>
</reference>