<?xml version="1.0" encoding="utf-8"?>
<!DOCTYPE reference PUBLIC "-//IBM//DTD DITA Composite//EN" "c:/dtd/ditabase.dtd">
<reference id="archivedcodeversions_ref" otherprops="legislativealerts">
	<title>Archived Code Versions</title>
	<prolog>
		<author>Barb Bruns</author>
		<copyright>
			<copyryear year="2012"/>
			<copyrholder>Lexisnexis</copyrholder>
		</copyright>
		<critdates>
			<created date="2012-07-18"/>
		</critdates>
		<metadata>
			<prodinfo>
				<prodname>Lexis Advance</prodname>
				<vrmlist>
					<vrm version="1"/>
				</vrmlist>
			</prodinfo>
		</metadata>
	</prolog>
	<refbody>
		<section>
			<p>If an archived code version is available, a link appears under <uicontrol>About This Document</uicontrol>, followed by the number of archived versions in parentheses. </p>
			<p>&nbsp;</p>
			<p>
				<image href="archivedcodeversions1.png" alt="Archived code versions link location" align="inline"/>
			</p>
			<p>&nbsp;</p>
			<p>Select <uicontrol>Archived code versions</uicontrol> to display a list of available versions.</p>
			<p>&nbsp;</p>
			<p>
				<image href="archivedcodeversions2.png" alt="Archived code versions" align="inline"/>
			</p>
<p>&nbsp;</p>
			<p>
				<image href="archivedcodeversions3.png" alt="Archived code versions" align="inline"/>
			</p>
			
		</section>
	</refbody>
</reference>