<?xml version="1.0"?>
<!DOCTYPE reference PUBLIC "-//IBM//DTD DITA Composite//EN" "c:/dtd/ditabase.dtd">
<reference id="areavalues_ref" otherprops="urlapi" audience="res;urlapi">
	<title>Values for the Area Parameter</title>
	<prolog>
		<author>Barb Bruns</author>
		<copyright>
			<copyryear year="2009"/>
			<copyrholder>LexisNexis</copyrholder>
		</copyright>
		<critdates>
			<created date="2007-07-10"/>
		</critdates>
		<metadata>			
			<prodinfo>
				<prodname>Lexis Advance</prodname>
				<vrmlist>
					<vrm version="1"/>
				</vrmlist>
			</prodinfo>
		</metadata>
	</prolog>
	<refbody>
		<section>
		<note conref="urlapi_group_ref.xml#urlapi_group_ref/urlapinote"/>
		<p>Use the <uicontrol>area</uicontrol> parameter in a URL to indicate the area of a specific product (such as <ph keyref="lpanamefirst"/> or LexisNexis&#174; Practical Guidance) to open. If you don't specify an area, your default practice area appears. </p>
		<p>For more information and an example of a URL containing an area parameter, see <xref href="areatips.xml" scope="peer">Search in a Specific Area</xref></p>
</section>		

<p><b>Values for <ph keyref="lpaname"/></b></p>

<simpletable>
				<sthead>
					<stentry>Area</stentry>
					<stentry>Value</stentry>
				</sthead>
				<strow>
				<stentry>Banking &amp; Finance</stentry>
				<stentry><userinput>1013003</userinput></stentry>
				</strow>
				<strow>
				<stentry>Corporate Counsel</stentry>
				<stentry><userinput>1000572</userinput></stentry>
				</strow>
				<strow>
				<stentry>Financial Restructuring &amp; Bankruptcy</stentry>
				<stentry><userinput>1013000</userinput></stentry>
				</strow>
				<strow>
				<stentry>Intellectual Property &amp; Technology</stentry>
				<stentry><userinput>1000574</userinput></stentry>
				</strow>
				<strow>
				<stentry>Labor &amp; Employment</stentry>
				<stentry><userinput>1013004</userinput></stentry>
				</strow>
				<strow>
				<stentry>Mergers &amp; Acquisitions</stentry>
				<stentry><userinput>1013001</userinput></stentry>
				</strow>
				<strow>
				<stentry>Real Estate</stentry>
				<stentry><userinput>1000573</userinput></stentry>
				</strow>
				<strow>
				<stentry>Securities &amp; Capital Markets</stentry>
				<stentry><userinput>1013002</userinput></stentry>
				</strow>
				<strow>
				<stentry>California Business &amp; Commercial</stentry>
				<stentry><userinput>1000575</userinput></stentry>
				</strow>
				<strow>
				<stentry>New York Business &amp; Commercial</stentry>
				<stentry><userinput>1013006</userinput></stentry>
				</strow>
				<strow>
				<stentry>Texas Business &amp; Commercial</stentry>
				<stentry><userinput>1013005</userinput></stentry>
				</strow>
				<strow>
				<stentry>California</stentry>
				<stentry><userinput>1000571</userinput></stentry>
				</strow>
				
</simpletable>


	
	</refbody>
</reference>