<?xml version="1.0"?>
<!DOCTYPE reference PUBLIC "-//IBM//DTD DITA Composite//EN" "c:/dtd/ditabase.dtd">
<reference id="asterisk_ref" otherprops="connectors">
	<title>Using * to Find Variations of a Word</title>
	<prolog>
		<author>Barb Bruns</author>
		<copyright>
			<copyryear year="2009"/>
			<copyrholder>Lexisnexis</copyrholder>
		</copyright>
		<critdates>
			<created date="2009-01-16"/>
		</critdates>
		<metadata>
			<prodinfo>
				<prodname>Lexis Advance</prodname>
				<vrmlist>
					<vrm version="1"/>
				</vrmlist>
			</prodinfo>
		</metadata>
	</prolog>
	<refbody>
		<section>
			<p>Use an asterisk (*) to find a root word plus all the words made by adding letters to the end of it. For example, employ* would find variations on the term employ such as employee, employer, employment, and their plurals.</p>
			<note type="note">
				<ul>
					<li>Use * only to find unique roots; fir* will find fired, firing and fires, but will also find first, which you may not want.</li>
					<li>You can use an exclamation mark (!) in place of the * if you wish. Both function in the same way, but there must be at least 3 characters in front of the ! or you might receive unexpected results.</li>
<li>Do not use * inside quotation marks. Enclosing anything in quotation marks finds only exact matches to whatever is inside them. For example, the search <uicontrol>“corp*”</uicontrol> will find <uicontrol>corp*</uicontrol> but not words beginning with <uicontrol>corp</uicontrol>, such as <uicontrol>corporate</uicontrol> or <uicontrol>corporation</uicontrol>.</li> 
				</ul>
			</note>
		</section>
	</refbody>
</reference>