<?xml version="1.0"?>
<!DOCTYPE reference PUBLIC "-//IBM//DTD DITA Composite//EN" "c:/dtd/ditabase.dtd">
<reference id="atleast_ref" otherprops="connectors">
	<title><userinput>atleast</userinput> Command</title>
	<prolog>
		<author>Barb Bruns</author>
		<copyright>
			<copyryear year="2007"/>
			<copyrholder>Lexisnexis</copyrholder>
		</copyright>
		<critdates>
			<created date="2013-04-08"/>
		</critdates>
		<metadata>			
		<prodinfo>
				<prodname>Lexis Advance</prodname>
				<vrmlist>
					<vrm version="1"/>
				</vrmlist>
			</prodinfo>
		</metadata>
	</prolog>
	<refbody>
		<section>
			<p>Use the <userinput>atleast</userinput> command to require that a term or terms appear &quot;at least&quot; so many times in a document. Use <userinput>atleast</userinput> when you want only documents that contain an in-depth discussion on a topic rather than just a mention.

</p>
			<p>For example, the following search requires references to CERCLA (the Comprehensive Environmental Response, Compensation, and Liability Act) to appear in every document at least 10 times:</p>

			<p><userinput>atleast10(cercla)</userinput></p>
			<p>You can use any number with the <userinput>atleast</userinput> command.</p>
		</section>
	</refbody>
</reference>