<?xml version="1.0"?>
<!DOCTYPE reference PUBLIC "-//IBM//DTD DITA Composite//EN" "c:/dtd/ditabase.dtd">
<reference id="booleanhelpsearch_ref">
	<title>Help System: Phrase and Connector Searching</title>
	<prolog>
		<author>Barb Bruns</author>
		<copyright>
			<copyryear year="2009"/>
			<copyrholder>Lexisnexis</copyrholder>
		</copyright>
		<critdates>
			<created date="2007-07-10"/>
		</critdates>
		<metadata>			
			<prodinfo>
				<prodname>Lexis Advance</prodname>
				<vrmlist>
					<vrm version="1"/>
				</vrmlist>
			</prodinfo>
		</metadata>
	</prolog>
	<refbody>
		<section>
			<note type="note">This article is related to searching the Online Help System - not <ph keyref="prodnamefirst"/>. <p audience="res">For information on using connectors to search <ph keyref="prodname"/>, see <xref href="useconnectors_hdi.xml" scope="peer"/>.</p></note>
			<simpletable>
				<sthead>
					<stentry>To find documents containing...</stentry>
					<stentry>Enter...</stentry>
				</sthead>
				<strow>
					<stentry>The phrase "table of contents"</stentry>
					<stentry>
						<userinput>"table of contents"</userinput>
					</stentry>
				</strow>
				<strow>
					<stentry>The word "research" or the phrase "table of contents" or both</stentry>
					<stentry>
						<p>
							<userinput>research "table of contents"</userinput>
						</p>
						<p>or</p>
						<p>
							<userinput>research OR "table of contents"</userinput>
						</p>
					</stentry>
				</strow>
				<strow>
					<stentry>The word "research" and the phrase "table of contents"</stentry>
					<stentry>
						<userinput>research AND "table of contents"</userinput>
					</stentry>
				</strow>
				<strow>
					<stentry>The word "research" but not the word "lexisnexis"</stentry>
					<stentry>
						<p>
							<userinput>research&#xA0;NOT&#xA0;lexisnexis</userinput>
						</p>
						<p>or</p>
						<p>
							<userinput>research&#xA0;-lexisnexis</userinput>
						</p>
						<p>or</p>
						<p>
							<userinput>research&#xA0;!lexisnexis</userinput>
						</p>
					</stentry>
				</strow>
			</simpletable>
		</section>
	</refbody>
</reference>