<?xml version="1.0"?>
<!DOCTYPE reference PUBLIC "-//IBM//DTD DITA Composite//EN" "c:/dtd/ditabase.dtd">
<reference id="cbstatistical_ref" otherprops="cb" audience="cb">
	<title>How does the Statistical Model work in Counsel Benchmarking?</title>
	<prolog>
		<author>Robin Stubbart</author>
		<copyright>
			<copyryear year="2013"/>
			<copyrholder>Lexisnexis</copyrholder>
		</copyright>
		<critdates>
			<created date="2013-10-08"/>
		</critdates>
		<metadata>			
			<prodinfo>
				<prodname>Lexis Advance</prodname>
				<vrmlist>
					<vrm version="1"/>
				</vrmlist>
			</prodinfo>
		</metadata>
	</prolog>
	<refbody>
		<section>
			<p>Despite the breadth of data available in the <ph keyref="cbnamefirst"/> database, you can still select combinations of filters for which there is insufficient data. Only if insufficient actual data is available and only on the Hourly Rates tab, a statistical model has been incorporated to forecast hourly rates. This tool uses a quantile regression model to forecast each of the percentile metrics for partners, associates, and paralegals. For more information on quantile regression models, see: <xref href="http://en.wikipedia.org/wiki/Quantile_regression" scope="external">http://en.wikipedia.org/wiki/Quantile_regression</xref>. The statistical model only functions when you select either one filter or no filters in any or all filter categories. The statistical projection model does not forecast rates when you select multiple filter options within a category. When statistical data is displayed, you will see a message indicating that statistically modeled data is being displayed. </p>
		</section>
	</refbody>
</reference>