<?xml version="1.0"?>
<!DOCTYPE reference PUBLIC "-//IBM//DTD DITA Composite//EN" "c:/dtd/ditabase.dtd">
<reference id="citationformats_ref" audience="res" otherprops="shep">
	<title><i>Shepard's</i>® Citation Formats and Alphabetical List of Editorial Phrases</title>
	<prolog>
		<author>Robin Stubbart</author>
		<copyright>
			<copyryear year="2010"/>
			<copyrholder>Lexisnexis</copyrholder>
		</copyright>
		<critdates>
			<created date="2010-02-09"/>
		</critdates>
		<metadata>			
			<prodinfo>
				<prodname>Lexis Advance</prodname>
				<vrmlist>
					<vrm version="1"/>
				</vrmlist>
			</prodinfo>
		</metadata>
	</prolog>
	<refbody>
		<section>
			<p>For examples of citation formats, select the link below. Another browser window will open to the <ph keyref="shepardsfirst"/> Citation Format List, which contains full descriptions of reporters and their associated citation display formats.</p>
			<p>
				<xref href="https://web.lexis.com/help/research/shepardscitationformats_ref.htm" scope="external">Shepard's(R) Citation Format List</xref>
			</p>
			<p>For examples of editorial phrase mappings, select the link below. Another browser window will open to the <ph keyref="shepards"/> Alphabetical list of Editorial Phrases.</p>
			<p>
				<xref href="https://web.lexis.com/help/research/shepeditorialmappings.htm" scope="external">Shepard's(R) Alphabetical list of Editorial Phrases</xref>
			</p>
			<p>To return to the <ph keyref="prodnamefirst"/> Help or product window, just close or minimize the list window.</p>
		</section>
	</refbody>
</reference>