<?xml version="1.0"?>
<!DOCTYPE reference PUBLIC "-//IBM//DTD DITA Composite//EN" "c:/dtd/ditabase.dtd">
<reference id="FILENAME_ref" otherprops="TOPICKEYWORD1;PAGENAME1">
	<title>REFERENCE ARTICLE TITLE</title>
	<prolog>
		<author>YOUR NAME</author>
		<copyright>
			<copyryear year="2007"/>
			<copyrholder>LexisNexis</copyrholder>
		</copyright>
		<critdates>
			<created date="2007-MM-DD"/>
		</critdates>
		<metadata>
			<prodinfo>
				<prodname>LexisNexis&#xAE; PRODUCT NAME</prodname>
				<vrmlist>
					<vrm version="1"/>
				</vrmlist>
			</prodinfo>
		</metadata>
	</prolog>
	<refbody>
		<section>
			<title>OPTIONAL SECTION TITLE</title>
			<p>PARAGRAPH TEXT <userinput>INLINE EXAMPLE</userinput>.</p>
			<p>
				<userinput>EXAMPLE TO SUPPORT PARAGRAPH ABOVE.</userinput>
			</p>
		</section>
	</refbody>
</reference>