<?xml version="1.0"?>
<!DOCTYPE reference PUBLIC "-//IBM//DTD DITA Composite//EN" "c:/dtd/ditabase.dtd">
<reference id="connectors_group_ref" otherprops="connector">  
    <title>Using Search Connectors (<i>and</i>, <i>or</i>, etc.) and Commands (<i>atleast</i>)</title>
    <prolog>
        <author>Barb Bruns</author>
        <copyright>
            <copyryear year="2009"/>
            <copyrholder>Lexisnexis</copyrholder>
        </copyright>
        <critdates>
            <created date="2009-01-16"/>
        </critdates>
        <metadata>			
            <prodinfo>
                <prodname>Lexis Advance</prodname>
                <vrmlist>
                    <vrm version="1"/>
                </vrmlist>
            </prodinfo>
        </metadata>
    </prolog>
    <refbody>
        <section>
            <data>focus, narrow, filter</data>
            <note type="tip">
                <ul>
                    <li>To review all of the information about connectors and commands on a single page, see <xref href="connectors_quickref_ref.xml" scope="peer"/>.</li>
                    <li>For information on how the wildcard characters <userinput>*</userinput> and <userinput>?</userinput> are used in a search, see <xref href="wildcards_ref.xml" scope="peer"/>.</li>
                    <li>To understand connector priority, see <xref href="connectorpriority_ref.xml" scope="peer"/>.</li>
                    <li>Familiar with using other connectors?  See <xref href="connectorswlnequivalents_ref.xml" scope="peer"/> for connectors to use when searching <ph keyref="prodnamefirst"/> .</li>
                </ul>
            </note>
            <p>Search connectors, such as <userinput>and</userinput>, <userinput>or</userinput>, <userinput>near</userinput>, and <userinput>not</userinput>, and commands, such as <userinput>atleast</userinput>, help narrow a search by defining relationships between your search terms. </p>
                <p>
                <ph keyref="prodname"/> automatically interprets many common legal phrases, such as <userinput>limited liability partnership</userinput> or <userinput>summary judgment</userinput>, as phrases, rather than as individual search terms.  However, if you want to be sure a phrase you are searching for is interpreted as a phrase, enclose it in quotation marks.</p>
<p>
				<userinput>&quot;determination of deficiency&quot;</userinput>
			</p>
<p>
				<userinput>&quot;right to work&quot;</userinput>
			</p>
<p id="shepards">When you enter text into the <ph keyref="shepardsfirst"/><uicontrol> Narrow By</uicontrol><uicontrol> Search Within Results</uicontrol> box and select <uicontrol>OK</uicontrol>, that text is processed as a terms and connectors search.</p>
            <p>The following articles provide descriptions and examples for each connector.</p>
        </section>
    </refbody>
</reference>