<?xml version="1.0"?>
<!DOCTYPE reference PUBLIC "-//IBM//DTD DITA Composite//EN" "c:/dtd/ditabase.dtd">
<reference id="connectorpriority_ref" otherprops="connectors">
	<title>Connector Order and Priority</title>
	<prolog>
		<author>Christina Stommel</author>
		<copyright>
			<copyryear year="2013"/>
			<copyrholder>Lexisnexis</copyrholder>
		</copyright>
		<critdates>
			<created date="2013-04-11"/>
		</critdates>
		<metadata>
			<prodinfo>
				<prodname>Lexis&#xAE; Advance</prodname>
				<vrmlist>
					<vrm version="1"/>
				</vrmlist>
			</prodinfo>
		</metadata>
	</prolog>
	<refbody>
		<section>		
		<p><ph keyref="prodnamefirst"/> uses the following order of operations for connector searches:</p>
		<ol>
		
		<li><codeph>or</codeph></li>
		<li>proximity connectors<fn>Proximity connectors are processed from the smallest to the largest</fn>, such as <codeph>near/n</codeph>, <codeph>onear/n</codeph>, <codeph>/seg</codeph>, &nbsp;<codeph>w/n</codeph>, &nbsp;<codeph>pre/n</codeph>, &nbsp;<codeph>NOT/n</codeph>, &nbsp;<codeph>NOT/seg</codeph>, <codeph>/s</codeph>, <codeph>/p</codeph>, <codeph>w/sent</codeph>, <codeph>w/para</codeph></li>
		<li><codeph>and</codeph></li>
		<li><codeph>and not</codeph></li>
		</ol>
		<p><b>Example: </b>&nbsp;&nbsp;&nbsp;&nbsp;<codeph>bankrupt! w/25 discharg! and student or college or education! w/5 loan</codeph></p>
		<p>This search query is processed in the following way:</p>
		<ol>
		<li><codeph>or</codeph> has the highest priority, so it operates first. In this example, <codeph>student or college or education!</codeph> is processed as a unit, which is created by the <codeph>or</codeph> connector.</li>
		
		<li><codeph>w/5</codeph> ties together the term <codeph>loan</codeph> and the <codeph>student or college or education!</codeph> unit.</li>
<li><codeph>w/25</codeph> operates next and creates a unit of the <codeph>bankrupt! w/25 discharg!</codeph> terms.</li>
		<li><codeph>and</codeph> operates last and links the units formed in the second and third items above. </li>
		</ol>
		</section>
		<data>operator operators operations</data>
	</refbody>
</reference>