<?xml version="1.0"?>
<!DOCTYPE reference PUBLIC "-//IBM//DTD DITA Composite//EN" "c:/dtd/ditabase.dtd">
<reference id="connectors_quickref_ref" otherprops="connectors">
	<title>Search Connectors Quick Reference Card</title>
	<prolog>
		<author>Robin Stubbart</author>
		<copyright>
			<copyryear year="2012"/>
			<copyrholder>Lexisnexis</copyrholder>
		</copyright>
		<critdates>
			<created date="2012-02-02"/>
		</critdates>
		<metadata>			
			<prodinfo>
				<prodname>Lexis Advance</prodname>
				<vrmlist>
					<vrm version="1"/>
				</vrmlist>
			</prodinfo>
		</metadata>
	</prolog>
	<refbody>
		<section>
			<data>focus, narrow, filter</data>
			<note type="tip">You can save or print a copy of this page. To save the page as an RTF document, select <image href="IconRTF.png" alt="Save as RTF"/>. To save the page as a PDF document, select <image href="IconPDF.png" alt="Save as PDF"/>. To print the page, select <image href="Print.png" alt="Print"/>.</note>
		</section>
	</refbody>
	<task conref="useconnectors_hdi.xml" id="useconnectors_hdi" outputclass="embed"><title/><taskbody/></task>
	<reference conref="and_ref.xml" id="and_ref" outputclass="embed"><title/><refbody/></reference>
	<reference conref="atleast_ref.xml" id="atleast_ref" outputclass="embed"><title/><refbody/></reference>
	<reference conref="or_ref.xml" id="or_ref" outputclass="embed"><title/><refbody/></reference>
	<reference conref="not_ref.xml" id="not_ref" outputclass="embed"><title/><refbody/></reference>
	<reference conref="withinn_ref.xml" id="withinn_ref" outputclass="embed"><title/><refbody/></reference>
	
	<reference conref="n_ref.xml" id="n_ref" outputclass="embed"><title/><refbody/></reference>
	<reference conref="wpara_ref.xml" id="wpara_ref" outputclass="embed"><title/><refbody/></reference>
	<reference conref="wsent_ref.xml" id="wsent_ref" outputclass="embed"><title/><refbody/></reference>
	<reference conref="wseg_ref.xml" id="wseg_ref" outputclass="embed"><title/><refbody/></reference>
	<reference conref="near_ref.xml" id="near_ref" outputclass="embed"><title/><refbody/></reference>
	<reference conref="onear_ref.xml" id="onear_ref" outputclass="embed"><title/><refbody/></reference>
	
	<reference conref="pren_ref.xml" id="pren_ref" outputclass="embed"><title/><refbody/></reference>
	<reference conref="pres_ref.xml" id="pres_ref" outputclass="embed"><title/><refbody/></reference>
	<reference conref="prep_ref.xml" id="prep_ref" outputclass="embed"><title/><refbody/></reference>
	
	
	<reference conref="notproximity_ref.xml" id="notproximity_ref" outputclass="embed"><title/><refbody/></reference>
	<reference conref="exclamation_ref.xml" id="exclamation_ref" outputclass="embed"><title/><refbody/></reference>
	
	
	<reference conref="asterisk_ref.xml" id="asterisk_ref" outputclass="embed"><title/><refbody/></reference>
	<reference conref="question_ref.xml" id="question_ref" outputclass="embed"><title/><refbody/></reference>
	
</reference>