<?xml version="1.0"?>
<!DOCTYPE reference PUBLIC "-//IBM//DTD DITA Composite//EN" "c:/dtd/ditabase.dtd">
<reference id="connectorswlnequivalents_ref" otherprops="connectors">
	<title><ph keyref="prodnamefirst"/> Equivalents for Other Connectors</title>
	<prolog>
		<author>Barb Bruns</author>
		<copyright>
			<copyryear year="2013"/>
			<copyrholder>Lexisnexis</copyrholder>
		</copyright>
		<critdates>
			<created date="2013-04-11"/>
		</critdates>
		<metadata>
			<prodinfo>
				<prodname>Lexis&#xAE; Advance</prodname>
				<vrmlist>
					<vrm version="1"/>
				</vrmlist>
			</prodinfo>
		</metadata>
	</prolog>
	<refbody>
		<section>
		<p>If you're familiar with using other connectors with terms and connectors searching, you can transition to searching <ph keyref="prodnamefirst"/> by referring to the table below.</p>
		<simpletable>
				<sthead>
					<stentry>If You Use this Connector</stentry>
					<stentry>Use this Connector to Search <ph keyref="prodname"/></stentry>
				</sthead>
				<strow>
					<stentry>&quot;search terms&quot;  (quotation marks enclosing a phrase – finds the exact phrase)</stentry>
					<stentry>&quot;search terms&quot;  (quotation marks enclosing a phrase – finds the exact phrase)</stentry>
				</strow>
<strow>
					<stentry><i>and</i> (alternately, &amp;)</stentry>
					<stentry><xref href="and_ref.xml" scope="peer">and</xref> (alternately, &amp;)</stentry>
				</strow>
<strow>
					<stentry>a space between terms (to replace <i>or</i>)</stentry>
					<stentry><xref href="or_ref.xml" scope="peer">or</xref></stentry>
				</strow>
<strow>

					<stentry>/p</stentry>
					<stentry><xref href="wpara_ref.xml" scope="peer">/p or w/para</xref> &nbsp;&nbsp;<uicontrol>Note:</uicontrol> The w/para proximity connector will include "noise words" in the proximity of your two search terms. You can use <userinput>w/para</userinput> or <userinput>w/p</userinput> in place of <userinput>/p</userinput> if you wish. All 3 function the same way.</stentry>

				</strow>
<strow>
					<stentry>+p</stentry>
					<stentry><xref href="prep_ref.xml" scope="peer">pre/p</xref> </stentry>
				</strow>
<strow>
					<stentry>/s</stentry>
					<stentry><xref href="wsent_ref.xml" scope="peer">/s or w/sent</xref> &nbsp;&nbsp;<uicontrol>Note:</uicontrol> The w/sent connector will include "noise words" in the proximity of your two search terms. You can use <userinput>w/sent</userinput> or <userinput>w/s</userinput> in place of <userinput>/s</userinput> if you wish. All 3 function the same way.</stentry>

				</strow>
<strow>
					<stentry>+s</stentry>
					<stentry><xref href="pres_ref.xml" scope="peer">pre/s</xref> </stentry>
				</strow>
<strow>
					<stentry>/n</stentry>
					<stentry><xref href="withinn_ref.xml" scope="peer">w/n</xref></stentry>
				</strow>
<strow>
					<stentry>+n</stentry>
					<stentry><xref href="pren_ref.xml" scope="peer">pre/n</xref></stentry>
				</strow>
<strow>
					<stentry>but not</stentry>
					<stentry><xref href="not_ref.xml" scope="peer">and not</xref></stentry>
				</strow>
				</simpletable>
		</section>


		
	</refbody>
</reference>