<?xml version="1.0" encoding="utf-8"?>
<!DOCTYPE reference PUBLIC "-//IBM//DTD DITA Composite//EN" "c:/dtd/ditabase.dtd">
<reference id="contactsupport_ref" otherprops="aboutLA">
	<title>Customer Support Contact Information</title>
	<prolog>
		<author>Barb Bruns</author>
		<copyright>
			<copyryear year="2009"/>
			<copyrholder>Lexisnexis</copyrholder>
		</copyright>
		<critdates>
			<created date="2009-02-05"/>
		</critdates>
		<metadata>			
			<prodinfo>
				<prodname>Lexis Advance</prodname>
				<vrmlist>
					<vrm version="1"/>
				</vrmlist>
			</prodinfo>
		</metadata>
	</prolog>
	<refbody>
		<section>
			<p>Have a question? If you can't find the answer you need in the help system, here are some other resources you can ask:</p>
			<ul>
			<li><p>Customer Support</p> 
			<p>1-800-543-6862</p></li>
			<li>Help Live Support link in <ph keyref="prodnamefirst"/> (if available with your subscription)</li>
			<li><xref href="https://advance.lexis.com/support" scope="external">Your Customer Support Hotline Number</xref></li>
			</ul>
			</section>
	</refbody>
</reference>