<?xml version="1.0"?>
<!DOCTYPE reference PUBLIC "-//IBM//DTD DITA Composite//EN" "c:/dtd/ditabase.dtd">
<reference id="custompagepods_ref" otherprops="res;custompage" audience="res">
	<title>Custom Page Pods</title>
	<prolog>
		<author>Barb Bruns</author>
		<copyright>
			<copyryear year="2009"/>
			<copyrholder>Lexisnexis</copyrholder>
		</copyright>
		<critdates>
			<created date="2007-07-10"/>
		</critdates>
		<metadata>			
			<prodinfo>
				<prodname>Lexis Advance</prodname>
				<vrmlist>
					<vrm version="1"/>
				</vrmlist>
			</prodinfo>
		</metadata>
	</prolog>
	<refbody>
		<section>
			<p>You can create a custom page with the sources and tools you use most often. Once you create them, your custom pages will be available from the <uicontrol>Custom Pages</uicontrol> pod on the <ph keyref="prodname"/> landing page. The pods you can choose from to add to a custom page are listed below.</p>  
			
			<p>For more information about creating a custom page, see <xref href="custompagecreate_hdi.xml" scope="peer"></xref>.</p>

<dl>
	 <dlentry>
	 <dt>Favorites</dt>
<dd>Displays the sources, topics, and filters you use most often in your searches.</dd>
</dlentry>

<dlentry>
<dt>History</dt>
<dd>Automatically saves searches, documents, deliveries, etc. so you can quickly resume past work.</dd>
</dlentry>

<dlentry>
<dt>Folders</dt>
<dd>Save your searches, documents, notes, and alerts into folders to quickly return to them later.</dd>
</dlentry>

<dlentry>
<dt>News</dt>
<dd>Keep track of the latest legal news.</dd>
</dlentry>

<dlentry>
<dt>Latest Updates</dt>
<dd>Learn more about the newest changes in <ph keyref="prodnamefirst"/>.</dd>
</dlentry>

<dlentry>
<dt>Alerts</dt> 
<dd>Create a new alert or view the results of alerts you have saved.</dd>
</dlentry> 

<dlentry>
<dt>Notifications</dt>
<dd>Keep track of items you have shared or that have been shared with you.</dd>
</dlentry>

<dlentry>
<dt>Archives</dt>
<dd>Search archived codes, including statutory codes, constitutions, administrative codes, and municipal codes.</dd>
</dlentry>

<dlentry>
<dt>Support</dt>
<dd>Provides access to online help, tutorials, training videos, and Customer Support.</dd>
</dlentry>

<dlentry>
<dt>Get &amp; Print</dt>
<dd>Enter multiple citations and download or print documents or <ph keyref="shepardsfirst"/> reports. For more information, see <xref href="searchgetandprint_hdi.xml" scope="peer"></xref></dd>
</dlentry>

<dlentry>
<dt>Get a Doc</dt>
<dd>Retrieve a document by citation, party name, or docket number. For more information, see <xref href="getandprint_hdi.xml" scope="peer"></xref></dd>
</dlentry>
</dl>
		

		</section>
	</refbody>
</reference>