<?xml version="1.0" encoding="UTF-8"?>
<!DOCTYPE reference PUBLIC "-//IBM//DTD DITA Composite//EN" "c:/dtd/ditabase.dtd">
<reference id="developnaturalsearch_ref" audience="res"  otherprops="natlang">
	<title>Developing a Natural Language Search</title>
	<prolog>
		<author>Barb Bruns</author>
		<copyright>
			<copyryear year="2010"/>
			<copyrholder>Lexisnexis</copyrholder>
		</copyright>
		<critdates>
			<created date="2006-11-30"/>
		</critdates>
		<metadata>			
			<prodinfo>
				<prodname>Lexis Advance</prodname>
				<vrmlist>
					<vrm version="1"/>
				</vrmlist>
			</prodinfo>
		</metadata>
	</prolog>
	<refbody>
		<section>
			<p>To develop a natural language search, use terms that you might use when describing your research topic to another person. For example, to find articles about efforts in the fast food industry to use recyclable packaging, you might use this search:</p>
			<p>
				<userinput>What efforts has the fast food industry made to use recyclable packages?</userinput>
			</p>
			<p>Or, you can use just the most important terms and phrases, in any order.</p>
			<p>
				<userinput>recycle package fast food</userinput>
			</p>
		</section>
	</refbody>
</reference>