<?xml version="1.0"?>
<!DOCTYPE reference PUBLIC "-//IBM//DTD DITA Composite//EN" "c:/dtd/ditabase.dtd">
<reference id="exclamation_ref" otherprops="connectors">
	<title>Using ! to Find Variations of a Word</title>
	<prolog>
		<author>Barb Bruns</author>
		<copyright>
			<copyryear year="2009"/>
			<copyrholder>Lexisnexis</copyrholder>
		</copyright>
		<critdates>
			<created date="2009-01-16"/>
		</critdates>
		<metadata>
			<prodinfo>
				<prodname>Lexis Advance</prodname>
				<vrmlist>
					<vrm version="1"/>
				</vrmlist>
			</prodinfo>
		</metadata>
	</prolog>
	<refbody>
		<section>
			<p>Use an exclamation mark (!) to find a root word plus all the words made by adding letters to the end of it. For example, employ! would find variations on the term employ such as employee, employer, employment, and their plurals.</p>
			<note type="note">
				<ul>
					<li>There must be at least 3 characters prior to the ! or you may receive unexpected results.</li>
					<li>Use ! only to find unique roots; fir! will find fired, firing and fires, but will also find first, which you may not want.</li>
					<li>Do not use ! inside quotation marks, or you may receive unexpected results. Enclosing anything in quotation marks finds only exact matches to whatever is inside them.  For example, the search <uicontrol>“corp!”</uicontrol> will find <uicontrol>corp!</uicontrol> but not words beginning with <uicontrol>corp</uicontrol>, such as <uicontrol>corporate</uicontrol> or <uicontrol>corporation</uicontrol>. </li> 
				</ul>
			</note>
		</section>
	</refbody>
</reference>