<?xml version="1.0" encoding="utf-8"?>
<!DOCTYPE reference PUBLIC "-//IBM//DTD DITA Composite//EN" "c:/dtd/ditabase.dtd">
<reference id="futureffective_ref" otherprops="fulldocrhp">
	<title>Future Effective Updates</title>
	<prolog>
		<author>Barb Bruns</author>
		<copyright>
			<copyryear year="2012"/>
			<copyrholder>Lexisnexis</copyrholder>
		</copyright>
		<critdates>
			<created date="2012-07-18"/>
		</critdates>
		<metadata>
			<prodinfo>
				<prodname>Lexis Advance</prodname>
				<vrmlist>
					<vrm version="1"/>
				</vrmlist>
			</prodinfo>
		</metadata>
	</prolog>
	<refbody>
		<section>
			<p>Future Effective amendments and appeals are connected to current effective versions through the <xref href="gh_legislativealertsvc.xml" scope="peer"/>. Current effective versions display a flag with the language, &quot;This section has more than one version with varying effective dates.&quot; </p>
				<p><image href="futureffectiveupdates1.png" alt="Future effective link location" align="inline"/></p>
			<p>&nbsp;</p>
			<p>Select <uicontrol>Future effective updates</uicontrol> under Legislative Alert Service on the first version of the section to view the future effective version of the statute. Future effective versions will also display a flag with the language, &quot;This section has more than one version with varying effective dates.&quot; </p>
			<p>&nbsp;</p>
			<p>
				<image href="futureffectiveupdates2.png" alt="Future effective version of section" align="inline"/>
			</p>
			</section>
	</refbody>
</reference>