<?xml version="1.0"?>
<!DOCTYPE reference PUBLIC "-//IBM//DTD DITA Composite//EN" "c:/dtd/ditabase.dtd">
<reference id="icwcitationmanuals_ref" otherprops="icwstudent" audience="icw">
	<title>Citation Manuals</title>
	<prolog>
		<author>Garth Lewis</author>
		<copyright>
			<copyryear year="2015"/>
			<copyrholder>Lexisnexis</copyrholder>
		</copyright>
		<critdates>
			<created date="2015-02-03"/>
		</critdates>
		<metadata>		
			<prodinfo>
				<prodname>Lexis Advance</prodname>
				<vrmlist>
					<vrm version="1"/>
				</vrmlist>
			</prodinfo>
		</metadata>
	</prolog>
	<refbody>
		<section>
			<p>The exercises in <ph keyref="icwnamefirst"/> correspond with the following references, which students should use to find citation rules:</p>
				<ul>
					<li>The Bluebook®: A Uniform System of Citation (20th ed.) (Bluebook)</li>
					<li>The ALWD Guide to Legal Citation, Fifth Edition (ALWD)</li>
				</ul>
		</section>
	</refbody>
</reference>