<?xml version="1.0"?>
<!DOCTYPE reference PUBLIC "-//IBM//DTD DITA Composite//EN" "c:/dtd/ditabase.dtd">
<reference id="jurisdictionvalues_ref" otherprops="urlapi" audience="res;urlapi">
	<title>Values for the Jurisdiction Parameter</title>
	<prolog>
		<author>Barb Bruns</author>
		<copyright>
			<copyryear year="2009"/>
			<copyrholder>LexisNexis</copyrholder>
		</copyright>
		<critdates>
			<created date="2007-07-10"/>
		</critdates>
		<metadata>			
			<prodinfo>
				<prodname>Lexis Advance</prodname>
				<vrmlist>
					<vrm version="1"/>
				</vrmlist>
			</prodinfo>
		</metadata>
	</prolog>
	<refbody>
		<section>
		<note conref="urlapi_group_ref.xml#urlapi_group_ref/urlapinote"/>

		<p>Use the <uicontrol>jurisdiction</uicontrol> parameter in a URL to indicate the jurisdiction to search.  You can use multiple jurisdictions, separated by a period.  If you don't specify a jurisdiction, all jurisdictions are searched. </p>
		<p>For more information and an example of a URL containing a jurisdiction parameter, see <xref href="jurisdictiontips.xml" scope="peer">Search in a Specific Jurisdiction</xref></p>
</section>		
			<section>

			<simpletable>
				<sthead>
					<stentry>Jurisdiction</stentry>
					<stentry>Value</stentry>
				</sthead>
				<strow>
					<stentry>International Content</stentry>
					<stentry><userinput>dXJuOmpwZjoxMDk3</userinput></stentry>
				</strow>
				<strow>
					<stentry>Non-jurisdictional</stentry>
					<stentry><userinput>dXJuOmpwZjoxMTAw</userinput></stentry>
				</strow>

				<strow>
				<stentry>Military Courts</stentry>
				<stentry><userinput>dXJuOmpwZjoxMDY1</userinput></stentry>
				</strow>
				<strow>
				<stentry>Tax Court</stentry>
				<stentry><userinput>dXJuOmpwZjoxMDY3</userinput></stentry>
				</strow>
				 <strow>
 				<stentry>United States Supreme Court</stentry>
 				<stentry><userinput>dXJuOmpwZjoxMDY4</userinput></stentry>
 				</strow>
 				<strow>
 				<stentry>Bankruptcy Courts</stentry>
 				<stentry><userinput>dXJuOmpwZjoxMDYx</userinput></stentry>
 				</strow>
  				<strow>
					<stentry>U.S. Federal</stentry>
					<stentry><userinput>dXJuOmpwZjoxMDk5</userinput></stentry>
				</strow>
				

<strow>
					<stentry>Federal Circuit</stentry>
					<stentry><userinput>dXJuOmpwZjoxMDYy</userinput></stentry>
				</strow>

<strow>
					<stentry>Federal Courts of Appeals</stentry>
					<stentry><userinput>dXJuOmpwZjoxMDYz</userinput></stentry>
				</strow>


 <strow>
					<stentry>Federal District Courts</stentry>
					<stentry><userinput>dXJuOmpwZjoxMDY0</userinput></stentry>
				</strow>

<strow>
					<stentry>Other Federal Courts</stentry>
					<stentry><userinput>dXJuOmpwZjoxMDY2</userinput></stentry>
				</strow>
				<strow>
				<stentry>1st Circuit</stentry>
				<stentry><userinput>dXJuOmpwZjoxMDc2</userinput></stentry>
				</strow>
				<strow>
				<stentry>2nd Circuit</stentry>
				<stentry><userinput>dXJuOmpwZjoxMDc3</userinput></stentry>
				</strow>
				<strow>
				<stentry>3rd Circuit</stentry>
				<stentry><userinput>dXJuOmpwZjoxMDc4</userinput></stentry>
				</strow>
				<strow>
				<stentry>4th Circuit</stentry>
				<stentry><userinput>dXJuOmpwZjoxMDc5</userinput></stentry>
				</strow>
				<strow>
				<stentry>5th Circuit</stentry>
				<stentry><userinput>dXJuOmpwZjoxMDgw</userinput></stentry>
				</strow>
				<strow>
				<stentry>6th Circuit</stentry>
				<stentry><userinput>dXJuOmpwZjoxMDgx</userinput></stentry>
				</strow>
				 <strow>
				 <stentry>7th Circuit</stentry>
				 <stentry><userinput>dXJuOmpwZjoxMDgy</userinput></stentry>
				 </strow>
				 <strow>
				 <stentry>8th Circuit</stentry>
				 <stentry><userinput>dXJuOmpwZjoxMDgz</userinput></stentry>
				 </strow>
				 <strow>
				 <stentry>9th Circuit</stentry>
				 <stentry><userinput>dXJuOmpwZjoxMDg0</userinput></stentry>
				 </strow>
				 <strow>
				 <stentry>10th Circuit</stentry>
				 <stentry><userinput>dXJuOmpwZjoxMDg1</userinput></stentry>
				 </strow>
				 <strow>
				 <stentry>11th Circuit</stentry>
				 <stentry><userinput>dXJuOmpwZjoxMDg2</userinput></stentry>
				 </strow>
				 <strow>
				 <stentry>D.C. Circuit</stentry>
				 <stentry><userinput>dXJuOmpwZjoxMDg3</userinput></stentry>
				 </strow>
				 <strow>
				 <stentry>Tribal</stentry>
				 <stentry><userinput>dXJuOmpwZjoxMDk4</userinput>
				 </stentry>
				 </strow> 

				<strow>
<stentry>Alabama</stentry>
				<stentry><userinput>dXJuOmpwZjoxMDAx</userinput></stentry>
				</strow>
<strow>
<stentry>Alaska</stentry>
				<stentry><userinput>dXJuOmpwZjoxMDAy</userinput></stentry>
				</strow>

<strow>
<stentry>Arizona</stentry>
				<stentry><userinput>dXJuOmpwZjoxMDAz</userinput></stentry>
				</strow>
<strow>
<stentry>Arkansas</stentry>
				<stentry><userinput>dXJuOmpwZjoxMDA0</userinput></stentry>
				</strow>
				<strow>
					<stentry>California</stentry>
					<stentry><userinput>dXJuOmpwZjoxMDA1</userinput></stentry>
				</strow>
<strow>
<stentry>Colorado</stentry>
				<stentry><userinput>dXJuOmpwZjoxMDA2</userinput></stentry>
				</strow>
<strow>
<stentry>Connecticut</stentry>
				<stentry><userinput>dXJuOmpwZjoxMDA3</userinput></stentry>
				</strow>

<strow>
<stentry>Delaware</stentry>
				<stentry><userinput>dXJuOmpwZjoxMDA4</userinput></stentry>
				</strow>
<strow>
<stentry>Dist. of Columbia</stentry>
				<stentry><userinput>dXJuOmpwZjoxMDA5</userinput></stentry>
				</strow>
<strow>
<stentry>Florida</stentry>
				<stentry><userinput>dXJuOmpwZjoxMDEw</userinput></stentry>
				</strow>
<strow>
<stentry>Georgia</stentry>
				<stentry><userinput>dXJuOmpwZjoxMDEx</userinput></stentry>
				</strow>

<strow>
<stentry>Guam</stentry>
				<stentry><userinput>dXJuOmpwZjoxMDEy</userinput></stentry>
				</strow>
<strow>
<stentry>Hawaii</stentry>
				<stentry><userinput>dXJuOmpwZjoxMDEz</userinput></stentry>
				</strow>
<strow>
<stentry>Idaho</stentry>
				<stentry><userinput>dXJuOmpwZjoxMDE0</userinput></stentry>
				</strow>
<strow>
<stentry>Illinois</stentry>
				<stentry><userinput>dXJuOmpwZjoxMDE1</userinput></stentry>
				</strow>
<strow>
					<stentry>Indiana</stentry>
					<stentry><userinput>dXJuOmpwZjoxMDE2</userinput></stentry>
				</strow>
				<strow>
				<stentry>Iowa</stentry>
				<stentry><userinput>dXJuOmpwZjoxMDE3</userinput></stentry>
				</strow>
				<strow>
				<stentry>Kansas</stentry>
				<stentry><userinput>dXJuOmpwZjoxMDE4</userinput></stentry>
				</strow>
<strow>
				<stentry>Kentucky</stentry>
				<stentry><userinput>dXJuOmpwZjoxMDE5</userinput></stentry>
				</strow>
				<strow>
				<stentry>Louisiana</stentry>
				<stentry><userinput>dXJuOmpwZjoxMDIw</userinput></stentry>
				</strow>
				<strow>
				<stentry>Maine</stentry>
				<stentry><userinput>dXJuOmpwZjoxMDIx</userinput></stentry>
				</strow>
				<strow>
				<stentry>Maryland</stentry>
				<stentry><userinput>dXJuOmpwZjoxMDIy</userinput></stentry>
				</strow>
				<strow>
				<stentry>Massachusetts</stentry>
				<stentry><userinput>dXJuOmpwZjoxMDIz</userinput></stentry>
				</strow>
				<strow>
				<stentry>Michigan</stentry>
				<stentry><userinput>dXJuOmpwZjoxMDI0</userinput></stentry>
				</strow>
				<strow>
				<stentry>Minnesota</stentry>
				<stentry><userinput>dXJuOmpwZjoxMDI1</userinput></stentry>
				</strow>
				<strow>
				<stentry>Mississippi</stentry>
				<stentry><userinput>dXJuOmpwZjoxMDI2</userinput></stentry>
				</strow>
				<strow>
				<stentry>Missouri</stentry>
				<stentry><userinput>dXJuOmpwZjoxMDI3</userinput></stentry>
				</strow>
				<strow>
				<stentry>Montana</stentry>
				<stentry><userinput>dXJuOmpwZjoxMDI4</userinput></stentry>
				</strow>
				<strow>
				<stentry>Nebraska</stentry>
				<stentry><userinput>dXJuOmpwZjoxMDI5</userinput></stentry>
				</strow>
				<strow>
				<stentry>Nevada</stentry>
				<stentry><userinput>dXJuOmpwZjoxMDMw</userinput></stentry>
				</strow>
				<strow>
				<stentry>New Hampshire</stentry>
				<stentry><userinput>dXJuOmpwZjoxMDMx</userinput></stentry>
				</strow>
				<strow>
				<stentry>New Jersey</stentry>
				<stentry><userinput>dXJuOmpwZjoxMDMy</userinput></stentry>
				</strow>
<strow>
				<stentry>New Mexico</stentry>
				<stentry><userinput>dXJuOmpwZjoxMDMz</userinput></stentry>
				</strow>

				<strow>
				<stentry>New York</stentry>
				<stentry><userinput>dXJuOmpwZjoxMDM0</userinput></stentry>
				</strow>
				<strow>
				<stentry>North Carolina</stentry>
				<stentry><userinput>dXJuOmpwZjoxMDM1</userinput></stentry>
				</strow>

				<strow>
				<stentry>North Dakota</stentry>
				<stentry><userinput>dXJuOmpwZjoxMDM2</userinput></stentry>
				</strow>
<strow>
				<stentry>Northern Marianas</stentry>
				<stentry><userinput>dXJuOmpwZjoxMDM3</userinput></stentry>
				</strow>
<strow>
				<stentry>Ohio</stentry>
				<stentry><userinput>dXJuOmpwZjoxMDM4</userinput></stentry>
				</strow>

				<strow>
				<stentry>Oklahoma</stentry>
				<stentry><userinput>dXJuOmpwZjoxMDM5</userinput></stentry>
				</strow>
				<strow>
				<stentry>Oregon</stentry>
				<stentry><userinput>dXJuOmpwZjoxMDQw</userinput></stentry>
				</strow>

				<strow>
				<stentry>Pennsylvania</stentry>
				<stentry><userinput>dXJuOmpwZjoxMDQx</userinput></stentry>
				</strow>
<strow>
				<stentry>Puerto Rico</stentry>
				<stentry><userinput>dXJuOmpwZjoxMDQy</userinput></stentry>
				</strow>
				<strow>
				<stentry>Rhode Island</stentry>
				<stentry><userinput>dXJuOmpwZjoxMDQz</userinput></stentry>
				</strow>
<strow>
				<stentry>South Carolina</stentry>
				<stentry><userinput>dXJuOmpwZjoxMDQ0</userinput></stentry>
				</strow>

				<strow>
				<stentry>South Dakota</stentry>
				<stentry><userinput>dXJuOmpwZjoxMDQ1</userinput></stentry>
				</strow>
				<strow>
				<stentry>Tennessee</stentry>
				<stentry><userinput>dXJuOmpwZjoxMDQ2</userinput></stentry>
				</strow>

				<strow>
				<stentry>Texas</stentry>
				<stentry><userinput>dXJuOmpwZjoxMDQ3</userinput></stentry>
				</strow>
<strow>
				<stentry>Utah</stentry>
				<stentry><userinput>dXJuOmpwZjoxMDQ4</userinput></stentry>
				</strow>
<strow>
				<stentry>Vermont</stentry>
				<stentry><userinput>dXJuOmpwZjoxMDQ5</userinput></stentry>
				</strow>

				<strow>
				<stentry>Virgin Islands</stentry>
				<stentry><userinput>dXJuOmpwZjoxMDUw</userinput></stentry>
				</strow>
				<strow>
				<stentry>Virginia</stentry>
				<stentry><userinput>dXJuOmpwZjoxMDUx</userinput></stentry>
				</strow>

				<strow>
				<stentry>Washington</stentry>
				<stentry><userinput>dXJuOmpwZjoxMDUy</userinput></stentry>
				</strow>
<strow>
				<stentry>West Virginia</stentry>
				<stentry><userinput>dXJuOmpwZjoxMDUz</userinput></stentry>
				</strow>
<strow>
				<stentry>Wisconsin</stentry>
				<stentry><userinput>dXJuOmpwZjoxMDU0</userinput></stentry>
				</strow>
<strow>
				<stentry>Wyoming</stentry>
				<stentry><userinput>dXJuOmpwZjoxMDU1</userinput></stentry>
				</strow>

			</simpletable>
		</section>
	</refbody>
</reference>