<?xml version="1.0"?>
<!DOCTYPE reference PUBLIC "-//IBM//DTD DITA Composite//EN" "c:/dtd/ditabase.dtd">
<reference id="keywordhelpsearch_ref">
	<title>Help System: Keyword and Wildcard Searching</title>
	<prolog>
		<author>Barb Bruns</author>
		<copyright>
			<copyryear year="2007"/>
			<copyrholder>Lexisnexis</copyrholder>
		</copyright>
		<critdates>
			<created date="2007-07-10"/>
		</critdates>
		<metadata>			
			<prodinfo>
				<prodname>Lexis Advance</prodname>
				<vrmlist>
					<vrm version="1"/>
				</vrmlist>
			</prodinfo>
		</metadata>
	</prolog>
	<refbody>
		<section>
			<note type="note">This article is related to searching the Online Help System - not <ph keyref="prodnamefirst"/>. <p audience="res">For information on searching <ph keyref="prodname"/>, see <xref href="wildcards_ref.xml" scope="peer"/>.</p></note>
			<simpletable>
				<sthead>
					<stentry>Example Query</stentry>
					<stentry>Description</stentry>
				</sthead>
				<strow>
					<stentry>
						<userinput>research</userinput>
					</stentry>
					<stentry>Keyword search for documents containing the word <userinput>research</userinput>.
						<note type="note">The search feature does not support <i>stemming</i>. A search for the word <userinput>alert</userinput> will only return the whole word and not partial matches such as <userinput>alerts</userinput> or <userinput>alerting</userinput>. To obtain results such as these you must use a wildcard, as shown below.</note>
					</stentry>
				</strow>
				<strow>
					<stentry>
						<userinput>research*</userinput>
					</stentry>
					<stentry>Wildcard search for documents containing words that begin with the letters <userinput>research</userinput>. For example:
						<ul>
							<li>research<i>ed</i></li>
							<li>research<i>er</i></li>
							<li>research<i>es</i></li>
							<li>research<i>ing</i></li>
						</ul>
					</stentry>
				</strow>
				<strow>
					<stentry>
						<userinput>te?t</userinput>
					</stentry>
					<stentry>Single character wildcard search for documents containing words that match the query, but with a single character replaced. For example:
						<ul>
							<li>te<i>n</i>t</li>
							<li>te<i>s</i>t</li>
							<li>te<i>x</i>t</li>
						</ul>
					</stentry>
				</strow>
				<strow>
					<stentry>
						<userinput>smartlinks~</userinput>
					</stentry>
					<stentry>Fuzzy search for documents that contain words similar to <userinput>smartlinks</userinput> (e.g., <userinput>SmartLinx</userinput>).</stentry>
				</strow>
			</simpletable>
		</section>
	</refbody>
</reference>