<?xml version="1.0"?>
<!DOCTYPE reference PUBLIC "-//IBM//DTD DITA Composite//EN" "c:/dtd/ditabase.dtd">
<reference id="legalphrase_ref" otherprops="connectors" audience="res">
	<title>Searching for Common Legal Phrases</title>
	<prolog>
		<author>Barb Bruns</author>
		<copyright>
			<copyryear year="2009"/>
			<copyrholder>Lexisnexis</copyrholder>
		</copyright>
		<critdates>
			<created date="2015-09-10"/>
		</critdates>
		<metadata>			
			<prodinfo>
				<prodname>Lexis Advance</prodname>
				<vrmlist>
					<vrm version="1"/>
				</vrmlist>
			</prodinfo>
		</metadata>
	</prolog>
	<refbody>
		<section>
			<p><ph keyref="prodname"/> automatically interprets many common legal phrases, such as <userinput>limited liability partnership</userinput> or <userinput>summary judgment</userinput>, as phrases, rather than as individual search terms.  However, if you want to be sure a phrase you are searching for is interpreted as a phrase, enclose it in quotation marks.</p>
			<p>
				<userinput>&quot;right to work&quot;</userinput></p>
				<p>You can enclose any text in quotation marks to find documents containing that exact text. Quotation marks can also be used to ensure you find documents containing the singular and the plural of a search term.</p>
				<p>&nbsp;</p>
<simpletable>
				<sthead>
					<stentry>This Search</stentry>
					<stentry>Finds This</stentry>
				</sthead>
				<strow>
					<stentry>&quot;scrivener’s error&quot;</stentry>
					<stentry>Documents containing the exact text <userinput>scrivener's error</userinput></stentry>
				</strow>

<strow>
					<stentry>dismissal w/15 &quot;employee&quot; or &quot;employees&quot;</stentry>
					<stentry>Documents containing the term <userinput>dismissal</userinput> within 15 words of either the text <userinput>employee</userinput> or <userinput>employees</userinput></stentry>
				</strow>
				</simpletable>
		</section>
	</refbody>
</reference>
				