<?xml version="1.0"?>
<!DOCTYPE reference PUBLIC "-//IBM//DTD DITA Composite//EN" "c:/dtd/ditabase.dtd">
<reference id="listofspecialchars_ref" otherprops="connectors">
	<title>Searching for Symbols or Other Special Characters</title>
	<prolog>
		<author>Christina Stommel</author>
		<copyright>
			<copyryear year="2013"/>
			<copyrholder>Lexisnexis</copyrholder>
		</copyright>
		<critdates>
			<created date="2013-09-13"/>
		</critdates>
		<metadata>		
			<prodinfo>
				<prodname>Lexis Advance</prodname>
				<vrmlist>
					<vrm version="1"/>
				</vrmlist>
			</prodinfo>
		</metadata>
	</prolog>
	<refbody>
		<section>		
		<p>The <ph keyref="prodnamefirst"/> service does not search for the following special characters or symbols:</p>
		<ul>
		<li># (number / pound)</li>
		<li>$ (dollar sign) </li>
		<li>% (percent) </li>
		<li>§ (section) </li>
		<li>= (equals) </li>
		<li>@ (at / section) </li>
		<li>: (colon)
		<note type="note">The service reads the <userinput>:</userinput> as a command. So <userinput>40a:20-12</userinput> finds zero results, but <userinput>"40a:20-12"</userinput> retrieves cases. When you use quotation marks around the colon, the service stops reading the <userinput>:</userinput> as a command.</note></li> 
		<li>- (hyphen)</li> 
		<li>"  " (quotation marks) </li>
		<li>/ (slash) </li>
		<li>. (period)</li>
		<li>&amp; (ampersand)</li>
		</ul>
		<p>If the search includes any of the listed symbols or characters, the service ignores them. The Lexis Advance service processes the search with the other terms you entered.</p>
		<note type="note">You can use quotation marks to designate phrases when you enter your terms, but the service does not search the quotation marks. For example, if you enter <userinput>"tortious interference"</userinput>, the service finds the phrase, but does not locate only those documents where it finds the phrase in quotation marks. </note>		
		</section>
	</refbody>
</reference>