<?xml version="1.0"?>
<!DOCTYPE reference PUBLIC "-//IBM//DTD DITA Composite//EN" "c:/dtd/ditabase.dtd">
<reference id="listofrsrchact_ref" otherprops="clientid">
	<title>List of Research Activities that Trigger Access Charges</title>
	<prolog>
		<author>Robin Stubbart</author>
		<copyright>
			<copyryear year="2012"/>
			<copyrholder>Lexisnexis</copyrholder>
		</copyright>
		<critdates>
			<created date="2012-01-03"/>
		</critdates>
		<metadata>		
			<prodinfo>
				<prodname>Lexis Advance</prodname>
				<vrmlist>
					<vrm version="1"/>
				</vrmlist>
			</prodinfo>
		</metadata>
	</prolog>
	<refbody>
		<section>
			<note type="important">Customers who do not have a qualifying flat rate subscription will be charged a monthly <ph keyref="prodnamefirst"/> Access Charge that is calculated based on the total number of non-Public Records searches times $60. The access charge is waived for all other customers.</note>
			<p/>
			<p>These items are triggers for the <ph keyref="prodname"/> Access charge:</p>
			<simpletable>
				<sthead>
					<stentry>Context</stentry>
					<stentry>Description of User Action</stentry>
					<stentry>User Actions</stentry>
				</sthead>
				<strow>
					<stentry>Search Form</stentry>
					<stentry>Submit a search in the search box</stentry>
					<stentry>
						<p>Submit Legal Search</p>
						<p>Single Citation Search (Search for &lt;citation&gt; references):</p>
						<ul>
							<li>Search results for &lt;citation&gt;</li>
						</ul>
						<p>Multiple Citation Search (Search for &lt;citation&gt; references):</p>
						<ul>
							<li>Search results for &lt;citation&gt;</li>
						</ul>
					</stentry>
				</strow>
				<strow>
					<stentry>History List</stentry>
					<stentry>
						<p>Rerun a prior Search from History List</p>
						<p>Rerun a prior Find Similar Search from History List</p>
						<p>Rerun a prior Compare Search from History List</p>
						<p>Rerun a prior Search Selected Text Search from History List</p>
					</stentry>
					<stentry>
						<p>Submit Legal Search</p>
						<p>Submit a Find Similar search</p>
						<p>Submit a Compare Search</p>
						<p>Submit Search Selected Text Search</p>
						<p>Retrieve all documents on a Topic</p>
					</stentry>
				</strow>
				<strow>
					<stentry>Folders</stentry>
					<stentry>
						<p>Rerun a prior Search saved in Folders</p>
						<p>Rerun a prior Find Similar Search saved in Folders</p>
						<p>Rerun a prior Compare Search saved in Folders</p>
						<p>Rerun a prior Search Selected Text Search saved in Folders</p>
						<p>Rerun a prior Topic Search saved in Folders</p>
					</stentry>
					<stentry>
						<p>Submit Legal Search</p>
						<p>Submit a Find Similar search</p>
						<p>Submit a Compare Search</p>
						<p>Submit Search Selected Text Search</p>
						<p>Retrieve all documents on a Topic</p>
					</stentry>
				</strow>
				<strow>
					<stentry audience="res;lps;vsa;med">Research Map</stentry>
					<stentry>
						<p>Rerun a prior Search from Research Map</p>
						<p>Submit a Find Similar Documents search from Research Map</p>
						<p>Submit a Compare Search Results search from Research Map</p>
						<p>Rerun a prior Search Selected Text Search from Research Map</p>
						<p>Rerun a prior Topic Search from Research Map</p>
					</stentry>
					<stentry>
						<p>Submit Legal Search</p>
						<p>Submit a Find Similar search</p>
						<p>Submit a Compare Search</p>
						<p>Submit Search Selected Text Search</p>
						<p>Retrieve all documents on a Topic</p>
					</stentry>
				</strow>
				<strow>
					<stentry>Document</stentry>
					<stentry>
						<p>Select text from document, then submit a Search Selected Text search</p>
						<p>Select an entity name in a document, then submit an Entity Name search</p>
					</stentry>
					<stentry>
						<p>Submit Search Selected Text Search</p>
						<p>Search on an entity (e.g., Company) found in a document</p>
					</stentry>
				</strow>
				<strow>
					<stentry>Results List</stentry>
					<stentry>
						<p>User select search results available using Citation Search</p>
						<p>Rerun search using alternative search logic (Boolean or natural language)</p>
					</stentry>
					<stentry>
						<p>View Search Results for Citation Search</p>
						<p>Rerun search</p>
					</stentry>
				</strow>
				<strow>
					<stentry>Index Canvas</stentry>
					<stentry>User selects to retrieve all documents on a selected topic</stentry>
					<stentry>Retrieve all documents on a Topic</stentry>
				</strow>
				<strow>
					<stentry>Topic Summary Report</stentry>
					<stentry>User selects to retrieve all documents on a selected topic</stentry>
					<stentry>Retrieve all documents on a Topic</stentry>
				</strow>
				<strow>
					<stentry>Topic in Case</stentry>
					<stentry>User selects to retrieve all documents on a selected topic</stentry>
					<stentry>Retrieve all documents on a Topic</stentry>
				</strow>
			</simpletable>
		</section>
	</refbody>
</reference>