<?xml version="1.0"?>
<!DOCTYPE reference PUBLIC "-//IBM//DTD DITA Composite//EN" "c:/dtd/ditabase.dtd">
<reference id="lpsexpertsources_ref" otherprops="lpssearch" audience="lps">
	<title>
		<ph keyref="lpsnamefirst"/> Sources for Expert Witness Profiles</title>
	<prolog>
		<author>Christina Stommel</author>
		<author>Paul Claggett</author>
		<copyright>
			<copyryear year="2010"/>
			<copyrholder>Lexisnexis</copyrholder>
		</copyright>
		<critdates>
			<created date="2010-01-18"/>
		</critdates>
		<metadata>
			<prodinfo>
				<prodname>Lexis Advance</prodname>
				<vrmlist>
					<vrm version="1"/>
				</vrmlist>
			</prodinfo>
		</metadata>
	</prolog>
	<refbody>
		<section>
			<p>The following tables list the different content types <ph keyref="lpsnamefirst"/> searches to find the expert witness profiles associated with your search keywords. Additionally, information about how the search is submitted is listed.</p>
		</section>
		<section id="snapshot">
			<title>Snapshot</title>
			<simpletable relcolwidth="50* 50*">
				<sthead>
					<stentry>Source</stentry>
					<stentry>Search Query Used to Retrieve Results</stentry>
				</sthead>
				<strow>
					<stentry>Expert Witness Resumes and CVs</stentry>
					<stentry>
						<i>Results are editorially linked to the expert</i>
					</stentry>
				</strow>
			</simpletable>
		</section>
		<section id="caseinvolvement">
			<title>Testimonial History</title>
			<simpletable relcolwidth="50* 50*">
				<sthead>
					<stentry>Source</stentry>
					<stentry>Search Query Used to Retrieve Results<xref href="#lpsexpertsources_ref/legend" scope="local">*</xref></stentry>
				</sthead>
				<strow>
					<stentry>Jury Verdicts and Settlements</stentry>
					<stentry>
						<i>Results are editorially linked to the expert</i>
					</stentry>
				</strow>
				<strow>
					<stentry>Expert Witness Analysis</stentry>
					<stentry>
						<i>Results are editorially linked to the expert</i>
					</stentry>
				</strow>
				<strow>
					<stentry>Cases</stentry>
					<stentry><userinput>( {first} w/2 {last} ) and ({last} w/20 {"expert*" or "consultant" or "consulting" or "witness*" or "test*" or "cross*" or "discuss" or "discussed" or "declar*" or "rebut" or "rebutted" or "rebuttal" or "opinion" or "deposition" or "deposed" or "deo" or "affidavit" or "aff" or "report*" or "eviden*" or "fee" or "investigat*" or "doctor" or "dr" or "drs" or "prof" or "professor" or "phd" or "ph.d" or "m.d." or "md" or "physician" or "university" or "school" or "college" } )</userinput></stentry>
				</strow>
				<strow>
					<stentry>Briefs, Pleadings, and Motions</stentry>
					<stentry>
						<i>Results are editorially linked to the expert</i>
					</stentry>
				</strow>
			</simpletable>
		</section>
		<section id="publications">
			<title>Publications</title>
			<simpletable relcolwidth="50* 50*">
				<sthead>
					<stentry>Source</stentry>
					<stentry>Search Query Used to Retrieve Results<xref href="#lpsexpertsources_ref/legend" scope="local">*</xref></stentry>
				</sthead>
				<strow>
					<stentry>Administrative Materials</stentry>
					<stentry>
						<i>Results are editorially linked to the expert</i>
					</stentry>
				</strow>
				<strow>
					<stentry>Law Reviews and Journals</stentry>
					<stentry><userinput>( {first} w/2 {last} ) and (     (  {last} w/20 { “expert*”, “dr”, “drs”} ) or (  {last} w/20 {experts specialty} )</userinput></stentry>
				</strow>
				<strow>
					<stentry>Expert Witness Directories</stentry>
					<stentry><userinput>( {first} w/2 {last} )</userinput></stentry>
				</strow>
				<strow>
					<stentry>Noteworthy Person Directories</stentry>
					<stentry><userinput>( {first} w/2 {last} )</userinput></stentry>
				</strow>
				<strow>
					<stentry>Scientist Directories</stentry>
					<stentry><userinput>( {first} w/2 {last} )</userinput></stentry>
				</strow>
			</simpletable>
		</section>
		<section id="news">
			<title>News</title>
			<simpletable relcolwidth="50* 50*">
				<sthead>
					<stentry>Source</stentry>
					<stentry>Search Query Used to Retrieve Results<xref href="#lpsexpertsources_ref/legend" scope="local">*</xref></stentry>
				</sthead>
				<strow>
					<stentry>News</stentry>
					<stentry><userinput>first w/2 last w/20 expert! or dr or drs or specialties</userinput></stentry>
				</strow>
				<strow>
					<stentry>Legal News</stentry>
					<stentry><userinput>first w/2 last w/20 expert! or consultant or consulting or witness! or test! or cross! or discuss or discussed or declar! or rebut or rebutted or rebuttal or opinion or deposition or deposed or dep or affidavit or aff or report! or eviden! or fee or investigat! or doctor or dr or drs or prof or professor or phd or ph.d or m.d. or md or physician or university or school or college</userinput></stentry>
				</strow>
			</simpletable>
		</section>
		<section id="web">
			<title>Web</title>
			<simpletable relcolwidth="50* 50*">
				<sthead>
					<stentry>Source</stentry>
					<stentry>Search Query Used to Retrieve Results<xref href="#lpsexpertsources_ref/legend" scope="local">*</xref></stentry>
				</sthead>
				<strow>
					<stentry>
						<p>Content from thousands of Web sites and millions of Web pages, with more being added each day:</p>
						<ul>
							<li>Governmental agency information (federal, state, local)</li>
							<li>Informal commentary on legal issues (e.g., blogs specifically for lawyers and legal professionals)</li>
							<li>General Web information about legal topics</li>
						</ul>
					</stentry>
					<stentry><userinput>first w/2 last</userinput></stentry>
				</strow>
			</simpletable>
			<note type="note" conref="lpsaboutexpertreports_cpt.xml#lpsaboutexpertreports_cpt/Results are editorially linked to the expert"/>
		</section>
		<section id="legend">
			<p>* Legend:</p>
			<ul>
				<li><userinput>first</userinput> = A given expert's first name and alias (connected using <userinput>or</userinput>)</li>
				<li><userinput>last</userinput> = A given expert's last name</li>
				<li><userinput>specialties</userinput> = a list of the expert's specialties (connected using <userinput>or</userinput>)</li>
			</ul>
		</section>
	</refbody>
</reference>