<?xml version="1.0"?>
<!DOCTYPE reference PUBLIC "-//IBM//DTD DITA Composite//EN" "c:/dtd/ditabase.dtd">
<reference id="lpsjudgesources_ref" otherprops="lpssearch" audience="lps">
	<title>
		<ph keyref="lpsnamefirst"/> Sources for Judge Profiles</title>
	<prolog>
		<author>Christina Stommel</author>
		<copyright>
			<copyryear year="2010"/>
			<copyrholder>Lexisnexis</copyrholder>
		</copyright>
		<critdates>
			<created date="2010-01-18"/>
		</critdates>
		<metadata>
			<prodinfo>
				<prodname>Lexis Advance</prodname>
				<vrmlist>
					<vrm version="1"/>
				</vrmlist>
			</prodinfo>
		</metadata>
	</prolog>
	<refbody>
		<section>
			<p>The following tables list the different content types <ph keyref="lpsnamefirst"/> searches to find the judge profiles associated with your search keywords. Additionally, information about how the search is submitted is listed.</p>
			<note type="note">To build and maintain its extensive list of judges (shown below), <ph keyref="company"/> first pulls data from both national and state judge listings. However, if you do not find the judge for which you are searching, please contact Customer Support at 1-800-543-6862.</note>
		</section>
		<section id="rulinghistory">
			<title>Ruling Trends</title>
			<simpletable relcolwidth="50* 50*">
				<sthead>
					<stentry>Source</stentry>
					<stentry>Search Query Used to Retrieve Results<xref href="#lpsjudgesources_ref/legend" scope="local">*</xref></stentry>
				</sthead>
				<strow>
					<stentry>Dockets</stentry>
					<stentry>
						<i>LexisNexis proprietary linking technology</i>
					</stentry>
				</strow>
				<strow>
					<stentry>Jury Verdicts &amp; Settlements</stentry>
					<stentry>
						<i>LexisNexis proprietary linking technology</i>
					</stentry>
				</strow>
				<strow>
					<stentry>Cases</stentry>
					<stentry>
						<i>LexisNexis proprietary linking technology</i>
					</stentry>
				</strow>
				<strow>
					<stentry>Expert Witness Analysis</stentry>
					<stentry>
						<i>LexisNexis proprietary linking technology</i>
					</stentry>
				</strow>
				<strow>
					<stentry>Briefs, Pleadings, and Motions</stentry>
					<stentry>
						<i>LexisNexis proprietary linking technology</i>
					</stentry>
				</strow>
				<strow>
					<stentry>Jury Instruction Filings</stentry>
					<stentry>
						<i>LexisNexis proprietary linking technology</i>
					</stentry>
				</strow>
				<strow>
					<stentry>Administrative Materials</stentry>
					<stentry>
						<i>LexisNexis proprietary linking technology</i>
					</stentry>
				</strow>
			</simpletable>
		</section>
		<section id="publications">
			<title>Publications</title>
			<simpletable relcolwidth="50* 50*">
				<sthead>
					<stentry>Source</stentry>
					<stentry>Search Query Used to Retrieve Results<xref href="#lpsjudgesources_ref/legend" scope="local">*</xref></stentry>
				</sthead>
				<strow>
					<stentry>Law Reviews and Journals</stentry>
					<stentry>
						<i>LexisNexis proprietary linking technology</i>
					</stentry>
				</strow>
				<strow>
					<stentry>Judge Directories</stentry>
					<stentry>
						<i>LexisNexis proprietary linking technology</i>
					</stentry>
				</strow>
				<strow>
					<stentry>Administrative Materials</stentry>
					<stentry>
						<i>LexisNexis proprietary linking technology</i>
					</stentry>
				</strow>
			</simpletable>
		</section>
		<section id="news">
			<title>News</title>
			<simpletable relcolwidth="50* 50*">
				<sthead>
					<stentry>Source</stentry>
					<stentry>Search Query Used to Retrieve Results<xref href="#lpsjudgesources_ref/legend" scope="local">*</xref></stentry>
				</sthead>
				<strow>
					<stentry>News</stentry>
					<stentry><userinput>(first w/3 last) w/5 Judge or judges or magistrate or ALJ or A.L.J. or panel or justice or honorable or chancellor or JJ or CJ or C.J. or hon.</userinput></stentry>
				</strow>
				<strow>
					<stentry>Legal News</stentry>
					<stentry>	<i>LexisNexis proprietary linking technology</i></stentry>
				</strow>
			</simpletable>
		</section>
		<section id="web">
			<title>Web</title>
			<simpletable relcolwidth="50* 50*">
				<sthead>
					<stentry>Source</stentry>
					<stentry>Search Query Used to Retrieve Results<xref href="#lpsjudgesources_ref/legend" scope="local">*</xref></stentry>
				</sthead>
				<strow>
					<stentry>
						<p>Content from thousands of Web sites and millions of Web pages, with more being added each day:</p>
						<ul>
							<li>Governmental agency information (federal, state, local)</li>
							<li>Informal commentary on legal issues (e.g., blogs specifically for lawyers and legal professionals)</li>
							<li>General Web information about legal topics</li>
						</ul>
					</stentry>
					<stentry><userinput>first w/2 last</userinput></stentry>
				</strow>
			</simpletable>
		</section>
		<section id="legend">
			<p>* Legend:</p>
			<ul>
				<li><userinput>first</userinput> = A given judge's first name and alias (connected using <userinput>or</userinput>)</li>
				<li><userinput>last</userinput> = A given judge's last name</li>
			</ul>
		</section>
	</refbody>
</reference>