<?xml version="1.0"?>
<!DOCTYPE reference PUBLIC "-//IBM//DTD DITA Composite//EN" "c:/dtd/ditabase.dtd">
<reference id="lpsvsgraphs_ref" audience="lps" otherprops="lpsprofileresults">
	<title>Understanding the Graphs and Charts Used in <ph keyref="lpsnamefirst"/></title>
	<prolog>
		<author>Christina Stommel</author>
		<!--reviewed, but requires additional review once the product is stable-->
		<copyright>
			<copyryear year="2010"/>
			<copyrholder>Lexisnexis</copyrholder>
		</copyright>
		<critdates>
			<created date="2010-01-18"/>
		</critdates>
		<metadata>	
			<prodinfo>
				<prodname>Lexis Advance</prodname>
				<vrmlist>
					<vrm version="1"/>
				</vrmlist>
			</prodinfo>
		</metadata>
	</prolog>
	<refbody>
		<section>
			<p>When viewing the <uicontrol>Case Involvement</uicontrol>, <uicontrol>Ruling History</uicontrol>, and <uicontrol>Practice History</uicontrol> pages for the different types of <ph keyref="lpsnamefirst"/> searches, you can view graphs that visually depict that person's involvement in various cases. For example, if you are viewing an expert witness profile, you can view a graph that shows, by party, who retained the expert. Or, if you are viewing an attorney's profile, you can view a graph that explores his or her cases by how long the case lasted.</p>		
			<p>Both judge and attorney profiles include graphs that cover both dockets as well as verdicts and settlements. Expert witness profiles include graphs for verdicts and settlements.</p>			
				<p>Finally, while viewing the <uicontrol>Snapshot</uicontrol> page, you can view specific documents relating to the data you are viewing in the charts and graphs. These documents appear in the results list below the graphs section. </p>		
			<!--note type="note">To generate the charts and graphs, <ph keyref="company"/> attempts to map the data it finds in the docket sheets to chartable data. Unfortunately, the format and language between docket sheets is not standardized between jurisdictions. As such, it sometimes proves too difficult to extract the data and display it in graph format. Additionally, sometimes the data needed to create the chart simply doesn't exist in the docket. To view information from specific dockets, select the link for the document in the results list.</note-->
			<note type="note">See <xref href="lpsworkwithgraphs_hdi.xml" scope="peer"/> for instructions on viewing detailed information about the graphs.</note>
		</section>
	</refbody>
</reference>