<?xml version="1.0"?>
<!DOCTYPE reference PUBLIC "-//IBM//DTD DITA Composite//EN" "c:/dtd/ditabase.dtd">
<reference id="near_ref" otherprops="connectors">
	<title><userinput>near/n</userinput> Connector</title>
	<prolog>
		<author>Barb Bruns</author>
		<copyright>
			<copyryear year="2009"/>
			<copyrholder>Lexisnexis</copyrholder>
		</copyright>
		<critdates>
			<created date="2009-02-04"/>
		</critdates>
		<metadata>			
			<prodinfo>
				<prodname>Lexis Advance</prodname>
				<vrmlist>
					<vrm version="1"/>
				</vrmlist>
			</prodinfo>
		</metadata>
	</prolog>
	<refbody>
		<section>
			<p>Use the <userinput>near/n</userinput> connector to find documents with search words that appear within "n" words of each other. The value of "n" can be any number. Use near/n to join words and phrases that express parts of a single idea or to join closely-associated ideas.</p>
			<p>Words or phrases linked by <userinput>near/n</userinput>  must be in the same section (a specific part of a document). Either word may appear first.</p>
			<p>For example, the following search finds documents in which both words appear in the same section, within three or fewer words of one another.</p>
			<p>
				<userinput>richard near/3 branson</userinput>
			</p>
			<p>It retrieves documents containing the words Richard Charles Nicholas Branson, Richard Branson and Branson, Richard.</p>
		</section>
		<section>
			<title>Specifying the value of "n"</title>
			<p>When choosing the value of <i>n</i>, these guidelines may prove useful:</p>
			<simpletable>
				<sthead>
					<stentry>Choose this...</stentry>
					<stentry>For search words to appear here...</stentry>
				</sthead>
				<strow>
					<stentry>near/3 - near/5</stentry>
					<stentry>in approximately the same phrase</stentry>
				</strow>
				<strow>
					<stentry>near/25</stentry>
					<stentry>in approximately the same sentence</stentry>
				</strow>
				<strow>
					<stentry>near/75</stentry>
					<stentry>in approximately the same paragraph</stentry>
				</strow>
			</simpletable>
			<note type="tip">Although you may choose a number for n, you may wish to choose a number less than 100. Choosing a number greater than 100 is likely to retrieve documents in which your search words are used in unrelated contexts.</note>
		</section>
		<section>
			<title>Using Multiple <userinput>near</userinput> Connectors</title>
			<p>Multiple <userinput>near/n</userinput> connectors are processed from the smallest to the largest.</p>
		</section>
	</refbody>
</reference>