<?xml version="1.0"?>
<!DOCTYPE reference PUBLIC "-//IBM//DTD DITA Composite//EN" "c:/dtd/ditabase.dtd">
<reference id="nlnoisewords_ref" otherprops="connectors">
	<title>Words Ignored During a Natural Language Search</title>
	<prolog>
		<author>Christina Stommel</author>
		<copyright>
			<copyryear year="2013"/>
			<copyrholder>Lexisnexis</copyrholder>
		</copyright>
		<critdates>
			<created date="2013-09-13"/>
		</critdates>
		<metadata>		
			<prodinfo>
				<prodname>Lexis Advance</prodname>
				<vrmlist>
					<vrm version="1"/>
				</vrmlist>
			</prodinfo>
		</metadata>
	</prolog>
	<refbody>	
		<section>
		<p>When you search using Natural Language or convert a Terms and Connectors search to run as Natural Language, the <ph keyref="prodnamefirst"/> service considers the following terms "noise words" and does not search them:</p>
			<table>
			<tgroup cols="3">
			<colspec colname="COLSPEC0" colwidth="33*"/>
			<colspec colname="COLSPEC1" colwidth="33*"/>
			<colspec colname="COLSPEC2" colwidth="33*"/>

			<tbody>
						
			<row>		
		<entry>all	</entry>
		<entry>also	</entry>
		<entry>am	</entry>
</row>
<row>
		<entry>an	</entry>

		<entry>any	</entry>

		<entry>are	</entry>
</row>
<row>
		<entry>as	</entry>
		<entry>at	</entry>

		<entry>be</entry>
</row>
<row>
		<entry>because</entry>	
		<entry>been	</entry>

		<entry>could	</entry>
</row>
<row>

		<entry>did	</entry>
		<entry>do	</entry>

		<entry>does	</entry>

</row>
<row>
		<entry>e.g.	</entry>
		<entry>ever	</entry>

		<entry>from	</entry>
</row>
<row>

		<entry>had</entry>
		<entry>hardly</entry>	

		<entry>has	</entry>
</row>
<row>

		<entry>have</entry>	
		<entry>having</entry>	

		<entry>he	</entry>
</row>
<row>

		<entry>hence</entry>	
		<entry>her	</entry>

		<entry>here</entry>
	</row>
<row>	
			
		<entry>hereby</entry>	
		<entry>herein</entry>

		<entry>hereof	</entry>
</row>
<row>

		<entry>hereon</entry>	
		<entry>hereto</entry>	

		<entry>herewith</entry>
</row>
<row>
			
		<entry>him	</entry>
		<entry>his</entry>	

		<entry>however	</entry>
</row>
<row>

		<entry>i.e	</entry>
		<entry>if	</entry>

		<entry>into</entry>

</row>
<row>
		<entry>is	</entry>
		<entry>it	</entry>

		<entry>its</entry>
		
</row>
<row>	
		<entry>me	</entry>
		<entry>no</entry>	

		<entry>of</entry>	

</row>
<row>
		<entry>on</entry>	
		<entry>onto	</entry>

		
		<entry>our</entry>

</row>
<row>
		<entry>really	</entry>

		<entry>said</entry>	
		<entry>she</entry>
</row>
<row>
			
		<entry>should</entry>	

		<entry>so	</entry>
		<entry>some	</entry>
</row>
<row>

		<entry>such	</entry>

		<entry>than	</entry>
		<entry>that	</entry>

</row>
<row>
		<entry>the</entry>

		<entry>their	</entry>
		<entry>them</entry>
</row>
<row>	
			
		<entry>then	</entry>

		<entry>there	</entry>
		<entry>thereby</entry>	
</row>
<row>

		<entry>therefore	</entry>

		<entry>therefrom</entry>	
		<entry>therein	</entry>
</row>
<row>

		<entry>thereof	</entry>

		<entry>thereon</entry>
		<entry>thereto</entry>
</row>
<row>
			
		<entry>therewith</entry>	

		<entry>these</entry>	
		<entry>they</entry>	
</row>
<row>

		<entry>this</entry>	

		<entry>those	</entry>
		<entry>thus	</entry>

</row>
<row>
		<entry>to	</entry>

		<entry>too	</entry>
		<entry>unto</entry>

</row>
<row>
		<entry>us	</entry>

		<entry>very</entry>	
		<entry>viz	</entry>

</row>
<row>
		<entry>was</entry>	

		<entry>we</entry>	
		<entry>were</entry>
		
</row>
<row>
		<entry>what</entry>	

		<entry>when	</entry>
		<entry>where</entry>
</row>
<row>	
			
		<entry>wherever</entry>

		<entry>wherein</entry>	
		<entry>whether</entry>
	</row>
<row>	
			
		<entry>which</entry>	

		<entry>who</entry>	
		<entry>whom</entry></row>
<row>	
			
		<entry>whose	</entry>

		<entry>why	</entry>
		<entry>with</entry>
</row>
<row>

		<entry>would	</entry>

		<entry>you</entry>
		
		<entry>&nbsp;</entry>
		</row>
		</tbody>
		</tgroup>
		</table>
		</section>


		
	</refbody>
</reference>