<?xml version="1.0"?>
<!DOCTYPE reference PUBLIC "-//IBM//DTD DITA Composite//EN" "c:/dtd/ditabase.dtd">
<reference id="not_ref" otherprops="connectors">
	<title><userinput>and not</userinput> Connector</title>
	<prolog>
		<author>Barb Bruns</author>
		<copyright>
			<copyryear year="2007"/>
			<copyrholder>Lexisnexis</copyrholder>
		</copyright>
		<critdates>
			<created date="2010-04-29"/>
		</critdates>
		<metadata>			
			<prodinfo>
				<prodname>Lexis Advance</prodname>
				<vrmlist>
					<vrm version="1"/>
				</vrmlist>
			</prodinfo>
		</metadata>
	</prolog>
	<refbody>
		<section>
			<p>Use the <userinput>and not</userinput> connector to find documents in which a search word or phrase is to be excluded.</p>
			<p>For example, the following search finds documents where the word "capital" occurs but the word "gains" does not.</p>
			<p>
				<userinput>capital and not gains</userinput>
			</p>
			<p>Because the exclusion covers the entire document, in this example, a document would be excluded if the word "gains" appears anywhere in the document.</p>
			<p>You can exclude documents containing multiple words this way:</p>
			<p>
				<userinput>capital and not gains and not improvements</userinput>
			</p>
			<p>This example finds documents where the word "capital" occurs but the words "gains" and "improvements" do not.</p>
			</section>
<section>

	<note>
				You can use these connectors in the same way as the <userinput>and not</userinput> connector.
				<ul>
				<li>andnot</li>
				<li>but not</li>
				<li>butnot</li>
				</ul>
				  All these connectors operate the same way.
			</note>
		</section>
		</refbody>
	
</reference>