<?xml version="1.0"?>
<!DOCTYPE reference PUBLIC "-//IBM//DTD DITA Composite//EN" "c:/dtd/ditabase.dtd">
<reference id="notproximity_ref" otherprops="connectors">
	<title>Using <userinput>not</userinput> with proximity connectors</title>
	<prolog>
		<author>Barb Bruns</author>
		<copyright>
			<copyryear year="2009"/>
			<copyrholder>Lexisnexis</copyrholder>
		</copyright>
		<critdates>
			<created date="2016-08-08"/>
		</critdates>
		<metadata>			
			<prodinfo>
				<prodname>Lexis Advance</prodname>
				<vrmlist>
					<vrm version="1"/>
				</vrmlist>
			</prodinfo>
		</metadata>
	</prolog>
	<refbody>
		<section>
			<p>You can use <userinput>not</userinput> with proximity connectors. Here are the proximity connectors you can use with <userinput>not</userinput> and examples of how they are used.</p>

<simpletable>
			<sthead>
				<stentry>Proximity Connector</stentry>
				<stentry>Example</stentry>
				<stentry>Finds</stentry>
				
			</sthead>
				<strow>
				<stentry>w/n</stentry>
				<stentry><userinput>trust NOT w/5 charitable</userinput></stentry>
				<stentry>Documents where the word "trust" occurs but not within 5 words of "charitable"</stentry>
				</strow>
				<strow>
				<stentry>w/sent</stentry>
				<stentry><userinput>trust NOT w/sent charitable</userinput></stentry>
				<stentry>Documents where the word "trust" occurs but not within 25 words of "charitable"</stentry>
				</strow>
				<strow>
				<stentry>w/para</stentry>
				<stentry><userinput>trust NOT w/para charitable</userinput></stentry>
				<stentry>Documents where the word "trust" occurs but not within 75 words of "charitable"</stentry>
				</strow>
				<strow>
				<stentry>w/seg</stentry>
				<stentry><userinput>trust NOT w/seg charitable</userinput></stentry>
				<stentry>Documents where the word "trust" occurs but not within 100 words of "charitable"</stentry>
				</strow>
				<strow>
				<stentry>pre/n</stentry>
				<stentry><userinput>trust NOT pre/3 charitable</userinput></stentry>
				<stentry>Documents where the word "trust" and "charitable" appear in the same document, but not when "trust" precedes  "charitable" by 3 words or fewer.</stentry>
				</strow>
</simpletable>
</section>

		
	</refbody>
</reference>