<?xml version="1.0"?>
<!DOCTYPE reference PUBLIC "-//IBM//DTD DITA Composite//EN" "c:/dtd/ditabase.dtd">
<reference id="onear_ref" otherprops="connectors">
	<title><userinput>onear/n</userinput> Connector</title>
	<prolog>
		<author>Barb Bruns</author>
		<copyright>
			<copyryear year="2007"/>
			<copyrholder>Lexisnexis</copyrholder>
		</copyright>
		<critdates>
			<created date="2010-04-29"/>
		</critdates>
		<metadata>			
			<prodinfo>
				<prodname>Lexis Advance</prodname>
				<vrmlist>
					<vrm version="1"/>
				</vrmlist>
			</prodinfo>
		</metadata>
	</prolog>
	<refbody>
		<section>
			<p>Use the <userinput>onear/n</userinput> connector to find documents in which the first word precedes the second by not more than "n" words.</p>
			<p>For example, the following search finds documents where the word "overtime" occurs within 3 words of "compensation".</p>
			<p>
				<userinput>overtime onear/3 compensation</userinput>
			</p>
			<p>onear/n is especially useful in situations where a different word order significantly alters meaning. For example, "summary judgment" is significantly different from "judgment summary."</p>
			<note>
				You can use <userinput>pre/n</userinput> or <userinput>+n</userinput> connector in the same way as the <userinput>onear/n</userinput> connector.  All 3 connectors operate the same way.
			</note>
		</section>	
	</refbody>
</reference>