<?xml version="1.0"?>
<!DOCTYPE reference PUBLIC "-//IBM//DTD DITA Composite//EN" "c:/dtd/ditabase.dtd">
<reference id="or_ref" otherprops="connectors">
	<title><userinput>or</userinput> Connector</title>
	<prolog>
		<author>Barb Bruns</author>
		<copyright>
			<copyryear year="2009"/>
			<copyrholder>Lexisnexis</copyrholder>
		</copyright>
		<critdates>
			<created date="2009-01-16"/>
		</critdates>
		<metadata>	  		
			<prodinfo>
				<prodname>Lexis Advance</prodname>
				<vrmlist>
					<vrm version="1"/>
				</vrmlist>
			</prodinfo>
		</metadata>
	</prolog>
	<refbody>
		<section>
			<p>Use the <userinput>or</userinput> connector to find documents that contain either or both of the words or phrases linked by <userinput>or</userinput>. Use the <userinput>or</userinput> connector to link search words that are synonyms, antonyms, alternative spellings, or abbreviations.</p>
			<simpletable>
				<strow>
					<stentry>Synonyms</stentry>
					<stentry>
						<userinput>ship or vessel or boat</userinput>
					</stentry>
				</strow>
				<strow>
					<stentry>Antonyms</stentry>
					<stentry>
						<userinput>reasonable or unreasonable</userinput>
					</stentry>
				</strow>
				<strow>
					<stentry>Alternatives</stentry>
					<stentry>
						<userinput>takeover or take over</userinput>
					</stentry>
				</strow>
				<strow>
					<stentry>Abbreviations</stentry>
					<stentry>
						<userinput>british broadcasting corporation or b.b.c. or bbc</userinput>
					</stentry>
				</strow>
			</simpletable>
			<p>The search looks for the words or phrases linked by the or connector, not the word "or" itself. The words or phrases linked by or can be in any part of a document.</p>
			<!--note> removed per Webstar You can use a space in place of <userinput>or</userinput> if you wish.  The two connectors operate the same way. </note-->
		</section>
	</refbody>
</reference>