<?xml version="1.0"?>
<!DOCTYPE reference PUBLIC "-//IBM//DTD DITA Composite//EN" "c:/dtd/ditabase.dtd">
<reference id="paginationinreporters_ref" otherprops="fulldocmain;fulldoctips">
	<title>Page Numbering in Reporter Documents</title>
	<prolog>
		<author>Christina Stommel</author>
		<copyright>
			<copyryear year="2013"/>
			<copyrholder>Lexisnexis</copyrholder>
		</copyright>
		<critdates>
			<created date="2013-09-13"/>
		</critdates>
		<metadata>		
			<prodinfo>
				<prodname>Lexis Advance</prodname>
				<vrmlist>
					<vrm version="1"/>
				</vrmlist>
			</prodinfo>
		</metadata>
	</prolog>
	<refbody>	
		<section>
		<p>The <ph keyref="prodnamefirst"/> service indicates where the individual page breaks appear in the reporter. Page numbers where these breaks appear are shown in brackets, for example: </p>
		<p><userinput>"...which represents [118] his net loss for the period between his discharge and the judgment below."</userinput></p>
		<p>In this example, the word "represents" is the last word on page 117, and "his" is the first word on page 118.</p>
		<note type="note">In the <i>lexis.com®</i> service, asterisks denote reporter pagination.</note>
		<p>To change the reporter you see in a case, select the link for the reporter in the <uicontrol>Reporter</uicontrol> segment near the top of the case, or select the reporter from the <uicontrol>Reporter</uicontrol> drop-down list in the top-left of the document. </p>
		</section>
		<data>reporter page number numbers pagination brackets bracket bold break</data>
	</refbody>
</reference>