<?xml version="1.0" encoding="utf-8"?>
<!DOCTYPE reference PUBLIC "-//IBM//DTD DITA Composite//EN" "c:/dtd/ditabase.dtd">
<reference id="pendinglegis_ref" otherprops="fulldocrhp" audience="res">
	<title>Pending Legislation</title>
	<prolog>
		<author>Robin Stubbart</author>
		<copyright>
			<copyryear year="2012"/>
			<copyrholder>Lexisnexis</copyrholder>
		</copyright>
		<critdates>
			<created date="2012-07-18"/>
		</critdates>
		<metadata>			
			<prodinfo>
				<prodname>Lexis Advance</prodname>
				<vrmlist>
					<vrm version="1"/>
				</vrmlist>
			</prodinfo>
		</metadata>
	</prolog>
	<refbody>
		<section>
			<p>Pending Legislation provides a list of bills from the current legislative session that propose to change the statute.</p>
			<p>&nbsp;</p>
			<p><image href="pendingleg.png" alt="Pending Legislation link location" align="inline"/></p>
			
			<p>&nbsp;</p>
			<p><image href="pendingleglink.png" alt="Pending Legislation view" align="inline"/></p>

			<p>The bills within Pending Legislation display the proposed changes to the current statute or statutes.</p> 
			<p>&nbsp;</p>
			<p><image href="pendingleg2.png" alt="Pending Legislation view" align="inline"/></p>
			<p><image href="pendingleg3.png" alt="Pending Legislation view" align="inline"/></p>

			<p>&nbsp;</p>
			<p>Pending Legislation is removed at the end of the year before the next legislative session.</p>
<p>&nbsp;</p>
		</section>
	</refbody>
</reference>