<?xml version="1.0"?>
<!DOCTYPE reference PUBLIC "-//IBM//DTD DITA Composite//EN" "c:/dtd/ditabase.dtd">
<reference id="pren_ref" otherprops="connectors">
	<title><userinput>pre/n</userinput> Connector</title>
	<prolog>
		<author>Barb Bruns</author>
		<copyright>
			<copyryear year="2007"/>
			<copyrholder>Lexisnexis</copyrholder>
		</copyright>
		<critdates>
			<created date="2010-04-29"/>
		</critdates>
		<metadata>			
			<prodinfo>
				<prodname>Lexis Advance</prodname>
				<vrmlist>
					<vrm version="1"/>
				</vrmlist>
			</prodinfo>
		</metadata>
	</prolog>
	<refbody>
		<section>
			<p>Use the <userinput>pre/n</userinput> connector to find documents in which the first word precedes the second by not more than "n" words.</p>
			<p>For example, the following search finds documents where the word "overtime" precedes "compensation" within 3 words.</p>
			<p>
				<userinput>overtime pre/3 compensation</userinput>
			</p>
			<p>pre/n is especially useful in situations where a different word order significantly alters meaning. For example, "summary judgment" is significantly different from "judgment summary."</p>
<note>You can use <userinput>+n</userinput> or <userinput>onear/n</userinput> in place of <userinput>pre/n</userinput> if you wish. All 3 commands function the same way.</note>
			</section>
	</refbody>
</reference>