<?xml version="1.0"?>
<!DOCTYPE reference PUBLIC "-//IBM//DTD DITA Composite//EN" "c:/dtd/ditabase.dtd">
<reference id="pres_ref" otherprops="connectors">
	<title><userinput>pre/s</userinput> Connector</title>
	<prolog>
		<author>Barb Bruns</author>
		<copyright>
			<copyryear year="2007"/>
			<copyrholder>Lexisnexis</copyrholder>
		</copyright>
		<critdates>
			<created date="2010-04-29"/>
		</critdates>
		<metadata>			
			<prodinfo>
				<prodname>Lexis Advance</prodname>
				<vrmlist>
					<vrm version="1"/>
				</vrmlist>
			</prodinfo>
		</metadata>
	</prolog>
	<refbody>
		<section>
			<p>Use the <userinput>pre/s</userinput> connector to find documents in which the first word precedes the second within approximately 25 words of each other.</p>
			<p>For example, the following search finds documents where the word "overtime" precedes the word "compensation" within approximately 25 words.</p>
			<p>
				<userinput>overtime pre/s compensation</userinput>
			</p>
			<note>You can use <userinput>+s</userinput> in place of <userinput>pre/s</userinput> if you wish. Both commands function the same way.</note>
			</section>
	</refbody>
</reference>