<?xml version="1.0"?>
<!DOCTYPE reference PUBLIC "-//IBM//DTD DITA Composite//EN" "c:/dtd/ditabase.dtd">
<reference id="question_ref" otherprops="connectors">
	<title>Using ? to Find Variations of a Word</title>
	<prolog>
		<author>Barb Bruns</author>
		<copyright>
			<copyryear year="2009"/>
			<copyrholder>Lexisnexis</copyrholder>
		</copyright>
		<critdates>
			<created date="2009-01-16"/>
		</critdates>
		<metadata>			
			<prodinfo>
				<prodname>Lexis Advance</prodname>
				<vrmlist>
					<vrm version="1"/>
				</vrmlist>
			</prodinfo>
		</metadata>
	</prolog>
	<refbody>
		<section>
			<p>Use a question mark (?) to find variations of a word by replacing characters anywhere in the word, except the first character. Use one question mark for each character you wish to replace.</p>

			<p>Examples:</p>
			<ul>
				<li><userinput>wom?n</userinput> would find woman and women</li>
				<li><userinput>p??rson</userinput> would find both the ea and the ie spelling of the name</li>
<li>Do not use ? inside quotation marks. Enclosing anything in quotation marks finds only exact matches to whatever is inside them. For example, the search <uicontrol>“cens?r”</uicontrol> would find only <uicontrol>“cens?r”</uicontrol> and would not find <uicontrol>censor</uicontrol> or <uicontrol>censer</uicontrol>.</li> 
			</ul>
		</section>
	</refbody>
</reference>