<?xml version="1.0" encoding="UTF-8"?>
<!DOCTYPE reference PUBLIC "-//IBM//DTD DITA Composite//EN" "c:/dtd/ditabase.dtd">
<reference id="recyclebinabout_ref" otherprops="folders;folderecyclerestoretips">
	<title>Working with the Recycle Bin</title>
	<prolog>
		<author>Christina Stommel	</author>
		<copyright>
			<copyryear year="2013"/>
			<copyrholder>LexisNexis</copyrholder>
		</copyright>
		<critdates>
			<created date="2015-08-30"/>
		</critdates>
		<metadata>			
			<prodinfo>
				<prodname>Lexis Advance</prodname>
				<vrmlist>
					<vrm version="1"/>
				</vrmlist>
			</prodinfo>
		</metadata>
	</prolog>
	<refbody>
		<section>
		<p>Once you delete items you've saved to your work folders, those items are moved to the Recycle Bin, where they will remain for 30 days. As you view the Recycle Bin, these options are available:</p>
		</section>
		<properties>
		<prophead>
		<propvaluehd>Option</propvaluehd>
		<propdeschd>What It Does</propdeschd>
		</prophead>
		<property>
		<propvalue>Actions</propvalue>
		<propdesc>Choose one of the following options from this drop-down list:
		<dl>
		<dlentry>
		<dt>Empty Recyle Bin</dt>
		<dd>Choose this option to permanently delete all items in the Recycle Bin. Once an item is deleted from the Recycle Bin, it cannot be recovered. If you'd rather work with items individually, select them in the list below and choose <uicontrol>Delete</uicontrol>. </dd>
		</dlentry>
		<dlentry>
		<dt>Link to this page</dt>
		<dd>Select this option to create a permanent link to the Recycle Bin. When a user uses this link, it will simply open the Recyle Bin and show its current contents - not its contents at the time the link was created. See <xref href="linkcreate_hdi.xml" scope="peer"/> for details.</dd>
		</dlentry>
		</dl>
		</propdesc>
		</property>
		<property>
		<propvalue>Restore</propvalue>
		<propdesc>Select the items you'd like to restore to your work folders and  choose this option. You will be prompted to specify which folder you want to restore to.</propdesc>
		</property>
		<property>
		<propvalue>Delete</propvalue>
		<propdesc>Select the items you want to permanently deleted and choose this option. </propdesc>
		</property>
		<property>
		<propvalue>Sort by</propvalue>
		<propdesc>Choose an option from this drop-down list to change the order items appear in the Recycle Bin.</propdesc>
		</property>
		<property>
		<propvalue>Item details</propvalue>
		<propdesc>Review information about each item listed in the Recycle Bin:
		<dl>
		<dlentry>
		<dt>Type</dt>
		<dd>Shows what kind of item you've deleted, i.e., document, alert, and so forth.</dd>
		</dlentry>
		<dlentry>
		<dt>Client</dt>
		<dd>Shows the client name, if any, associated with the item you've deleted.</dd>
		</dlentry>
		<dlentry>
		<dt>Days left in Recycle Bin</dt>
		<dd>Indicates how many days the item has left before it will be permanently deleted from the Recycle Bin. The maximum amount of time an item will be stored is 30 days. </dd>
		</dlentry></dl>		
		</propdesc>
		</property>		
		</properties>

		</refbody>

</reference>