<?xml version="1.0"?>
<!DOCTYPE reference PUBLIC "-//IBM//DTD DITA Composite//EN" "c:/dtd/ditabase.dtd">
<reference id="shephistory_ref" audience="res" otherprops="shep">
	<title><i>Shepard's</i>® Appellate History</title>
	<prolog>
		<author>Robin Stubbart</author>
		<copyright>
			<copyryear year="2010"/>
			<copyrholder>Lexisnexis</copyrholder>
		</copyright>
		<critdates>
			<created date="2010-06-24"/>
		</critdates>
		<metadata>			
			<prodinfo>
				<prodname>Lexis Advance</prodname>
				<vrmlist>
					<vrm version="1"/>
				</vrmlist>
			</prodinfo>
		</metadata>
	</prolog>
	<refbody>
		<section>
			<p>The <ph keyref="shepardsfirst"/> Appellate History categories are presented in an "outline" format, where indentations are used to identify the direct relationships between the listed cases.</p>
			<example>In the image below, item #3 falls under item #2, items #4, #5, #7, and #9 fall below item #3. Item #6 falls below #5, #8 below #7, and #10 &amp; 11 fall below #9.</example>
			<p><image href="shephistory.png" alt="Shepard's History" placement="inline"/></p>
		</section>
	</refbody>
</reference>