<?xml version="1.0"?>
<!DOCTYPE reference PUBLIC "-//IBM//DTD DITA Composite//EN" "c:/dtd/ditabase.dtd">
<reference id="shepardsignal_ref" audience="res" otherprops="shep">
	<title>The <i>Shepard's</i> Signal™ Indicators</title>
	<prolog>
		<author>Robin Stubbart</author>
		<copyright>
			<copyryear year="2010"/>
			<copyrholder>Lexisnexis</copyrholder>
		</copyright>
		<critdates>
			<created date="2010-02-05"/>
		</critdates>
		<metadata>		
			<prodinfo>
				<prodname>Lexis Advance</prodname>
				<vrmlist>
					<vrm version="1"/>
				</vrmlist>
			</prodinfo>
		</metadata>
	</prolog>
	<refbody>
		<section>
			<p>The <ph keyref="shepsignalpluralfirst"/> are integrated into case law documents and provide an immediate indication of the subsequent history and treatment of a particular case. When these codes are present, the <ph keyref="companyfirst"/> research service displays one of the following signals.</p>
			<note type="note">Not every case will have a <ph keyref="shepsignalsingular"/>.</note>
			<p>When a signal is generated from the Subsequent Appellate History, the system looks at the Subsequent Appellate History as a chain of interconnected events. Thus, the phrase generating the signal may be assigned to a decision in that chain that does not apply directly to your case, but may be several links in the chain away from your case.</p>
			<simpletable>
				<sthead>
					<stentry>Indicator</stentry>
					<stentry>Description</stentry>
				</sthead>
				<strow>
					<stentry>
						<image href="Iconsignalnegative.png" alt="Red Stop Sign signal" placement="inline"/>
					</stentry>
					<stentry>
						<b>
							<i>Warning: Negative treatment is indicated</i>
						</b>
						<p>The red <ph keyref="shepsignalsingular"/> indicates that citing references in the <ph keyref="shepardsfirst"/> Citations Service contain strong negative history or treatment of your case (for example, overruled by or reversed).</p>
					</stentry>
				</strow>
				<strow>
					<stentry>
						<image href="iconsignalalert.png" alt="red exclamation point icon" placement="inline"/>
					</stentry>
					<stentry>
						<b>
							<i>Warning: Negative treatment is indicated for statute</i>
						</b>
						<p>The red exclamation point <ph keyref="shepsignalsingular"/> indicates that citing references in the <ph keyref="shepards"/> Citations Service contain <i>strong negative  treatment of the <i>Shepardized</i>&#153; section</i> (for example, the section may have been found to be unconstitutional or void).</p>
					</stentry>
				</strow>
				<strow>
					<stentry>
						<image href="IconSignalQuestionedAnalysis.png" alt="Orange Q signal" placement="inline"/>
					</stentry>
					<stentry>
						<b>
							<i>Questioned: Validity questioned by citing references</i>
						</b>
						<p>The orange <ph keyref="shepsignalsingular"/> indicates that the citing references in the <ph keyref="shepards"/> Citations Service contain treatment that questions the continuing validity or precedential value of your case because of intervening circumstances, including judicial or legislative overruling.</p>
					</stentry>
				</strow>
				<strow>
					<stentry>
						<image href="IconSignalPossibleNegative.png" alt="Yellow Triangle signal" placement="inline"/>
					</stentry>
					<stentry>
						<b>
							<i>Caution: Possible negative treatment indicated</i>
						</b>
						<p>The yellow <ph keyref="shepsignalsingular"/> indicates that citing references in the <ph keyref="shepards"/> Citations Service contain history or treatment that may have a significant negative impact on your case (for example, limited or criticized by).</p>
					</stentry>
				</strow>
				<strow>
					<stentry>
						<image href="IconSignalPositive.png" alt="Positive Treatment (green diamond) signal" placement="inline"/>
					</stentry>
					<stentry>
						<b>
							<i>Positive treatment indicated</i>
						</b>
						<p>The green <ph keyref="shepsignalsingular"/> indicates that citing references in the <ph keyref="shepards"/> Citations Service contain history or treatment that has a positive impact on your case (for example, affirmed or followed by).</p>
					</stentry>
				</strow>
				<strow>
					<stentry>
						<image href="IconSignalAnalysisAvailable.png" alt="Blue A Circle signal" placement="inline"/>
					</stentry>
					<stentry>
						<b>
							<i>Citing references with analysis available</i>
						</b>
						<p>The blue "A" <ph keyref="shepsignalsingular"/> indicates that citing references in the <ph keyref="shepards"/> Citations Service contain treatment of your case that is neither positive nor negative (for example, explained).</p>
					</stentry>
				</strow>
				<strow>
					<stentry>
						<image href="IconSignalCiteInfoAvailable.png" alt="Blue I Circle signal" placement="inline"/>
					</stentry>
					<stentry>
						<b>
							<i>Citation information available</i>
						</b>
						<p>The blue "I" <ph keyref="shepsignalsingular"/> indicates that citing references are available in the <ph keyref="shepards"/> Citations Service for your case, but the references do not have history or treatment analysis (for example, the references are law review citations).</p>
					</stentry>
				</strow>
			</simpletable>
		</section>
	</refbody>
</reference>