<?xml version="1.0"?>
<!DOCTYPE reference PUBLIC "-//IBM//DTD DITA Composite//EN" "c:/dtd/ditabase.dtd">
<reference id="stylesourceinfo_ref" audience="res" otherprops="fulldoctools">
	<title>Sources for Formats</title>
	<prolog>
		<author>Barb Bruns</author>
		<copyright>
			<copyryear year="2009"/>
			<copyrholder>Lexisnexis</copyrholder>
		</copyright>
		<critdates>
			<created date="2009-02-04"/>
		</critdates>
		<metadata>			
			<prodinfo>
				<prodname>Lexis Advance</prodname>
				<vrmlist>
					<vrm version="1"/>
				</vrmlist>
			</prodinfo>
		</metadata>
	</prolog>
	<refbody>
		<section>
			<p>This table lists the sources for the formats you can select from when copying a document citation to your clipboard from a full document, using the <uicontrol>Copy Citation</uicontrol> feature.</p>
			<simpletable>
			<sthead>
			<stentry>Format</stentry>
			<stentry>Source</stentry>
			</sthead>
			<strow>
			<stentry>Standard</stentry>
			<stentry>Closely aligns with the rules in <i>The Bluebook</i>® <fn><i>The Bluebook</i>® is a registered trademark of the Harvard Law Review Association, the Columbia Law Review, the University of Pennsylvania Law Review, and the Yale Law Journal.</fn> for practitioners.  All source citations include public domain, official reporters and National Reporter System® <fn>National Reporter System® is a registered trademark of West Publishing Corporation.</fn> references, allowing the user to customize according to local rules.  See the general notes below for some other exceptions</stentry>
			</strow>
			<strow>
			<stentry>ALWD</stentry>
			<stentry><i>ALWD Guide to Legal Citation (Fifth edition)</i></stentry>
			</strow>
			<strow>
			<stentry>Arizona</stentry>
			<stentry>Follows Standard except as noted in <i>Arizona Rules of Civil Appellate Procedure</i>, Rule 13 and <i>Arizona Rules of Criminal Procedure</i>, Rule 31.13.</stentry>
			</strow>
			<strow>
			<stentry>California</stentry>
			<stentry><i>California Style Manual</i>, 4th edition. Source citations are styled according to the "better practice" rules defined in the <i>California Style Manual</i>, which matches the style used in the Official Reports by always including parallel citations for California state cases.</stentry>
			</strow>
			<strow>
			<stentry>Colorado</stentry>
			<stentry>Follows Standard except as noted in <xref href="http://www.courts.state.co.us/Courts/Supreme_Court/Directives/CJD 12-01.pdf" scope="external">Chief Justice Directive 12-01</xref>.</stentry>
			</strow>
			<strow>
			<stentry>Connecticut</stentry>
			<stentry>Follows Standard except as noted in the <xref href="http://www.jud.state.ct.us/Publications/Manual_of_style.pdf" scope="external">The Manual of Style for the Connecticut Courts (Third Edition)</xref>.</stentry></strow>				
			<strow>
			<stentry>Florida</stentry>
			<stentry>Follows Standard except as noted in the <i>Florida Style Manual</i>: Seventh Edition: 30 Fla. St. U.L. Rev. 553, © 2010 and <i>Florida Rules of Appellate Procedure</i> 9.800.</stentry>
			</strow>
			<strow>
			<stentry>Georgia</stentry>
			<stentry>Follows Standard except as noted in <i>Georgia Supreme Court Rule 22</i>.</stentry>
			</strow>
			<strow>
			<stentry>Hawai'i</stentry>
			<stentry>Follows <xref href="https://www.law.hawaii.edu/sites/www.law.hawaii.edu/files/content/library/HandbookofCitationForm.pdf" scope="external">A Handbook of Citation Form for Law Clerks at the Appellate Courts of the State of Hawai'i (2008 Edition)</xref> and <i>Hawai'i Rule of Appellate Procedure 28</i> <fn>Note that citations to volumes 1-75 of <i>Hawai‘i Reports</i> currently use "Hawai'i" as the publication abbreviation instead of "Haw."  This will be corrected in a future release.  Recommend selecting "Standard" as the format for those cases, as it uses the correct abbreviation.</fn>.</stentry>
			</strow>
			<strow>
			<stentry>Illinois</stentry>
			<stentry>Follows Standard except as noted in the <i>Style Manual for the Supreme and Appellate Courts of Illinois - Fourth Edition</i> (Rev. 2012).</stentry>
			</strow>
			<strow>
			<stentry>Louisiana</stentry>
			<stentry>Follows Standard except as noted in the <i>Louisiana General Administrative Rules § 8</i>.</stentry>
			</strow>
			<strow>
			<stentry>Maryland</stentry>
			<stentry>Follows Standard except for Maryland Rule 8-504.</stentry>
			</strow>
			<strow>
			<stentry>Massachusetts</stentry>
			<stentry>Follows <i>Massachusetts Reports Style Manual</i> prepared by the Office of the Reporter of Decisions - 2011.</stentry>
			</strow>
			<strow>
            <stentry>Michigan</stentry>
            <stentry>Follows the <xref href="http://courts.mi.gov/Courts/MichiganSupremeCourt/Pages/reporters-manual.aspx" scope="external">Michigan Appellate Opinion Manual</xref>. Exception:  A citation to a Michigan case that was initially unpublished will include the decision date, rather than the date it was approved for publication.</stentry>
            </strow> 

			<strow>
			<stentry>New Jersey</stentry>
			<stentry>Follows Standard except as noted in the <i>Manual on Style for Judicial Opinions</i>, Revised and Approved by the Supreme Court of New Jersey April 22, 2004. </stentry>
			</strow>
			<strow>
			<stentry>New Mexico</stentry>
			<stentry>Follows Standard except as noted in the <i>Annotated Rules of New Mexico 23-112</i></stentry>
			</strow>
			<strow>
			<stentry>New York</stentry>
			<stentry><xref href="http://www.courts.state.ny.us/reporter/new_styman.htm" scope="external">New York Law Reports Style Manual</xref> effective July 1, 2012, found at: New York Official Reports - Official Reports Style Manual.
			</stentry>
			</strow>
			<strow>
			<stentry>Ohio</stentry>
			<stentry>Follows The <i>Supreme Court of Ohio Writing Manual: A Guide to Citations, Style and Judicial Opinions Writing - Second Edition</i> - Effective July 1, 2013.</stentry>
			</strow>
			<strow>
			<stentry>Pennsylvania</stentry>
			<stentry>	Follows Standard except as noted in the <i>Pennsylvania Rules of Appellate Procedure, Rule 2119</i>.</stentry>
			</strow>			
			<strow>
			<stentry>Tennessee</stentry>
			<stentry>Follows Standard except as noted in the <xref href="http://www.tncourts.gov/rules/rules-appellate-procedure/27" scope="external">Tennessee Rules of Appellate Procedure</xref> [Effective July 1, 1979], Rule 27.
			</stentry>
			</strow>
			<strow>
			<stentry>Texas</stentry>
			<stentry>Follows Standard except as noted in <i>The Greenbook: Texas Rules of Form (Twelfth Edition)</i></stentry>
			</strow>
<strow>
			<stentry>Utah</stentry>
			<stentry>Follows Standard except for Utah Supreme Court Standing Order No. 4.</stentry>
			</strow>
			<strow>
			<stentry>Washington</stentry>
			<stentry>Follows Standard except as noted in the <xref href="http://www.courts.wa.gov/appellate_trial_courts/supreme/?fa=atc_supreme.style" scope="external">Washington (State) Office of Reporter of Decisions</xref> STYLE SHEET Effective December 28, 2010, and Subject to Revision.			</stentry>
			</strow>
			<strow>
			<stentry>Wisconsin</stentry>
			<stentry>Follows Standard except as noted in the <i>Wisconsin Guide to Citation</i>, 7th Edition, published by the State Bar of Wisconsin, © 2012 and Wisconsin Supreme Court Rules Chapter 80</stentry>
			</strow>
			</simpletable>

			<note><ul>
			<li>The <uicontrol>Copy Citation</uicontrol> feature uses case names from documents in <ph keyref="prodnamefirst"/>.  Only rules for abbreviating words in case names are applied according to each format.</li>
			<li>Subsequent history is not provided in the source citations (only primary citations).</li>			
			</ul> 
			</note>
		</section>
	</refbody>
</reference>