<?xml version="1.0"?>
<!DOCTYPE reference PUBLIC "-//IBM//DTD DITA Composite//EN" "c:/dtd/ditabase.dtd">
<reference id="unpublishedunreported_ref" audience="res" otherprops="fulldocmain">
	<title>What is the difference between "Unpublished" and "Unreported" cases?</title>
	<prolog>
		<author>Robin Stubbart</author>
		<copyright>
			<copyryear year="2012"/>
			<copyrholder>Lexisnexis</copyrholder>
		</copyright>
		<critdates>
			<created date="2012-01-03"/>
		</critdates>
		<metadata>
			<prodinfo>
				<prodname>Lexis Advance</prodname>
				<vrmlist>
					<vrm version="1"/>
				</vrmlist>
			</prodinfo>
		</metadata>
	</prolog>
	<refbody>
		<section>
			<p>Although some people may use these two terms interchangeably, <ph keyref="company"/> case law group views them as different types of cases.</p>
			<note type="tip">When you are looking at a case, generally if there is a NOTICE segment, that case is unpublished. If there isn't a NOTICE segment, and if there is also no hardcopy cite, it is unreported.</note>
		</section>
		<section>
			<title>Unpublished Case</title>
			<p>An unpublished case is one where:</p>
			<ul>
				<li>The court has placed a citation limitation on the opinion – there will typically be some language in the document that provides explicit instructions on when the case can and cannot be cited to, or a reference to a court rule that delineates that information</li>
				<li>The court has rendered the opinion not citable</li>
				<li>The court will not release the opinion to the public</li>
				<li><ph keyref="company"/> has received the case from the court with a notice that it is unpublished</li>
			</ul>
			<p>For unpublished cases, <ph keyref="company"/> will typically have a notice on the case that the case is unpublished or not citable, where the language differs depending on how the court phrased it.</p>
		</section>
		<section>
			<title>Unreported Case</title>
			<p>An unreported case has not been published in a hard copy reporter series (like the West Regional and Federal Reporters – F.3d, N.E.2d, etc.).</p>
			<p>It is possible to have a published case that is unreported – for instance, if the editors of the hard copy reporters have chosen to not include a case, but the court has not placed any limitations on the citation to or the publication status of the opinion.</p>
		</section>
	</refbody>
</reference>