<?xml version="1.0" encoding="utf-8"?>
<!DOCTYPE reference PUBLIC "-//IBM//DTD DITA Composite//EN" "c:/dtd/ditabase.dtd">
<reference id="updatesectionpreview_ref" otherprops="results">
	<title>Updated Section Preview</title>
	<prolog>
		<author>Robin Stubbart</author>
		<copyright>
			<copyryear year="2012"/>
			<copyrholder>Lexisnexis</copyrholder>
		</copyright>
		<critdates>
			<created date="2012-07-18"/>
		</critdates>
		<metadata>		
			<prodinfo>
				<prodname>Lexis Advance</prodname>
				<vrmlist>
					<vrm version="1"/>
				</vrmlist>
			</prodinfo>
		</metadata>
	</prolog>
	<refbody>
		<section>
			<p>Updated Section Preview is a provisional document providing an integrated display of the code section with changes made by a specific act.</p>

			<p>In your results, a red flag displays next to Updated Section Previews to make them readily identifiable:</p>
			
<p><image href="updatedsectionpreviewresults.png" alt="Updated Section Preview" align="inline"/></p>
			<p>&nbsp;</p>
<p>If multiple acts affect the same statutory section, then a separate Updated Section Preview will be available for each act. The final version of the code section may differ from or be affected by prior or subsequent enactments or revisions.</p>
			<p><image href="updatedsectionpreview.png" alt="Updated Section Preview" align="inline"/></p>
			<p><image href="updatedsectionpreview2.png" alt="Updated Section Preview" align="inline"/></p>
			<note type="note">The final version of the code section may differ from or be affected by prior or subsequent enactments or revisions.</note>
			<p>After the Updated Section Preview is further analyzed to ensure its accuracy, the changes will be approved.  Upon approval, the updated document, if currently in effect, will be added as the new currently effective section and the Updated Section Preview is removed completely.  If it is a future effective section, the document will be updated on line as such, with a link to it from the currently effective version, but without a disclaimer.</p>
		</section>
	</refbody>
</reference>