<?xml version="1.0"?>
<!DOCTYPE reference PUBLIC "-//IBM//DTD DITA Composite//EN" "c:/dtd/ditabase.dtd">
<reference id="urlapi_group_ref" audience="res;urlapi" otherprops="api">
	
	<title>Using <ph keyref="prodnamefirst"/> URL API</title>
	<prolog>
		<author>Barb Bruns</author>
		<copyright>
			<copyryear year="2009"/>
			<copyrholder>Lexisnexis</copyrholder>
		</copyright>
		<critdates>
			<created date="2009-01-16"/>
		</critdates>
		<metadata>			
			<prodinfo>
				<prodname>Lexis Advance</prodname>
				<vrmlist>
					<vrm version="1"/>
				</vrmlist>
			</prodinfo>
		</metadata>
	</prolog>
	<refbody>
		<section>
		<note type="note" id="urlapinote">The information in this topic applies to Lexis Advance® URL API users. This application programming interface (API) lets users execute tasks in <ph keyref="prodnamefirst"/> using URLs, rather than the standard user interface. Please contact your LexisNexis representative if you would like additional information about this feature.</note>
			<p>This page provides a list of help topics that describe how to use the <ph keyref="prodname"/> URL API. Click the headings below to view more detail.</p>
		</section>
	</refbody>
</reference>