<?xml version="1.0"?>
<!DOCTYPE reference PUBLIC "-//IBM//DTD DITA Composite//EN" "c:/dtd/ditabase.dtd">
<reference id="usequotes_ref" otherprops="connectors"> 
	<title>Using Quotation Marks to Find Exact Matches</title>
	<prolog>
		<author>Barb Bruns</author>
		<copyright>
			<copyryear year="2009"/>
			<copyrholder>Lexisnexis</copyrholder>
		</copyright>
		<critdates>
			<created date="2015-09-10"/>
		</critdates>
		<metadata>			
			<prodinfo>
				<prodname>Lexis Advance</prodname>
				<vrmlist>
					<vrm version="1"/>
				</vrmlist>
			</prodinfo>
		</metadata>
	</prolog>
	<refbody>
		<section>
			<p>You can enclose any text in quotation marks to find documents containing that exact text. Quotation marks can also be used to ensure you find documents containing the singular and the plural of a search term.  Here are some examples.</p>
<simpletable>
				<sthead>
					<stentry>This Search</stentry>
					<stentry>Finds This</stentry>
				</sthead>
				<strow>
					<stentry>&quot;scrivener’s error&quot;</stentry>
					<stentry>Documents containing the exact text <userinput>scrivener's error</userinput></stentry>
				</strow>

<strow>
					<stentry>dispute and &quot;homeowner association&quot; or &quot;homeowner's association&quot;</stentry>
					<stentry>Documents containing the term <userinput>dispute</userinput> and either the text <userinput>homeowner association</userinput> or <userinput>homeowner's association</userinput></stentry>
				</strow>
<strow>
					<stentry>dismissal w/15 &quot;employee&quot; or &quot;employees&quot;</stentry>
					<stentry>Documents containing the term <userinput>dismissal</userinput> within 15 words of either the text <userinput>employee</userinput> or <userinput>employees</userinput></stentry>
				</strow>
				</simpletable>
		</section>
	</refbody>
</reference>
				