<?xml version="1.0"?>
<!DOCTYPE reference PUBLIC "-//IBM//DTD DITA Composite//EN" "c:/dtd/ditabase.dtd">
<reference id="VSAgraphsdescrip_ref" audience="vsa" otherprops="vsaresults">
	<title>What do each of the <ph keyref="vsanamefirst"/> graphs represent?</title>
	<prolog>
		<author>Christina Stommel</author>
		<copyright>
			<copyryear year="2010"/>
			<copyrholder>Lexisnexis</copyrholder>
		</copyright>
		<critdates>
			<created date="2010-01-18"/>
		</critdates>
		<metadata>			
			<prodinfo>
				<prodname>Lexis Advance</prodname>
				<vrmlist>
					<vrm version="1"/>
				</vrmlist>
			</prodinfo>
		</metadata>
	</prolog>
	<refbody>
		<section>
			<p>The following table discusses the six types of <ph keyref="vsanamefirst"/> graphs and what they represent:</p>
			<simpletable>
				<sthead>
					<stentry>Graph Name</stentry>
					<stentry>Description</stentry>
				</sthead>
				<strow>
					<stentry>Number of Cases per Year by Resolution</stentry>
					<stentry>This graph shows, by year, how the cases that match your search criteria were resolved. Types of resolutions may include plaintiff and defendant verdicts, settlements, and unknown verdicts. This graph could indicate trends or spikes that might warrant further exploration.</stentry>
				</strow>
				<strow>
					<stentry>Award in US Dollars by Resolution</stentry>
					<stentry>This graph shows the average and median award amount for each resolution type (based on your search criteria). Types of resolutions may include plaintiff and defendant verdicts, settlements, and unknown verdicts. To see exact dollar amounts, rest the mouse pointer on the bar you are viewing.</stentry>
				</strow>
				<strow>
					<stentry>Number of Cases per Year</stentry>
					<stentry>This graph shows, based on years, the number of cases that match your search criteria. This graph could indicate trends or spikes that might warrant further exploration.</stentry>
				</strow>
				<strow>
					<stentry>Percentage of Cases by Resolution</stentry>
					<stentry>This chart uses percentages to show how the cases that matched your search criteria were resolved. Types of resolutions may include plaintiff and defendant verdicts, settlements, and unknown verdicts.</stentry>
				</strow>
			</simpletable>
		</section>
	</refbody>
</reference>