<?xml version="1.0"?>
<!DOCTYPE reference PUBLIC "-//IBM//DTD DITA Composite//EN" "c:/dtd/ditabase.dtd">
<reference id="wildcards_ref" otherprops="connectors">
	<title>Finding Variations of a Word</title>
	<prolog>
		<author>Barb Bruns</author>
		<copyright>
			<copyryear year="2009"/>
			<copyrholder>Lexisnexis</copyrholder>
		</copyright>
		<critdates>
			<created date="2009-02-04"/>
		</critdates>
		<metadata>			
			<prodinfo>
				<prodname>Lexis Advance</prodname>
				<vrmlist>
					<vrm version="1"/>
				</vrmlist>
			</prodinfo>
		</metadata>
	</prolog>
	<refbody>
		<section>
			<p>You can use the asterisk (*) wildcard character to search for variations of a word, making your search shorter and simpler.</p>
			<ul>
				<li>
					<p>Use the asterisk at the end of a root word to find the root word plus all the words made by adding letters to the end of it. For example, <userinput>acqui*</userinput> would find variations on the term <userinput>acquire</userinput> such as <userinput>acquires,</userinput> <userinput>acquired,</userinput> <userinput>acquiring</userinput> and <userinput>acquisition.</userinput></p>
					<note type="tip">
						<ul>
						<li>Use * only on unique roots; <userinput>fir*</userinput> will find <userinput>fired</userinput>, <userinput>firing</userinput> and <userinput>fires</userinput>, but will also find <userinput>first</userinput>, which you may not want.</li>
						<li>You can use an exclamation mark (!) in place of the * if you wish. Both function in the same way, but there must be at least 3 characters in front of the ! or you might receive unexpected results.</li>
						</ul>
					</note>
				</li>
				<li>Use the ? to represent one or more characters within a word.  For example, <userinput>int??net</userinput> would find <userinput>internet</userinput> and <userinput>intranet</userinput>.</li>
			</ul>
		</section>
	</refbody>
</reference>