<?xml version="1.0"?>
<!DOCTYPE reference PUBLIC "-//IBM//DTD DITA Composite//EN" "c:/dtd/ditabase.dtd">
<reference id="withinn_ref" otherprops="connectors">
	<title><userinput>w/n</userinput> Connector</title>
	<prolog>
		<author>Barb Bruns</author>
		<copyright>
			<copyryear year="2007"/>
			<copyrholder>Lexisnexis</copyrholder>
		</copyright>
		<critdates>
			<created date="2010-04-29"/>
		</critdates>
		<metadata>			
			<prodinfo>
				<prodname>Lexis Advance</prodname>
				<vrmlist>
					<vrm version="1"/>
				</vrmlist>
			</prodinfo>
		</metadata>
	</prolog>
	<refbody>
		<section>
			<p>Use the <userinput>w/n</userinput> connector to find documents in which the first word appears within "n" words of the second one.</p>
			<p>For example, the following search finds documents where the word "vicious" occurs within 3 words of "dog".</p>
			<p><userinput>vicious w/3 dog</userinput></p>
		</section>
		<section>
			<title>Specifying the value of "n"</title>
			<p>When choosing the value of n, these guidelines may prove useful:</p>
			<simpletable>
				<sthead>
					<stentry>Choose this...</stentry>
					<stentry>For search words to appear here...</stentry>
				</sthead>
				<strow>
					<stentry>w/3 - w/5</stentry>
					<stentry>in approximately the same phrase</stentry>
				</strow>
				<strow>
					<stentry>w/25</stentry>
					<stentry>in approximately the same sentence</stentry>
				</strow>
				<strow>
					<stentry>w/75</stentry>
					<stentry>in approximately the same paragraph</stentry>
				</strow>
			</simpletable>
			<note type="tip">Although you may choose any number for n, you may want to choose a number less than 100. Choosing a number greater than 100 is likely to retrieve documents in which your search words are used in unrelated contexts.</note>
		</section>
		<section>
			<title>Using Multiple <userinput>w/n</userinput> Connectors</title>
			<p>Multiple <userinput>w/n</userinput> connectors are processed from the smallest to the largest.</p>
		</section>
	</refbody>
</reference>