<?xml version="1.0"?>
<!DOCTYPE reference PUBLIC "-//IBM//DTD DITA Composite//EN" "c:/dtd/ditabase.dtd">
<reference id="wpara_ref" otherprops="connectors">
	<title><userinput>w/p</userinput> or <userinput>/p</userinput> Connector</title>
	<prolog>
		<author>Barb Bruns</author>
		<copyright>
			<copyryear year="2007"/>
			<copyrholder>Lexisnexis</copyrholder>
		</copyright>
		<critdates>
			<created date="2010-04-29"/>
		</critdates>
		<metadata>			
			<prodinfo>
				<prodname>Lexis Advance</prodname>
				<vrmlist>
					<vrm version="1"/>
				</vrmlist>
			</prodinfo>
		</metadata>
	</prolog>
	<refbody>
		<section>
			<p>Use the <userinput>w/p</userinput> or <userinput>/p</userinput> (within paragraph) connector to find documents with search words that appear within approximately 75 words of each other.</p>
			<p>For example, the following example finds "retirement" 75 words of "benefit":</p>
			<p><userinput>retirement w/p benefit</userinput></p>
			<p>The following example finds "subcontract" or "sub-contract" within the same paragraph as "architect":</p>
			<p><userinput>subcontract or sub-contract /p architect</userinput></p>
			<note>You can use <userinput>w/para</userinput> in place of <userinput>/p</userinput> or <userinput>w/p</userinput> if you wish. All 3 function the same way.</note>
		</section>
	</refbody>
</reference>