<?xml version="1.0"?>
<!DOCTYPE reference PUBLIC "-//IBM//DTD DITA Composite//EN" "c:/dtd/ditabase.dtd">
<reference id="wseg_ref" otherprops="connectors">
	<title><userinput>w/seg</userinput> Connector</title>
	<prolog>
		<author>Barb Bruns</author>
		<copyright>
			<copyryear year="2007"/>
			<copyrholder>Lexisnexis</copyrholder>
		</copyright>
		<critdates>
			<created date="2010-04-29"/>
		</critdates>
		<metadata>			
			<prodinfo>
				<prodname>Lexis Advance</prodname>
				<vrmlist>
					<vrm version="1"/>
				</vrmlist>
			</prodinfo>
		</metadata>
	</prolog>
	<refbody>
		<section>
			<p>Use the <userinput>w/seg</userinput> connector to find documents in which your search terms appear in the same segment (headline, body, etc.), or within approximately 100 words of each other.</p>
			<p>For example, the following search finds documents where the word "unreported" and "income" appear in the same segment.</p>
			<p><userinput>unreported w/seg income</userinput></p>
		</section>
	</refbody>
</reference>