<?xml version="1.0"?>
<!DOCTYPE reference PUBLIC "-//IBM//DTD DITA Composite//EN" "c:/dtd/ditabase.dtd">
<reference id="wsent_ref" otherprops="connectors">
	<title><userinput>w/s</userinput> or <userinput>/s</userinput> Connector</title>
	<prolog>
		<author>Barb Bruns</author>
		<copyright>
			<copyryear year="2007"/>
			<copyrholder>Lexisnexis</copyrholder>
		</copyright>
		<critdates>
			<created date="2010-04-29"/>
		</critdates>
		<metadata>			
		<prodinfo>
				<prodname>Lexis Advance</prodname>
				<vrmlist>
					<vrm version="1"/>
				</vrmlist>
			</prodinfo>
		</metadata>
	</prolog>
	<refbody>
		<section>
			<p>Use the <userinput>w/s</userinput> or <userinput>/s</userinput> (within sentence) connector to find documents with search words that appear within approximately 25 words of each other.</p>
			<p>For example, the following finds "earnings" within 25 words of "taxation":</p>
			<p><userinput>earnings /s taxation</userinput></p>
			<note>You can use <userinput>w/sent</userinput> in place of <userinput>/s</userinput> or <userinput>w/s</userinput> if you wish. All 3 function the same way.</note>
		</section>
	</refbody>
</reference>