{
    "concept": {
        "@otherprops": "delivery",
        "@id": "delivery_cpt",
        "title": "What is delivery?",
        "prolog": {
            "author": "Barb Bruns",
            "copyright": {
                "copyryear": {
                    "@year": "2009"
                },
                "copyrholder": "Lexisnexis"
            },
            "critdates": {
                "created": {
                    "@date": "2009-01-21"
                }
            },
            "metadata": {
                "prodinfo": {
                    "prodname": "Lexis Advance",
                    "vrmlist": {
                        "vrm": {
                            "@version": "1"
                        }
                    }
                }
            }
        },
        "conbody": {
            "p": [
                "When you select a document from your results, you can download it, email it, print it, or save it to Dropbox.",
                "For more information on delivering your documents, read through the links below."
            ],
            "note": {
                "@type": "note",
                "uicontrol": [
                    {
                        "#tail": "button located in the upper-right corner of the list, or by clicking the",
                        "#text": "Clear All"
                    },
                    {
                        "#tail": "next to the specific item you want to remove.",
                        "#text": "X"
                    }
                ],
                "#text": "You can easily clear items from your delivery tray by selecting the delivery count\tdrop-down list and then by either clicking the"
            }
        },
        "task": [
            {
                "@conref": "downloadresults_hdi.xml",
                "@id": "downloadresults_hdi",
                "title": null,
                "taskbody": null
            },
            {
                "@conref": "emailresults_hdi.xml",
                "@id": "emailresults_hdi",
                "title": null,
                "taskbody": null
            },
            {
                "@conref": "printresults_hdi.xml",
                "@id": "printresults_hdi",
                "title": null,
                "taskbody": null
            },
            {
                "@conref": "dropboxresults_hdi.xml",
                "@id": "dropboxresults_hdi",
                "title": null,
                "taskbody": null
            }
        ],
        "reference": [
            {
                "@conref": "attachdownloadtips.xml",
                "@id": "attachdownloadtips",
                "title": null,
                "refbody": null
            },
            {
                "@conref": "attachemailtips.xml",
                "@id": "attachemailtips",
                "title": null,
                "refbody": null
            },
            {
                "@conref": "attachprintips.xml",
                "@id": "attachprintips",
                "title": null,
                "refbody": null
            },
            {
                "@conref": "attachdropboxtips.xml",
                "@id": "attachdropboxtips",
                "title": null,
                "refbody": null
            },
            {
                "@conref": "printerfriendlytips.xml",
                "@id": "printerfriendlytips",
                "title": null,
                "refbody": null
            }
        ],
        "concept": {
            "@conref": "tutorialdelivery_cpt.xml",
            "@id": "tutorialdelivery",
            "title": null,
            "conbody": null
        }
    }
}