{
    "concept": {
        "@otherprops": "searchadvanced",
        "@audience": "res",
        "@id": "explorecontent_cpt",
        "title": "What is Explore Content?",
        "prolog": {
            "author": "Barb Bruns",
            "copyright": {
                "copyryear": {
                    "@year": "2016"
                },
                "copyrholder": "Lexisnexis"
            },
            "critdates": {
                "created": {
                    "@date": "2016-1-21"
                }
            },
            "metadata": {
                "prodinfo": {
                    "prodname": "Lexis Advance",
                    "vrmlist": {
                        "vrm": {
                            "@version": "1"
                        }
                    }
                }
            }
        },
        "conbody": {
            "p": [
                {
                    "uicontrol": {
                        "#tail": "on the",
                        "#text": "Explore Content"
                    },
                    "ph": {
                        "@keyref": "prodnamefirst",
                        "#tail": "home page to navigate to them quickly. You can select a specific source (or group of sources) by content area, jurisdiction, or practice area."
                    },
                    "#text": "If you know which source or sources you want to search in, use"
                },
                {
                    "uicontrol": [
                        {
                            "#tail": ",",
                            "#text": "Content Type"
                        },
                        {
                            "#tail": ",",
                            "#text": "Federal"
                        },
                        {
                            "#tail": ", or",
                            "#text": "State"
                        },
                        {
                            "#tail": "tabs to browse through the sources available on each tab, or search all the sources available on the page.",
                            "#text": "Practice Area"
                        }
                    ],
                    "#text": "If you don't have a specific source in mind, you can use the"
                },
                {
                    "uicontrol": {
                        "#tail": ", a search form appears and the sources you selected are shown to the left of the search button (",
                        "#text": "Explore Content"
                    },
                    "image": {
                        "@alt": "Search",
                        "@href": "redmagnifyglass.png",
                        "@placement": "inline",
                        "#tail": ")."
                    },
                    "#text": "When you select from"
                },
                {
                    "uicontrol": [
                        {
                            "#tail": "to use later or share.  Once you've selected the source or sources you want, select",
                            "#text": "Explore Content"
                        },
                        {
                            "#tail": "from the",
                            "#text": "Link to this page"
                        },
                        {
                            "#tail": "drop-down menu. This creates a permalink you can copy and paste into your browser.",
                            "#text": "Actions"
                        }
                    ],
                    "#text": "If you wish, you can save the path you took through"
                },
                {
                    "uicontrol": [
                        {
                            "#tail": "in the search box instead of selecting from",
                            "#text": "Search Everything"
                        },
                        {
                            "#tail": ".",
                            "#text": "Explore Content"
                        }
                    ],
                    "#text": "If you'd rather search by selecting pre-filters from the left panel, select"
                }
            ]
        }
    }
}