{
    "concept": {
        "@otherprops": "fulldocrhp",
        "@audience": "res",
        "@id": "legalissuetrail_cpt",
        "title": {
            "ph": {
                "@keyref": "litnamefirst",
                "#tail": "?"
            },
            "#text": "What is the"
        },
        "prolog": {
            "author": "Barb Bruns",
            "copyright": {
                "copyryear": {
                    "@year": "2009"
                },
                "copyrholder": "Lexisnexis"
            },
            "critdates": {
                "created": {
                    "@date": "2009-01-21"
                }
            },
            "metadata": {
                "prodinfo": {
                    "prodname": "Lexis Advance",
                    "vrmlist": {
                        "vrm": {
                            "@version": "1"
                        }
                    }
                }
            }
        },
        "conbody": {
            "p": [
                {
                    "ph": [
                        {
                            "@keyref": "litnamefirst",
                            "#tail": "lists cases that cite to the case you are viewing as well as cases your case has cited - for a specific legal issue or point of law. To use it, select"
                        },
                        {
                            "@keyref": "shepsignalsingularfirst",
                            "#tail": "for each case."
                        }
                    ],
                    "uicontrol": {
                        "#tail": "and then select the passage dealing with the issue you are researching.  The list of cases is displayed with the",
                        "#text": "Activate Passages"
                    },
                    "#text": "The"
                },
                "Open a specific case from the list to see how it treats your legal issue."
            ]
        }
    }
}