{
    "concept": {
        "@otherprops": "lparesults",
        "@audience": "lpa",
        "@id": "lpaalert_cpt",
        "title": "What are alerts in LexisNexis\u00ae Practice Advisor?",
        "prolog": {
            "author": "Garth Lewis",
            "copyright": {
                "copyryear": {
                    "@year": "2013"
                },
                "copyrholder": "Lexisnexis"
            },
            "critdates": {
                "created": {
                    "@date": "2013-06-07"
                },
                "revised": {
                    "@modified": "2014-07-18"
                }
            },
            "metadata": {
                "prodinfo": {
                    "prodname": "Lexis Advance",
                    "vrmlist": {
                        "vrm": {
                            "@version": "1"
                        }
                    }
                }
            }
        },
        "conbody": {
            "p": [
                {
                    "ph": [
                        {
                            "@keyref": "lpanamefirst",
                            "#tail": "send you automatically whenever selected content changes.  When you create an alert,"
                        },
                        {
                            "@keyref": "lpaname",
                            "#tail": "will monitor the selected content and alert you when new material is available.  You can create the following kinds of alerts:"
                        }
                    ],
                    "#text": "Alerts are notifications you can have"
                },
                {
                    "ph": {
                        "@keyref": "lpaname",
                        "#tail": "alerts, see:"
                    },
                    "#text": "For more information on"
                }
            ],
            "ul": {
                "li": [
                    {
                        "uicontrol": {
                            "#tail": "In a Topic alert,",
                            "#text": "Topic -"
                        },
                        "ph": {
                            "@keyref": "lpaname",
                            "#tail": "monitors specific content types within a given practice area.  The system will notify you whenever new documents become available in those content types."
                        }
                    },
                    {
                        "b": {
                            "ph": {
                                "@keyref": "shepardsfirst",
                                "#tail": "-"
                            },
                            "#tail": "When you create a"
                        },
                        "ph": [
                            {
                                "@keyref": "shepalert",
                                "#tail": ","
                            },
                            {
                                "@keyref": "lpaname",
                                "#tail": "will monitor a"
                            },
                            {
                                "@keyref": "shepards",
                                "#tail": "status."
                            }
                        ],
                        "i": {
                            "#tail": "document and notify you of any changes in its",
                            "#text": "Shepardized"
                        }
                    },
                    {
                        "uicontrol": "Pending Legislation -",
                        "ph": {
                            "@keyref": "lpaname",
                            "#tail": "can monitor statutes and legislation for you, notifying you of any pending legislation that may amend, repeal, or enact a change in a selected item."
                        }
                    },
                    {
                        "uicontrol": {
                            "#tail": "When you create an alert based on a search, the system will monitor selected content types for the search terms you used.  Whenever new documents containing those search terms appear, the system will notify you.",
                            "#text": "Search -"
                        }
                    }
                ]
            },
            "note": {
                "@type": "note",
                "#text": "In all cases, you choose how and when you want to receive notifications."
            }
        },
        "task": {
            "@conref": "lpacreatealert_hdi.xml",
            "@id": "lpacreatealert_hdi",
            "title": null,
            "taskbody": null
        }
    }
}