{
    "reference": {
        "@otherprops": "lpasearch;lpaformsindextips",
        "@audience": "lpa",
        "@id": "lpaformsindex_cpt",
        "title": {
            "ph": {
                "@keyref": "lpanamefirst",
                "#tail": "Forms Index?"
            },
            "#text": "What is the"
        },
        "prolog": {
            "author": "Paul Claggett, 5.3.5",
            "copyright": {
                "copyryear": {
                    "@year": "2016"
                },
                "copyrholder": "Lexisnexis"
            },
            "critdates": {
                "created": {
                    "@date": "2016-02-12"
                }
            },
            "metadata": {
                "prodinfo": {
                    "prodname": "Lexis Advance",
                    "vrmlist": {
                        "vrm": {
                            "@version": "1"
                        }
                    }
                }
            }
        },
        "refbody": {
            "section": {
                "p": {
                    "ph": {
                        "@keyref": "lpanamefirst"
                    },
                    "xref": {
                        "@scope": "peer",
                        "@href": "lpaformsindextips-field.xml",
                        "#tail": "provides you with an easy and quick way to navigate the hundreds of forms available to you.  This feature provides multiple options for form retrieval. This makes it possible to find the right form even if you only know part of the form name, or the particular practice area to which it applies. Select the link for the form you want to open by browsing, filtering, or searching by form and summary.",
                        "#text": "forms index"
                    },
                    "#text": "The"
                }
            }
        }
    }
}