{
    "concept": {
        "@otherprops": "lpsprofilesearch",
        "@audience": "lps",
        "@id": "lpsaboutprofilesuite_cpt",
        "title": {
            "ph": {
                "@keyref": "lpsnamefirst",
                "#tail": "?"
            },
            "#text": "What is"
        },
        "prolog": {
            "author": "Christina Stommel",
            "copyright": {
                "copyryear": {
                    "@year": "2010"
                },
                "copyrholder": "Lexisnexis"
            },
            "critdates": {
                "created": {
                    "@date": "2010-01-18"
                }
            },
            "metadata": {
                "prodinfo": {
                    "prodname": "Lexis Advance",
                    "vrmlist": {
                        "vrm": {
                            "@version": "1"
                        }
                    }
                }
            }
        },
        "conbody": {
            "p": [
                {
                    "ph": {
                        "@keyref": "lpsnamefirst",
                        "#tail": ", you can search for a specific person or you can search for specific"
                    },
                    "i": {
                        "#tail": "about the person. (For example, if you are searching for an expert witness, you can search for an area of expertise, which can help you locate potential experts most closely associated with your case subject.) Once you locate the profile for which you are searching, you can view specific details about that person, such as cases in which he or she has been involved, rulings, and so forth. You can use this profile data to help you as you develop a case strategy.",
                        "#text": "details"
                    },
                    "#text": "During the litigation process, you must often identify relevant information about the parties involved in a case, including expert witnesses, judges, and attorneys. Using"
                },
                {
                    "ph": {
                        "@keyref": "lpsname",
                        "#tail": "retrieves profiles from several types of content sources:"
                    }
                }
            ],
            "ul": {
                "li": [
                    {
                        "xref": {
                            "@scope": "peer",
                            "@href": "lpsexpertsources_ref.xml",
                            "#text": "Expert Witness Profiles"
                        }
                    },
                    {
                        "xref": {
                            "@scope": "peer",
                            "@href": "lpsjudgesources_ref.xml",
                            "#text": "Judge Profiles"
                        }
                    },
                    {
                        "xref": {
                            "@scope": "peer",
                            "@href": "lpsattorneysources_ref.xml",
                            "#text": "Attorney Profiles"
                        }
                    }
                ]
            }
        }
    }
}