{
    "concept": {
        "@otherprops": "lpsprofilesearch;lpssearchtips",
        "@audience": "lps",
        "@id": "lpsaboutprofilesearch_cpt",
        "title": "What are my options when searching for attorney, expert witness, or judge profiles?",
        "prolog": {
            "author": "Christina Stommel",
            "copyright": {
                "copyryear": {
                    "@year": "2010"
                },
                "copyrholder": "Lexisnexis"
            },
            "critdates": {
                "created": {
                    "@date": "2010-11-29"
                }
            },
            "metadata": {
                "prodinfo": {
                    "prodname": "Lexis Advance",
                    "vrmlist": {
                        "vrm": {
                            "@version": "1"
                        }
                    }
                }
            }
        },
        "conbody": {
            "section": [
                {
                    "title": "Forming a Search",
                    "p": "When searching for an expert witness, attorney, or judge profile, you can search by name, or you can use pre-search filters to perform a more general search. The following table describes these different options:",
                    "simpletable": {
                        "strow": [
                            {
                                "stentry": [
                                    "When searching for an expert witness...",
                                    {
                                        "p": "You can:",
                                        "ul": {
                                            "li": [
                                                {
                                                    "xref": {
                                                        "@scope": "peer",
                                                        "@href": "lpssearchforexpert_hdi.xml",
                                                        "#tail": ": If you know the full name or even a partial name of the expert witness for whom you want to search, enter it in the",
                                                        "#text": "Search by Expert Witness Name"
                                                    },
                                                    "uicontrol": {
                                                        "#tail": "box.",
                                                        "#text": "Search"
                                                    }
                                                },
                                                {
                                                    "xref": {
                                                        "@scope": "peer",
                                                        "@href": "lpssearchforareaofexpertise_hdi.xml",
                                                        "#tail": ": If you don\u2019t know the full name of the expert witness, or if you simply need to find any expert with a specific area of expertise, you can select the",
                                                        "#text": "Search using Areas of Expertise filter"
                                                    },
                                                    "uicontrol": [
                                                        {
                                                            "#tail": "drop-down list and select one or more items from the",
                                                            "#text": "Filters"
                                                        },
                                                        {
                                                            "#tail": "list.",
                                                            "#text": "Areas of Expertise"
                                                        }
                                                    ]
                                                }
                                            ]
                                        },
                                        "note": {
                                            "@type": "note",
                                            "uicontrol": [
                                                {
                                                    "#tail": "drop-down list and search using the",
                                                    "#text": "Filters"
                                                },
                                                {
                                                    "#tail": "list (also available from the",
                                                    "#text": "Locations"
                                                },
                                                {
                                                    "#tail": "drop-down list).",
                                                    "#text": "Filters"
                                                }
                                            ],
                                            "#text": "For even broader search results when you don't know the expert's name or area of expertise, you can select the"
                                        }
                                    }
                                ]
                            },
                            {
                                "stentry": [
                                    "When searching for a judge...",
                                    {
                                        "p": "You can:",
                                        "ul": {
                                            "li": [
                                                {
                                                    "xref": {
                                                        "@scope": "peer",
                                                        "@href": "lpssearchforjudge_hdi.xml",
                                                        "#tail": ": If you know the full name or even a partial name of the judge for whom you want to search, enter it in the",
                                                        "#text": "Search by Judge Name"
                                                    },
                                                    "uicontrol": {
                                                        "#tail": "box.",
                                                        "#text": "Search"
                                                    }
                                                },
                                                {
                                                    "xref": {
                                                        "@scope": "peer",
                                                        "@href": "lpssearchforjudgejurisdiction_hdi.xml",
                                                        "#tail": ": If you don\u2019t know the full name of the judge, or if you simply need to find a judge within a specific jurisdiction, you can select the",
                                                        "#text": "Search using Jurisdiction filter"
                                                    },
                                                    "uicontrol": [
                                                        {
                                                            "#tail": "drop-down list and select one or more items from the",
                                                            "#text": "Filters"
                                                        },
                                                        {
                                                            "#tail": "drop-down list.",
                                                            "#text": "Jurisdiction"
                                                        }
                                                    ]
                                                }
                                            ]
                                        }
                                    }
                                ]
                            },
                            {
                                "stentry": [
                                    "When searching for an attorney...",
                                    {
                                        "p": "You can:",
                                        "ul": {
                                            "li": [
                                                {
                                                    "xref": {
                                                        "@scope": "peer",
                                                        "@href": "lpssearchforattorney_hdi.xml",
                                                        "#tail": ": If you know the full name or even a partial name of the attorney for whom you want to search, enter it in the",
                                                        "#text": "Search by Attorney Name"
                                                    },
                                                    "uicontrol": {
                                                        "#tail": "box.",
                                                        "#text": "Search"
                                                    }
                                                },
                                                {
                                                    "xref": {
                                                        "@scope": "peer",
                                                        "@href": "lpssearchforattorneyjurisdiction_hdi.xml",
                                                        "#tail": ": If you don\u2019t know the full name of the attorney, or if you simply need to find any attorney within a specific state, you can select the",
                                                        "#text": "Search using Location filter"
                                                    },
                                                    "uicontrol": [
                                                        {
                                                            "#tail": "drop-down list and select one or more locations from the",
                                                            "#text": "Filters"
                                                        },
                                                        {
                                                            "#tail": "list.",
                                                            "#text": "Locations"
                                                        }
                                                    ]
                                                }
                                            ]
                                        }
                                    }
                                ]
                            }
                        ]
                    }
                },
                {
                    "title": "Pre-filtering Your Search",
                    "p": {
                        "ph": {
                            "@keyref": "lpsnamefirst",
                            "#tail": "provides filtering tools to help you limit the scope of your results:"
                        }
                    },
                    "ul": {
                        "li": [
                            {
                                "b": {
                                    "#tail": "If you have fairly specific requirements for your search, you can specify these conditions at the search form, which will limit the number of results that will be returned. For example, perhaps you are looking for expert witnesses in a specific state or with a specific area of expertise. You can specify these filters (using the",
                                    "#text": "Pre-filter your search terms:"
                                },
                                "uicontrol": {
                                    "#tail": "drop-down list) before submitting your search request.",
                                    "#text": "Filters"
                                }
                            },
                            {
                                "b": {
                                    "#tail": "If you want to view a larger set of search results, you can apply your search filters",
                                    "#text": "Filter your search results:"
                                },
                                "i": {
                                    "#tail": "you complete your search. For example, you can filter your search results to show only those experts in a specific city or state, or you can filter on areas of expertise.",
                                    "#text": "after"
                                }
                            }
                        ]
                    }
                }
            ]
        }
    }
}