{
    "concept": {
        "@otherprops": "history",
        "@audience": "res;lps;vsa;med",
        "@id": "map_cpt",
        "title": "What is the Research Map?",
        "prolog": {
            "author": "Barb Bruns",
            "copyright": {
                "copyryear": {
                    "@year": "2009"
                },
                "copyrholder": "Lexisnexis"
            },
            "critdates": {
                "created": {
                    "@date": "2009-01-21"
                }
            },
            "metadata": {
                "prodinfo": {
                    "prodname": "Lexis Advance",
                    "vrmlist": {
                        "vrm": {
                            "@version": "1"
                        }
                    }
                }
            }
        },
        "conbody": {
            "p": [
                {
                    "ph": [
                        {
                            "@keyref": "prodnamefirst",
                            "#tail": "Research Map. When you select a search from the list, your search terms and results display on the map. The map shows every step of your research, such as the number of results found in each content type, the filters you applied to your results, filters you removed, documents you delivered,"
                        },
                        {
                            "@keyref": "prodname",
                            "#tail": "Home page, select the"
                        }
                    ],
                    "i": {
                        "#tail": "\u00ae, or saved to a folder, and other activities. To open the Research Map, select",
                        "#text": "Shepardized"
                    },
                    "uicontrol": [
                        {
                            "#tail": "at the top of any page, then",
                            "#text": "History"
                        },
                        {
                            "#tail": ". Or, on the",
                            "#text": "Research Map"
                        },
                        {
                            "#tail": "pod, then select the",
                            "#text": "History"
                        },
                        {
                            "#tail": "link at the bottom of the pod.",
                            "#text": "Research Map"
                        }
                    ],
                    "#text": "You can view a past research session in a graphical display with the"
                },
                "For more information about the Research Map, read through the links below."
            ]
        },
        "task": [
            {
                "@conref": "comparesults_hdi.xml",
                "@id": "comparesults_hdi",
                "title": null,
                "taskbody": null
            },
            {
                "@conref": "findsimilar_hdi.xml",
                "@id": "findsimilar_hdi",
                "title": null,
                "taskbody": null
            },
            {
                "@conref": "rerunsearch_hdi.xml",
                "@id": "rerunsearch_hdi",
                "title": null,
                "taskbody": null
            }
        ],
        "reference": {
            "@conref": "maptips.xml",
            "@id": "maptips",
            "title": null,
            "refbody": null
        },
        "concept": {
            "@conref": "tutorialresrchmap_cpt.xml",
            "@id": "tutorialresrchmap_cpt",
            "title": null,
            "conbody": null
        }
    }
}