{
    "concept": {
        "@otherprops": "history",
        "@audience": "res;lps;vsa;med",
        "@id": "mapcompare_cpt",
        "title": "What is the compare search results feature?",
        "prolog": {
            "author": "Barb Bruns",
            "copyright": {
                "copyryear": {
                    "@year": "2009"
                },
                "copyrholder": "Lexisnexis"
            },
            "critdates": {
                "created": {
                    "@date": "2009-01-21"
                }
            },
            "metadata": {
                "prodinfo": {
                    "prodname": "Lexis Advance",
                    "vrmlist": {
                        "vrm": {
                            "@version": "1"
                        }
                    }
                }
            }
        },
        "conbody": {
            "p": [
                {
                    "uicontrol": {
                        "#tail": "feature of the Research Map.",
                        "#text": "Compare Search Results"
                    },
                    "#text": "You can compare the results of up to 3 searches to find all the documents that occur in the result sets of all 3 searches using the"
                },
                {
                    "uicontrol": {
                        "#tail": ", see",
                        "#text": "Compare Search Results"
                    },
                    "xref": {
                        "@scope": "peer",
                        "@href": "comparesults_hdi.xml"
                    },
                    "#text": "For information about using"
                }
            ]
        }
    }
}