{
    "concept": {
        "@otherprops": "history",
        "@audience": "res;lps;vsa;med",
        "@id": "mapfindsimilar_cpt",
        "title": "What is the find similar documents feature?",
        "prolog": {
            "author": "Barb Bruns",
            "copyright": {
                "copyryear": {
                    "@year": "2009"
                },
                "copyrholder": "Lexisnexis"
            },
            "critdates": {
                "created": {
                    "@date": "2009-01-21"
                }
            },
            "metadata": {
                "prodinfo": {
                    "prodname": "Lexis Advance",
                    "vrmlist": {
                        "vrm": {
                            "@version": "1"
                        }
                    }
                }
            }
        },
        "conbody": {
            "p": [
                {
                    "uicontrol": {
                        "#tail": "feature of the Research Map.",
                        "#text": "Find Similar Documents"
                    },
                    "#text": "You can find documents that are similar to up to 3 documents you select from a results set using the"
                },
                {
                    "uicontrol": {
                        "#tail": ", see",
                        "#text": "Find Similar Documents"
                    },
                    "xref": {
                        "@scope": "peer",
                        "@href": "findsimilar_hdi.xml"
                    },
                    "#text": "For information about using"
                }
            ]
        }
    }
}