{
    "concept": {
        "@otherprops": "memberid",
        "@id": "memberid_cpt",
        "title": {
            "ph": {
                "@keyref": "prodnamefirst",
                "#tail": "Member ID?"
            },
            "#text": "What is a"
        },
        "prolog": {
            "author": "Barb Bruns",
            "copyright": {
                "copyryear": {
                    "@year": "2009"
                },
                "copyrholder": "Lexisnexis"
            },
            "critdates": {
                "created": {
                    "@date": "2009-01-21"
                }
            },
            "metadata": {
                "prodinfo": {
                    "prodname": "Lexis Advance",
                    "vrmlist": {
                        "vrm": {
                            "@version": "1"
                        }
                    }
                }
            }
        },
        "conbody": {
            "p": [
                {
                    "ph": [
                        {
                            "@keyref": "prodnamefirst",
                            "#tail": "with an embedded Member ID (the ID is entered automatically when you access"
                        },
                        {
                            "@keyref": "prodname",
                            "#tail": "- you don't need to type it in).  When you use a"
                        },
                        {
                            "@keyref": "prodname",
                            "#tail": "Custom Interface or Library Patron Access, your Member ID gives you access to authorized content, products, and features from approved networks."
                        }
                    ],
                    "#text": "You are currently signed into"
                },
                "The Member ID Profile, list of valid network addresses, and content accessible through your Member ID were determined by your organization\u2019s administrator.",
                null,
                "While you are signed in with a Member ID,",
                {
                    "ph": {
                        "@keyref": "prodname",
                        "#tail": "ID, you can access the full product features and content available to you using one of the methods below."
                    },
                    "#text": "If you have a"
                }
            ],
            "ul": [
                {
                    "li": [
                        "User-specific features such as folders, alerts, or notifications are not available.",
                        "Content outside your organization\u2019s Member ID setup is not available.",
                        "History is only retained for your current Member ID session."
                    ]
                },
                {
                    "li": [
                        {
                            "ph": {
                                "@keyref": "prodname",
                                "#tail": "ID."
                            },
                            "#text": "Sign out of your Member ID session and sign in with your"
                        },
                        {
                            "ph": {
                                "@keyref": "prodname",
                                "#tail": "from there. This lets you  keep your current Member ID session open, and work with both simultaneously. For detailed information about how to do this, see"
                            },
                            "xref": {
                                "@scope": "peer",
                                "@href": "midbrowsersession_cpt.xml",
                                "#tail": ".",
                                "#text": "starting a new browser session"
                            },
                            "#text": "Open a separate, new browser session and sign into"
                        }
                    ]
                }
            ]
        }
    }
}