{
    "concept": {
        "@otherprops": "folders",
        "@id": "myfolders_cpt",
        "title": "What Are Folders?",
        "prolog": {
            "author": [
                "Barb Bruns",
                "Christina Stommel (GDSI Release)"
            ],
            "copyright": {
                "copyryear": {
                    "@year": "2009"
                },
                "copyrholder": "Lexisnexis"
            },
            "critdates": {
                "created": {
                    "@date": "2009-01-21"
                }
            },
            "metadata": {
                "prodinfo": {
                    "prodname": "Lexis Advance",
                    "vrmlist": {
                        "vrm": {
                            "@version": "1"
                        }
                    }
                }
            }
        },
        "conbody": {
            "p": [
                "When you're working on multiple projects and clients, you can organize your work by saving your searches, documents, notes, and alerts into folders, so you can return to them later. You can access your folders from:",
                "Read through the links below for more information about how to create and use folders."
            ],
            "ul": {
                "li": [
                    {
                        "uicontrol": [
                            {
                                "#tail": "link in",
                                "#text": "Folders"
                            },
                            {
                                "#tail": "drop-down list at the top of any page.",
                                "#text": "More"
                            }
                        ],
                        "#text": "The"
                    },
                    {
                        "uicontrol": {
                            "#tail": "pod on the",
                            "#text": "Folders"
                        },
                        "ph": {
                            "@keyref": "prodnamefirst",
                            "#tail": "home page."
                        },
                        "#text": "The"
                    }
                ]
            }
        },
        "task": [
            {
                "@conref": "saveresearch_hdi.xml",
                "@id": "saveresearch_hdi",
                "title": null,
                "taskbody": null
            },
            {
                "@conref": "createfolder_hdi.xml",
                "@id": "createfolder_hdi",
                "title": null,
                "taskbody": null
            },
            {
                "@conref": "savedocumenttofolder_hdi.xml",
                "@id": "savedocumenttofolder_hdi",
                "title": null,
                "taskbody": null
            },
            {
                "@conref": "savetexttofolder_hdi.xml",
                "@id": "savetexttofolder_hdi",
                "title": null,
                "taskbody": null
            },
            {
                "@conref": "searchfolders_hdi.xml",
                "@id": "searchfolders_hdi",
                "title": null,
                "taskbody": null
            },
            {
                "@conref": "addnote_hdi.xml",
                "@id": "addnote_hdi",
                "title": null,
                "taskbody": null
            },
            {
                "@conref": "editnote_hdi.xml",
                "@id": "editnote_hdi",
                "title": null,
                "taskbody": null
            },
            {
                "@conref": "deletenote_hdi.xml",
                "@id": "deletenote_hdi",
                "title": null,
                "taskbody": null
            }
        ],
        "reference": {
            "@conref": "folderlistips.xml",
            "@id": "folderlistips",
            "title": null,
            "refbody": null
        },
        "concept": {
            "@conref": "tutorialfolders_cpt.xml",
            "@id": "tutorialfolders",
            "title": null,
            "conbody": null
        }
    }
}