{
    "concept": {
        "@otherprops": "searchadvanced",
        "@audience": "res",
        "@id": "nonjuris_cpt",
        "title": "What is a non-jurisdictional content?",
        "prolog": {
            "author": "Barb Bruns",
            "copyright": {
                "copyryear": {
                    "@year": "2009"
                },
                "copyrholder": "Lexisnexis"
            },
            "critdates": {
                "created": {
                    "@date": "2009-01-21"
                }
            },
            "metadata": {
                "prodinfo": {
                    "prodname": "Lexis Advance",
                    "vrmlist": {
                        "vrm": {
                            "@version": "1"
                        }
                    }
                }
            }
        },
        "conbody": {
            "p": [
                "Non-jurisdictional content is content that is not associated with a specific jurisdiction. For example, a general treatise on contract law that is relevant to an attorney in any state is non-jurisdictional content.",
                {
                    "uicontrol": {
                        "#tail": "to include relevant content in your results that is not associated with a particular state or jurisdiction.",
                        "#text": "Include non-jurisdictional content"
                    },
                    "#text": "Select"
                }
            ]
        }
    }
}