{
    "concept": {
        "@otherprops": "practicepage",
        "@audience": "res",
        "@id": "practicepage_cpt",
        "title": {
            "ph": {
                "@keyref": "prodnamefirst",
                "#tail": "practice center?"
            },
            "#text": "What is a"
        },
        "prolog": {
            "author": "Barb Bruns",
            "copyright": {
                "copyryear": {
                    "@year": "2010"
                },
                "copyrholder": "Lexisnexis"
            },
            "critdates": {
                "created": {
                    "@date": "2009-01-21"
                }
            },
            "metadata": {
                "prodinfo": {
                    "prodname": "Lexis Advance",
                    "vrmlist": {
                        "vrm": {
                            "@version": "1"
                        }
                    }
                }
            }
        },
        "conbody": {
            "p": [
                {
                    "ph": [
                        {
                            "@keyref": "prodnamefirst",
                            "#tail": "Practice Center provides customized, curated content with fast access to the top sources, news, and key legal topics for your practice area or a jurisdiction. You can perform much of your research from your practice center, while still having access to all"
                        },
                        {
                            "@keyref": "prodname",
                            "#tail": "content and products from the viewpoint of your practice area or jurisdiction."
                        }
                    ],
                    "#text": "A"
                },
                {
                    "uicontrol": {
                        "#tail": "drop-down menu, or",
                        "#text": "Browse"
                    },
                    "xref": {
                        "@scope": "peer",
                        "@href": "practicepagesetstart_hdi.xml",
                        "#tail": ".",
                        "#text": "set it to be the first page you see when you sign in"
                    },
                    "#text": "You can open a practice center from the"
                },
                "The content available from each practice center varies, but all practice centers have a search box at the top.  Links to sources, news, favorites, and so on are organized into a number of \"pods\" on the page.  A practice center may include any of the pods below, but not every page has all of them."
            ],
            "dl": {
                "dlentry": [
                    {
                        "dt": "Top Sources",
                        "dd": {
                            "uicontrol": {
                                "#tail": "to select from all sources.",
                                "#text": "View all sources"
                            },
                            "#text": "The most-respected and most-accessed legal sources for the practice area or jurisdiction. You can select from these sources, or click"
                        }
                    },
                    {
                        "dt": "Favorites",
                        "dd": "Sources and topics you have selected in recent searches or saved as favorites"
                    },
                    {
                        "dt": "News & Analysis",
                        "dd": "Current news stories from the news sources relevant to the practice area or jurisdiction"
                    },
                    {
                        "dt": "Key Topics",
                        "dd": "Topics that are most relevant for the practice area or jurisdiction"
                    }
                ]
            }
        },
        "task": [
            {
                "@conref": "practicepageuse_hdi.xml",
                "@id": "practicepageuse_hdi",
                "title": null,
                "taskbody": null
            },
            {
                "@conref": "practicepagesearch_hdi.xml",
                "@id": "practicepagesearch_hdi",
                "title": null,
                "taskbody": null
            }
        ]
    }
}