{
    "concept": {
        "@otherprops": "searchbasic;searchtips",
        "@audience": "res;lpa",
        "@id": "search_cpt",
        "title": {
            "ph": {
                "@keyref": "prodnamefirst",
                "#tail": "search?"
            },
            "#text": "What is a"
        },
        "prolog": {
            "author": "Barb Bruns",
            "copyright": {
                "copyryear": {
                    "@year": "2010"
                },
                "copyrholder": "Lexisnexis"
            },
            "critdates": {
                "created": {
                    "@date": "2009-01-21"
                }
            },
            "metadata": {
                "prodinfo": {
                    "prodname": "Lexis Advance",
                    "vrmlist": {
                        "vrm": {
                            "@version": "1"
                        }
                    }
                }
            }
        },
        "conbody": {
            "p": [
                {
                    "ph": [
                        {
                            "@keyref": "prodnamefirst",
                            "#tail": "to search"
                        },
                        {
                            "@keyref": "companyfirst",
                            "#tail": "sources and related Web content or to"
                        }
                    ],
                    "i": {
                        "#tail": "a citation. Select",
                        "#text": "Shepardize\u00ae"
                    },
                    "uicontrol": {
                        "#tail": "to the left of the search button (",
                        "#text": "Search: Everything"
                    },
                    "image": {
                        "@alt": "Search",
                        "@href": "redmagnifyglass.png",
                        "@placement": "inline",
                        "#tail": ") to limit your search results to specific:"
                    },
                    "#text": "You can use"
                },
                {
                    "uicontrol": {
                        "#tail": "to limit your search to specific sources.",
                        "#text": "Explore Content"
                    },
                    "#text": "You can also select from any recently used or favorite filters, or select a content type, jurisdiction, or practice area from"
                }
            ],
            "ul": {
                "li": [
                    "Jurisdictions",
                    "Categories",
                    "Content types",
                    "Practice areas and topics"
                ]
            }
        },
        "task": [
            {
                "@conref": "search_hdi.xml",
                "@id": "search_hdi",
                "title": null,
                "taskbody": null
            },
            {
                "@conref": "useconnectors_hdi.xml",
                "@id": "useconnectors_hdi",
                "title": null,
                "taskbody": null
            },
            {
                "@conref": "restrictsearch_hdi.xml",
                "@id": "restrictsearch_hdi",
                "title": null,
                "taskbody": null
            },
            {
                "@conref": "shepardizebycitation_hdi.xml",
                "@id": "shepardizebycitation_hdi",
                "title": null,
                "taskbody": null
            }
        ],
        "concept": {
            "@conref": "tutorialsearch_cpt.xml",
            "@id": "tutorialresults",
            "title": null
        }
    }
}