{
    "concept": {
        "@otherprops": "shep",
        "@audience": "res",
        "@id": "shepchicklets_cpt",
        "title": {
            "i": {
                "#tail": "\u00ae phrase level indicator?",
                "#text": "Shepard's"
            },
            "#text": "What is a"
        },
        "prolog": {
            "author": "Robin Stubbart",
            "copyright": {
                "copyryear": {
                    "@year": "2010"
                },
                "copyrholder": "Lexisnexis"
            },
            "critdates": {
                "created": {
                    "@date": "2010-02-05"
                }
            },
            "metadata": {
                "prodinfo": {
                    "prodname": "Lexis Advance",
                    "vrmlist": {
                        "vrm": {
                            "@version": "1"
                        }
                    }
                }
            }
        },
        "conbody": {
            "p": [
                "These indicators reflect the signal generating value of the editorial phrase next to the indicator.",
                "The colors of the level phrases indicate:"
            ],
            "simpletable": {
                "sthead": {
                    "stentry": [
                        "Indicator",
                        "Color",
                        "Description"
                    ]
                },
                "strow": [
                    {
                        "stentry": [
                            {
                                "image": {
                                    "@align": "Red indicator",
                                    "@href": "ChickletRed.png",
                                    "@placement": "inline"
                                }
                            },
                            "Red",
                            "Warning"
                        ]
                    },
                    {
                        "stentry": [
                            {
                                "image": {
                                    "@align": "Orange indicator",
                                    "@href": "ChickletOrange.png",
                                    "@placement": "inline"
                                }
                            },
                            "Orange",
                            "Questioned"
                        ]
                    },
                    {
                        "stentry": [
                            {
                                "image": {
                                    "@align": "Yellow indicator",
                                    "@href": "ChickletYellow.png",
                                    "@placement": "inline"
                                }
                            },
                            "Yellow",
                            "Caution"
                        ]
                    },
                    {
                        "stentry": [
                            {
                                "image": {
                                    "@align": "Green indicator",
                                    "@href": "ChickletGreen.png",
                                    "@placement": "inline"
                                }
                            },
                            "Green",
                            "Positive"
                        ]
                    },
                    {
                        "stentry": [
                            {
                                "image": {
                                    "@align": "Blue indicator",
                                    "@href": "ChickletBlue.png",
                                    "@placement": "inline"
                                }
                            },
                            "Blue",
                            "Neutral"
                        ]
                    },
                    {
                        "stentry": [
                            {
                                "image": {
                                    "@align": "Light Blue indicator",
                                    "@href": "ChickletLightBlue.png",
                                    "@placement": "inline"
                                }
                            },
                            "Light Blue",
                            "No phrase exists"
                        ]
                    }
                ]
            }
        }
    }
}