{
    "concept": {
        "@otherprops": "resultsfilter",
        "@audience": "res;lpa",
        "@id": "snapshot_cpt",
        "title": "What is the Snapshot view?",
        "prolog": {
            "author": "Barb Bruns",
            "copyright": {
                "copyryear": {
                    "@year": "2009"
                },
                "copyrholder": "Lexisnexis"
            },
            "critdates": {
                "created": {
                    "@date": "2009-01-21"
                }
            },
            "metadata": {
                "prodinfo": {
                    "prodname": "Lexis Advance",
                    "vrmlist": {
                        "vrm": {
                            "@version": "1"
                        }
                    }
                }
            }
        },
        "conbody": {
            "p": {
                "uicontrol": [
                    {
                        "#tail": "provides an at-a-glance view of your results for all the categories you selected for your search.  The first 4 categories you selected appear on the first page of the snapshot, with the category you selected to start in at the top. The first 3 document names in each category are listed with a portion of the first line of text of the document (depending on the category).  To see the results from any other of the categories, select",
                        "#text": "Snapshot"
                    },
                    {
                        "#tail": "at the bottom of the page.  You can:",
                        "#text": "View More Categories"
                    }
                ],
                "#text": "The"
            },
            "ul": {
                "li": [
                    "Open any of the documents in a category",
                    {
                        "uicontrol": {
                            "#tail": "to see all the results in a category",
                            "#text": "View all [Category Name]"
                        },
                        "#text": "Select"
                    }
                ]
            }
        }
    }
}