{
    "concept": {
        "@otherprops": "tutorials",
        "@id": "tutorialfolders_cpt",
        "title": "Tutorial: Using Folders in Lexis Advance\u00ae",
        "prolog": {
            "author": "Barb Bruns",
            "copyright": {
                "copyryear": {
                    "@year": "2007"
                },
                "copyrholder": "Lexisnexis"
            },
            "critdates": {
                "created": {
                    "@date": "2010-04-14"
                }
            },
            "metadata": {
                "prodinfo": {
                    "prodname": "Lexis Advance",
                    "vrmlist": {
                        "vrm": {
                            "@version": "1"
                        }
                    }
                }
            }
        },
        "conbody": {
            "p": [
                {
                    "ph": {
                        "@keyref": "prodnamefirst",
                        "#tail": "Folders."
                    },
                    "xref": {
                        "@scope": "local",
                        "@href": "bigtutorialfolders_cpt-nomap?lbu=US&locale=en_US&audience=all",
                        "#tail": "version is also available.",
                        "#text": "A Full-size"
                    },
                    "#text": "The tutorial below introduces you to using"
                },
                {
                    "object": {
                        "@classid": "clsid:D27CDB6E-AE6D-11cf-96B8-444553540000",
                        "@type": "application/x-shockwave-flash",
                        "@height": "361",
                        "@codebase": "http://download.macromedia.com/pub/shockwave/cabs/flash/swflash.cab#version=6,0,0,0",
                        "@width": "590",
                        "@data": "http://web.lexis.com/help/multimedia/nl/nl_folders.swf",
                        "@id": "newlexis",
                        "param": [
                            {
                                "@name": "movie",
                                "@value": "http://web.lexis.com/help/multimedia/nl/nl_folders.swf"
                            },
                            {
                                "@name": "wmode",
                                "@value": "transparent"
                            },
                            {
                                "@name": "quality",
                                "@value": "high"
                            },
                            {
                                "@name": "bgcolor",
                                "@value": "#FFFFFF"
                            },
                            {
                                "@name": "pluginspage",
                                "@value": "http://www.macromedia.com/shockwave/download/index.cgi?P1_Prod_Version=ShockwaveFlash"
                            }
                        ]
                    }
                }
            ]
        }
    }
}