{
    "concept": {
        "@otherprops": "vsaresults",
        "@audience": "vsa",
        "@id": "VSAaboutunknown_cpt",
        "title": {
            "ph": {
                "@keyref": "vsanamefirst",
                "#tail": "search results contain documents with unknown data?"
            },
            "#text": "What if my"
        },
        "prolog": {
            "author": "Christina Stommel",
            "copyright": {
                "copyryear": {
                    "@year": "2010"
                },
                "copyrholder": "Lexisnexis"
            },
            "critdates": {
                "created": {
                    "@date": "2010-01-18"
                }
            },
            "metadata": {
                "prodinfo": {
                    "prodname": "Lexis Advance",
                    "vrmlist": {
                        "vrm": {
                            "@version": "1"
                        }
                    }
                }
            }
        },
        "conbody": {
            "p": [
                {
                    "xref": {
                        "@scope": "peer",
                        "@href": "VSAsourcelistips.xml",
                        "#tail": "that",
                        "#text": "repository"
                    },
                    "ph": {
                        "@keyref": "vsanamefirst",
                        "#tail": "searches to find cases that match your search criteria is quite large. As such, some documents in that repository may not contain all of the data types you might expect to see listed. For example, some documents may not list the jurisdiction for the case while others may not list the area of law or the settlement amount. When this information isn't included in the document, it is graphed as \"unknown data\" in your search results."
                    },
                    "#text": "The"
                },
                {
                    "uicontrol": {
                        "#tail": "options.",
                        "#text": "Narrow By"
                    },
                    "#text": "For example, say you search for cases on age discrimination. Your search returns 610 relevant documents. Of those 610 documents, 600 of them list the specific verdict type (plaintiff verdict, settlement, etc.). This means that 10 of the documents list an unknown verdict. You can filter your results to view cases by this unknown data by choosing that option from the"
                }
            ]
        }
    }
}