{
    "concept": {
        "@otherprops": "vsa",
        "@audience": "vsaresults",
        "@id": "VSAsearchresults_cpt",
        "title": {
            "ph": {
                "@keyref": "vsanamefirst",
                "#tail": "Search Results"
            },
            "#text": "Understanding"
        },
        "prolog": {
            "author": "Barbara Bruns",
            "copyright": {
                "copyryear": {
                    "@year": "2010"
                },
                "copyrholder": "Lexisnexis"
            },
            "critdates": {
                "created": {
                    "@date": "2011-06-16"
                }
            },
            "metadata": {
                "prodinfo": {
                    "prodname": "Lexis Advance",
                    "vrmlist": {
                        "vrm": {
                            "@version": "1"
                        }
                    }
                }
            }
        },
        "conbody": {
            "section": {
                "p": [
                    {
                        "ph": {
                            "@keyref": "vsanamefirst",
                            "#tail": "reports provide a graphic view of verdict and settlement data for the cases in your results, presented through a number of"
                        },
                        "xref": {
                            "@scope": "peer",
                            "@href": "VSAgraphsdescrip_ref.xml",
                            "#tail": ". To view individual cases, select the document you want to view from the list of cases below the graphs.",
                            "#text": "charts and graphs"
                        },
                        "#text": "The"
                    },
                    {
                        "uicontrol": [
                            {
                                "#tail": "pane on the left to filter your results by specific categories. To select several criteria in a category, select",
                                "#text": "Narrow By"
                            },
                            "Select multiple"
                        ],
                        "#text": "Use the"
                    }
                ],
                "note": {
                    "@type": "note",
                    "#text": "LexisNexis sometimes receives reports of the same case from multiple sources. While each case is represented in the total document count in your search results list, only unique cases are represented in the charts and graphs."
                }
            }
        }
    }
}