{
    "reference": {
        "@id": "archivedcodescoveragemunicipalcodes_ref",
        "title": "Archived Codes Coverage Dates for Municipal Codes",
        "prolog": {
            "author": "Barb Bruns",
            "copyright": {
                "copyryear": {
                    "@year": "2015"
                },
                "copyrholder": "Lexisnexis"
            },
            "critdates": {
                "created": {
                    "@date": "2016-05-05"
                }
            },
            "metadata": {
                "prodinfo": {
                    "prodname": "Lexis Advance",
                    "vrmlist": {
                        "vrm": {
                            "@version": "1"
                        }
                    }
                }
            }
        },
        "refbody": {
            "section": {
                "p": "The table below shows coverage dates for the municipal codes category type, by jurisdiction."
            },
            "simpletable": {
                "sthead": {
                    "stentry": [
                        "Jurisdiction",
                        "Coverage Dates"
                    ]
                },
                "strow": [
                    {
                        "stentry": [
                            "U.S. Federal",
                            "N/A"
                        ]
                    },
                    {
                        "stentry": [
                            "Alabama",
                            "From 2013"
                        ]
                    },
                    {
                        "stentry": [
                            "Alaska",
                            "From 2013"
                        ]
                    },
                    {
                        "stentry": [
                            "Arizona",
                            "From 2013"
                        ]
                    },
                    {
                        "stentry": [
                            "Arkansas",
                            "From 2013"
                        ]
                    },
                    {
                        "stentry": [
                            "California",
                            "From 2013"
                        ]
                    },
                    {
                        "stentry": [
                            "Colorado",
                            "From 2013"
                        ]
                    },
                    {
                        "stentry": [
                            "Connecticut",
                            "From 2013"
                        ]
                    },
                    {
                        "stentry": [
                            "Delaware",
                            "From 2013"
                        ]
                    },
                    {
                        "stentry": [
                            "Dist. of Columbia",
                            "N/A"
                        ]
                    },
                    {
                        "stentry": [
                            "Florida",
                            "From 2013"
                        ]
                    },
                    {
                        "stentry": [
                            "Georgia",
                            "From 2013"
                        ]
                    },
                    {
                        "stentry": [
                            "Guam",
                            "N/A"
                        ]
                    },
                    {
                        "stentry": [
                            "Hawaii",
                            "From 2013"
                        ]
                    },
                    {
                        "stentry": [
                            "Idaho",
                            "From 2013"
                        ]
                    },
                    {
                        "stentry": [
                            "Illinois",
                            "From 2013"
                        ]
                    },
                    {
                        "stentry": [
                            "Indiana",
                            "From 2013"
                        ]
                    },
                    {
                        "stentry": [
                            "Iowa",
                            "From 2013"
                        ]
                    },
                    {
                        "stentry": [
                            "Kansas",
                            "From 2013"
                        ]
                    },
                    {
                        "stentry": [
                            "Kentucky",
                            "From 2013"
                        ]
                    },
                    {
                        "stentry": [
                            "Louisiana",
                            "From 2013"
                        ]
                    },
                    {
                        "stentry": [
                            "Maine",
                            "From 2013"
                        ]
                    },
                    {
                        "stentry": [
                            "Maryland",
                            "From 2013"
                        ]
                    },
                    {
                        "stentry": [
                            "Massachusetts",
                            "From 2013"
                        ]
                    },
                    {
                        "stentry": [
                            "Michigan",
                            "From 2013"
                        ]
                    },
                    {
                        "stentry": [
                            "Minnesota",
                            "From 2013"
                        ]
                    },
                    {
                        "stentry": [
                            "Mississippi",
                            "From 2013"
                        ]
                    },
                    {
                        "stentry": [
                            "Missouri",
                            "From 2013"
                        ]
                    },
                    {
                        "stentry": [
                            "Montana",
                            "From 2013"
                        ]
                    },
                    {
                        "stentry": [
                            "Nebraska",
                            "From 2013"
                        ]
                    },
                    {
                        "stentry": [
                            "Nevada",
                            "From 2013"
                        ]
                    },
                    {
                        "stentry": [
                            "New Hampshire",
                            "From 2013"
                        ]
                    },
                    {
                        "stentry": [
                            "New Jersey",
                            "From 2013"
                        ]
                    },
                    {
                        "stentry": [
                            "New Mexico",
                            "From 2013"
                        ]
                    },
                    {
                        "stentry": [
                            "New York",
                            "From 2013"
                        ]
                    },
                    {
                        "stentry": [
                            "North Carolina",
                            "From 2013"
                        ]
                    },
                    {
                        "stentry": [
                            "North Dakota",
                            "From 2013"
                        ]
                    },
                    {
                        "stentry": [
                            "Ohio",
                            "From 2013"
                        ]
                    },
                    {
                        "stentry": [
                            "Oklahoma",
                            "From 2013"
                        ]
                    },
                    {
                        "stentry": [
                            "Oregon",
                            "From 2013"
                        ]
                    },
                    {
                        "stentry": [
                            "Pennsylvania",
                            "From 2013"
                        ]
                    },
                    {
                        "stentry": [
                            "Puerto Rico (English)",
                            "N/A"
                        ]
                    },
                    {
                        "stentry": [
                            "Rhode Island",
                            "From 2013"
                        ]
                    },
                    {
                        "stentry": [
                            "South Carolina",
                            "From 2013"
                        ]
                    },
                    {
                        "stentry": [
                            "South Dakota",
                            "From 2013"
                        ]
                    },
                    {
                        "stentry": [
                            "Tennessee",
                            "From 2013"
                        ]
                    },
                    {
                        "stentry": [
                            "Texas",
                            "From 2013"
                        ]
                    },
                    {
                        "stentry": [
                            "Utah",
                            "From 2013"
                        ]
                    },
                    {
                        "stentry": [
                            "Vermont",
                            "From 2013"
                        ]
                    },
                    {
                        "stentry": [
                            "Virgin Islands",
                            "N/A"
                        ]
                    },
                    {
                        "stentry": [
                            "Virginia",
                            "From 2013"
                        ]
                    },
                    {
                        "stentry": [
                            "Washington",
                            "From 2013"
                        ]
                    },
                    {
                        "stentry": [
                            "West Virginia",
                            "From 2013"
                        ]
                    },
                    {
                        "stentry": [
                            "Wisconsin",
                            "From 2013"
                        ]
                    },
                    {
                        "stentry": [
                            "Wyoming",
                            "From 2013"
                        ]
                    }
                ]
            }
        }
    }
}