{
    "reference": {
        "@otherprops": "connectors",
        "@id": "asterisk_ref",
        "title": "Using * to Find Variations of a Word",
        "prolog": {
            "author": "Barb Bruns",
            "copyright": {
                "copyryear": {
                    "@year": "2009"
                },
                "copyrholder": "Lexisnexis"
            },
            "critdates": {
                "created": {
                    "@date": "2009-01-16"
                }
            },
            "metadata": {
                "prodinfo": {
                    "prodname": "Lexis Advance",
                    "vrmlist": {
                        "vrm": {
                            "@version": "1"
                        }
                    }
                }
            }
        },
        "refbody": {
            "section": {
                "p": "Use an asterisk (*) to find a root word plus all the words made by adding letters to the end of it. For example, employ* would find variations on the term employ such as employee, employer, employment, and their plurals.",
                "note": {
                    "@type": "note",
                    "ul": {
                        "li": [
                            "Use * only to find unique roots; fir* will find fired, firing and fires, but will also find first, which you may not want.",
                            "You can use an exclamation mark (!) in place of the * if you wish. Both function in the same way, but there must be at least 3 characters in front of the ! or you might receive unexpected results.",
                            {
                                "uicontrol": [
                                    {
                                        "#tail": "will find",
                                        "#text": "\u201ccorp*\u201d"
                                    },
                                    {
                                        "#tail": "but not words beginning with",
                                        "#text": "corp*"
                                    },
                                    {
                                        "#tail": ", such as",
                                        "#text": "corp"
                                    },
                                    {
                                        "#tail": "or",
                                        "#text": "corporate"
                                    },
                                    {
                                        "#tail": ".",
                                        "#text": "corporation"
                                    }
                                ],
                                "#text": "Do not use * inside quotation marks. Enclosing anything in quotation marks finds only exact matches to whatever is inside them. For example, the search"
                            }
                        ]
                    }
                }
            }
        }
    }
}