{
    "reference": {
        "@otherprops": "connectors",
        "@id": "atleast_ref",
        "title": {
            "userinput": {
                "#tail": "Command",
                "#text": "atleast"
            }
        },
        "prolog": {
            "author": "Barb Bruns",
            "copyright": {
                "copyryear": {
                    "@year": "2007"
                },
                "copyrholder": "Lexisnexis"
            },
            "critdates": {
                "created": {
                    "@date": "2013-04-08"
                }
            },
            "metadata": {
                "prodinfo": {
                    "prodname": "Lexis Advance",
                    "vrmlist": {
                        "vrm": {
                            "@version": "1"
                        }
                    }
                }
            }
        },
        "refbody": {
            "section": {
                "p": [
                    {
                        "userinput": [
                            {
                                "#tail": "command to require that a term or terms appear \"at least\" so many times in a document. Use",
                                "#text": "atleast"
                            },
                            {
                                "#tail": "when you want only documents that contain an in-depth discussion on a topic rather than just a mention.",
                                "#text": "atleast"
                            }
                        ],
                        "#text": "Use the"
                    },
                    "For example, the following search requires references to CERCLA (the Comprehensive Environmental Response, Compensation, and Liability Act) to appear in every document at least 10 times:",
                    {
                        "userinput": "atleast10(cercla)"
                    },
                    {
                        "userinput": {
                            "#tail": "command.",
                            "#text": "atleast"
                        },
                        "#text": "You can use any number with the"
                    }
                ]
            }
        }
    }
}