{
    "reference": {
        "@otherprops": "cb",
        "@audience": "cb",
        "@id": "cbstatistical_ref",
        "title": "How does the Statistical Model work in Counsel Benchmarking?",
        "prolog": {
            "author": "Robin Stubbart",
            "copyright": {
                "copyryear": {
                    "@year": "2013"
                },
                "copyrholder": "Lexisnexis"
            },
            "critdates": {
                "created": {
                    "@date": "2013-10-08"
                }
            },
            "metadata": {
                "prodinfo": {
                    "prodname": "Lexis Advance",
                    "vrmlist": {
                        "vrm": {
                            "@version": "1"
                        }
                    }
                }
            }
        },
        "refbody": {
            "section": {
                "p": {
                    "ph": {
                        "@keyref": "cbnamefirst",
                        "#tail": "database, you can still select combinations of filters for which there is insufficient data. Only if insufficient actual data is available and only on the Hourly Rates tab, a statistical model has been incorporated to forecast hourly rates. This tool uses a quantile regression model to forecast each of the percentile metrics for partners, associates, and paralegals. For more information on quantile regression models, see:"
                    },
                    "xref": {
                        "@scope": "external",
                        "@href": "http://en.wikipedia.org/wiki/Quantile_regression",
                        "#tail": ". The statistical model only functions when you select either one filter or no filters in any or all filter categories. The statistical projection model does not forecast rates when you select multiple filter options within a category. When statistical data is displayed, you will see a message indicating that statistically modeled data is being displayed.",
                        "#text": "http://en.wikipedia.org/wiki/Quantile_regression"
                    },
                    "#text": "Despite the breadth of data available in the"
                }
            }
        }
    }
}