{
    "reference": {
        "@otherprops": "shep",
        "@audience": "res",
        "@id": "citationformats_ref",
        "title": {
            "i": {
                "#tail": "\u00ae Citation Formats and Alphabetical List of Editorial Phrases",
                "#text": "Shepard's"
            }
        },
        "prolog": {
            "author": "Robin Stubbart",
            "copyright": {
                "copyryear": {
                    "@year": "2010"
                },
                "copyrholder": "Lexisnexis"
            },
            "critdates": {
                "created": {
                    "@date": "2010-02-09"
                }
            },
            "metadata": {
                "prodinfo": {
                    "prodname": "Lexis Advance",
                    "vrmlist": {
                        "vrm": {
                            "@version": "1"
                        }
                    }
                }
            }
        },
        "refbody": {
            "section": {
                "p": [
                    {
                        "ph": {
                            "@keyref": "shepardsfirst",
                            "#tail": "Citation Format List, which contains full descriptions of reporters and their associated citation display formats."
                        },
                        "#text": "For examples of citation formats, select the link below. Another browser window will open to the"
                    },
                    {
                        "xref": {
                            "@scope": "external",
                            "@href": "https://web.lexis.com/help/research/shepardscitationformats_ref.htm",
                            "#text": "Shepard's(R) Citation Format List"
                        }
                    },
                    {
                        "ph": {
                            "@keyref": "shepards",
                            "#tail": "Alphabetical list of Editorial Phrases."
                        },
                        "#text": "For examples of editorial phrase mappings, select the link below. Another browser window will open to the"
                    },
                    {
                        "xref": {
                            "@scope": "external",
                            "@href": "https://web.lexis.com/help/research/shepeditorialmappings.htm",
                            "#text": "Shepard's(R) Alphabetical list of Editorial Phrases"
                        }
                    },
                    {
                        "ph": {
                            "@keyref": "prodnamefirst",
                            "#tail": "Help or product window, just close or minimize the list window."
                        },
                        "#text": "To return to the"
                    }
                ]
            }
        }
    }
}