{
    "reference": {
        "@otherprops": "aboutLA",
        "@id": "contactsupport_ref",
        "title": "Customer Support Contact Information",
        "prolog": {
            "author": "Barb Bruns",
            "copyright": {
                "copyryear": {
                    "@year": "2009"
                },
                "copyrholder": "Lexisnexis"
            },
            "critdates": {
                "created": {
                    "@date": "2009-02-05"
                }
            },
            "metadata": {
                "prodinfo": {
                    "prodname": "Lexis Advance",
                    "vrmlist": {
                        "vrm": {
                            "@version": "1"
                        }
                    }
                }
            }
        },
        "refbody": {
            "section": {
                "p": "Have a question? If you can't find the answer you need in the help system, here are some other resources you can ask:",
                "ul": {
                    "li": [
                        {
                            "p": [
                                "Customer Support",
                                "1-800-543-6862"
                            ]
                        },
                        {
                            "ph": {
                                "@keyref": "prodnamefirst",
                                "#tail": "(if available with your subscription)"
                            },
                            "#text": "Help Live Support link in"
                        },
                        {
                            "xref": {
                                "@scope": "external",
                                "@href": "https://advance.lexis.com/support",
                                "#text": "Your Customer Support Hotline Number"
                            }
                        }
                    ]
                }
            }
        }
    }
}