{
    "reference": {
        "@otherprops": "res;custompage",
        "@audience": "res",
        "@id": "custompagepods_ref",
        "title": "Custom Page Pods",
        "prolog": {
            "author": "Barb Bruns",
            "copyright": {
                "copyryear": {
                    "@year": "2009"
                },
                "copyrholder": "Lexisnexis"
            },
            "critdates": {
                "created": {
                    "@date": "2007-07-10"
                }
            },
            "metadata": {
                "prodinfo": {
                    "prodname": "Lexis Advance",
                    "vrmlist": {
                        "vrm": {
                            "@version": "1"
                        }
                    }
                }
            }
        },
        "refbody": {
            "section": {
                "p": [
                    {
                        "uicontrol": {
                            "#tail": "pod on the",
                            "#text": "Custom Pages"
                        },
                        "ph": {
                            "@keyref": "prodname",
                            "#tail": "landing page. The pods you can choose from to add to a custom page are listed below."
                        },
                        "#text": "You can create a custom page with the sources and tools you use most often. Once you create them, your custom pages will be available from the"
                    },
                    {
                        "xref": {
                            "@scope": "peer",
                            "@href": "custompagecreate_hdi.xml",
                            "#tail": "."
                        },
                        "#text": "For more information about creating a custom page, see"
                    }
                ],
                "dl": {
                    "dlentry": [
                        {
                            "dt": "Favorites",
                            "dd": "Displays the sources, topics, and filters you use most often in your searches."
                        },
                        {
                            "dt": "History",
                            "dd": "Automatically saves searches, documents, deliveries, etc. so you can quickly resume past work."
                        },
                        {
                            "dt": "Folders",
                            "dd": "Save your searches, documents, notes, and alerts into folders to quickly return to them later."
                        },
                        {
                            "dt": "News",
                            "dd": "Keep track of the latest legal news."
                        },
                        {
                            "dt": "Latest Updates",
                            "dd": {
                                "ph": {
                                    "@keyref": "prodnamefirst",
                                    "#tail": "."
                                },
                                "#text": "Learn more about the newest changes in"
                            }
                        },
                        {
                            "dt": "Alerts",
                            "dd": "Create a new alert or view the results of alerts you have saved."
                        },
                        {
                            "dt": "Notifications",
                            "dd": "Keep track of items you have shared or that have been shared with you."
                        },
                        {
                            "dt": "Archives",
                            "dd": "Search archived codes, including statutory codes, constitutions, administrative codes, and municipal codes."
                        },
                        {
                            "dt": "Support",
                            "dd": "Provides access to online help, tutorials, training videos, and Customer Support."
                        },
                        {
                            "dt": "Get & Print",
                            "dd": {
                                "ph": {
                                    "@keyref": "shepardsfirst",
                                    "#tail": "reports. For more information, see"
                                },
                                "xref": {
                                    "@scope": "peer",
                                    "@href": "searchgetandprint_hdi.xml"
                                },
                                "#text": "Enter multiple citations and download or print documents or"
                            }
                        },
                        {
                            "dt": "Get a Doc",
                            "dd": {
                                "xref": {
                                    "@scope": "peer",
                                    "@href": "getandprint_hdi.xml"
                                },
                                "#text": "Retrieve a document by citation, party name, or docket number. For more information, see"
                            }
                        }
                    ]
                }
            }
        }
    }
}