{
    "reference": {
        "@otherprops": "connectors",
        "@id": "exclamation_ref",
        "title": "Using ! to Find Variations of a Word",
        "prolog": {
            "author": "Barb Bruns",
            "copyright": {
                "copyryear": {
                    "@year": "2009"
                },
                "copyrholder": "Lexisnexis"
            },
            "critdates": {
                "created": {
                    "@date": "2009-01-16"
                }
            },
            "metadata": {
                "prodinfo": {
                    "prodname": "Lexis Advance",
                    "vrmlist": {
                        "vrm": {
                            "@version": "1"
                        }
                    }
                }
            }
        },
        "refbody": {
            "section": {
                "p": "Use an exclamation mark (!) to find a root word plus all the words made by adding letters to the end of it. For example, employ! would find variations on the term employ such as employee, employer, employment, and their plurals.",
                "note": {
                    "@type": "note",
                    "ul": {
                        "li": [
                            "There must be at least 3 characters prior to the ! or you may receive unexpected results.",
                            "Use ! only to find unique roots; fir! will find fired, firing and fires, but will also find first, which you may not want.",
                            {
                                "uicontrol": [
                                    {
                                        "#tail": "will find",
                                        "#text": "\u201ccorp!\u201d"
                                    },
                                    {
                                        "#tail": "but not words beginning with",
                                        "#text": "corp!"
                                    },
                                    {
                                        "#tail": ", such as",
                                        "#text": "corp"
                                    },
                                    {
                                        "#tail": "or",
                                        "#text": "corporate"
                                    },
                                    {
                                        "#tail": ".",
                                        "#text": "corporation"
                                    }
                                ],
                                "#text": "Do not use ! inside quotation marks, or you may receive unexpected results. Enclosing anything in quotation marks finds only exact matches to whatever is inside them.  For example, the search"
                            }
                        ]
                    }
                }
            }
        }
    }
}