{
    "reference": {
        "@otherprops": "clientid",
        "@id": "listofrsrchact_ref",
        "title": "List of Research Activities that Trigger Access Charges",
        "prolog": {
            "author": "Robin Stubbart",
            "copyright": {
                "copyryear": {
                    "@year": "2012"
                },
                "copyrholder": "Lexisnexis"
            },
            "critdates": {
                "created": {
                    "@date": "2012-01-03"
                }
            },
            "metadata": {
                "prodinfo": {
                    "prodname": "Lexis Advance",
                    "vrmlist": {
                        "vrm": {
                            "@version": "1"
                        }
                    }
                }
            }
        },
        "refbody": {
            "section": {
                "note": {
                    "@type": "important",
                    "ph": {
                        "@keyref": "prodnamefirst",
                        "#tail": "Access Charge that is calculated based on the total number of non-Public Records searches times $60. The access charge is waived for all other customers."
                    },
                    "#text": "Customers who do not have a qualifying flat rate subscription will be charged a monthly"
                },
                "p": [
                    null,
                    {
                        "ph": {
                            "@keyref": "prodname",
                            "#tail": "Access charge:"
                        },
                        "#text": "These items are triggers for the"
                    }
                ],
                "simpletable": {
                    "sthead": {
                        "stentry": [
                            "Context",
                            "Description of User Action",
                            "User Actions"
                        ]
                    },
                    "strow": [
                        {
                            "stentry": [
                                "Search Form",
                                "Submit a search in the search box",
                                {
                                    "p": [
                                        "Submit Legal Search",
                                        "Single Citation Search (Search for <citation> references):",
                                        "Multiple Citation Search (Search for <citation> references):"
                                    ],
                                    "ul": [
                                        {
                                            "li": "Search results for <citation>"
                                        },
                                        {
                                            "li": "Search results for <citation>"
                                        }
                                    ]
                                }
                            ]
                        },
                        {
                            "stentry": [
                                "History List",
                                {
                                    "p": [
                                        "Rerun a prior Search from History List",
                                        "Rerun a prior Find Similar Search from History List",
                                        "Rerun a prior Compare Search from History List",
                                        "Rerun a prior Search Selected Text Search from History List"
                                    ]
                                },
                                {
                                    "p": [
                                        "Submit Legal Search",
                                        "Submit a Find Similar search",
                                        "Submit a Compare Search",
                                        "Submit Search Selected Text Search",
                                        "Retrieve all documents on a Topic"
                                    ]
                                }
                            ]
                        },
                        {
                            "stentry": [
                                "Folders",
                                {
                                    "p": [
                                        "Rerun a prior Search saved in Folders",
                                        "Rerun a prior Find Similar Search saved in Folders",
                                        "Rerun a prior Compare Search saved in Folders",
                                        "Rerun a prior Search Selected Text Search saved in Folders",
                                        "Rerun a prior Topic Search saved in Folders"
                                    ]
                                },
                                {
                                    "p": [
                                        "Submit Legal Search",
                                        "Submit a Find Similar search",
                                        "Submit a Compare Search",
                                        "Submit Search Selected Text Search",
                                        "Retrieve all documents on a Topic"
                                    ]
                                }
                            ]
                        },
                        {
                            "stentry": [
                                {
                                    "@audience": "res;lps;vsa;med",
                                    "#text": "Research Map"
                                },
                                {
                                    "p": [
                                        "Rerun a prior Search from Research Map",
                                        "Submit a Find Similar Documents search from Research Map",
                                        "Submit a Compare Search Results search from Research Map",
                                        "Rerun a prior Search Selected Text Search from Research Map",
                                        "Rerun a prior Topic Search from Research Map"
                                    ]
                                },
                                {
                                    "p": [
                                        "Submit Legal Search",
                                        "Submit a Find Similar search",
                                        "Submit a Compare Search",
                                        "Submit Search Selected Text Search",
                                        "Retrieve all documents on a Topic"
                                    ]
                                }
                            ]
                        },
                        {
                            "stentry": [
                                "Document",
                                {
                                    "p": [
                                        "Select text from document, then submit a Search Selected Text search",
                                        "Select an entity name in a document, then submit an Entity Name search"
                                    ]
                                },
                                {
                                    "p": [
                                        "Submit Search Selected Text Search",
                                        "Search on an entity (e.g., Company) found in a document"
                                    ]
                                }
                            ]
                        },
                        {
                            "stentry": [
                                "Results List",
                                {
                                    "p": [
                                        "User select search results available using Citation Search",
                                        "Rerun search using alternative search logic (Boolean or natural language)"
                                    ]
                                },
                                {
                                    "p": [
                                        "View Search Results for Citation Search",
                                        "Rerun search"
                                    ]
                                }
                            ]
                        },
                        {
                            "stentry": [
                                "Index Canvas",
                                "User selects to retrieve all documents on a selected topic",
                                "Retrieve all documents on a Topic"
                            ]
                        },
                        {
                            "stentry": [
                                "Topic Summary Report",
                                "User selects to retrieve all documents on a selected topic",
                                "Retrieve all documents on a Topic"
                            ]
                        },
                        {
                            "stentry": [
                                "Topic in Case",
                                "User selects to retrieve all documents on a selected topic",
                                "Retrieve all documents on a Topic"
                            ]
                        }
                    ]
                }
            }
        }
    }
}