{
    "reference": {
        "@otherprops": "connectors",
        "@id": "listofspecialchars_ref",
        "title": "Searching for Symbols or Other Special Characters",
        "prolog": {
            "author": "Christina Stommel",
            "copyright": {
                "copyryear": {
                    "@year": "2013"
                },
                "copyrholder": "Lexisnexis"
            },
            "critdates": {
                "created": {
                    "@date": "2013-09-13"
                }
            },
            "metadata": {
                "prodinfo": {
                    "prodname": "Lexis Advance",
                    "vrmlist": {
                        "vrm": {
                            "@version": "1"
                        }
                    }
                }
            }
        },
        "refbody": {
            "section": {
                "p": [
                    {
                        "ph": {
                            "@keyref": "prodnamefirst",
                            "#tail": "service does not search for the following special characters or symbols:"
                        },
                        "#text": "The"
                    },
                    "If the search includes any of the listed symbols or characters, the service ignores them. The Lexis Advance service processes the search with the other terms you entered."
                ],
                "ul": {
                    "li": [
                        "# (number / pound)",
                        "$ (dollar sign)",
                        "% (percent)",
                        "\u00a7 (section)",
                        "= (equals)",
                        "@ (at / section)",
                        {
                            "note": {
                                "@type": "note",
                                "userinput": [
                                    {
                                        "#tail": "as a command. So",
                                        "#text": ":"
                                    },
                                    {
                                        "#tail": "finds zero results, but",
                                        "#text": "40a:20-12"
                                    },
                                    {
                                        "#tail": "retrieves cases. When you use quotation marks around the colon, the service stops reading the",
                                        "#text": "\"40a:20-12\""
                                    },
                                    {
                                        "#tail": "as a command.",
                                        "#text": ":"
                                    }
                                ],
                                "#text": "The service reads the"
                            },
                            "#text": ": (colon)"
                        },
                        "- (hyphen)",
                        "\"  \" (quotation marks)",
                        "/ (slash)",
                        ". (period)",
                        "& (ampersand)"
                    ]
                },
                "note": {
                    "@type": "note",
                    "userinput": {
                        "#tail": ", the service finds the phrase, but does not locate only those documents where it finds the phrase in quotation marks.",
                        "#text": "\"tortious interference\""
                    },
                    "#text": "You can use quotation marks to designate phrases when you enter your terms, but the service does not search the quotation marks. For example, if you enter"
                }
            }
        }
    }
}