{
    "reference": {
        "@otherprops": "connectors",
        "@id": "not_ref",
        "title": {
            "userinput": {
                "#tail": "Connector",
                "#text": "and not"
            }
        },
        "prolog": {
            "author": "Barb Bruns",
            "copyright": {
                "copyryear": {
                    "@year": "2007"
                },
                "copyrholder": "Lexisnexis"
            },
            "critdates": {
                "created": {
                    "@date": "2010-04-29"
                }
            },
            "metadata": {
                "prodinfo": {
                    "prodname": "Lexis Advance",
                    "vrmlist": {
                        "vrm": {
                            "@version": "1"
                        }
                    }
                }
            }
        },
        "refbody": {
            "section": [
                {
                    "p": [
                        {
                            "userinput": {
                                "#tail": "connector to find documents in which a search word or phrase is to be excluded.",
                                "#text": "and not"
                            },
                            "#text": "Use the"
                        },
                        "For example, the following search finds documents where the word \"capital\" occurs but the word \"gains\" does not.",
                        {
                            "userinput": "capital and not gains"
                        },
                        "Because the exclusion covers the entire document, in this example, a document would be excluded if the word \"gains\" appears anywhere in the document.",
                        "You can exclude documents containing multiple words this way:",
                        {
                            "userinput": "capital and not gains and not improvements"
                        },
                        "This example finds documents where the word \"capital\" occurs but the words \"gains\" and \"improvements\" do not."
                    ]
                },
                {
                    "note": {
                        "userinput": {
                            "#tail": "connector.",
                            "#text": "and not"
                        },
                        "ul": {
                            "li": [
                                "andnot",
                                "but not",
                                "butnot"
                            ],
                            "#tail": "All these connectors operate the same way."
                        },
                        "#text": "You can use these connectors in the same way as the"
                    }
                }
            ]
        }
    }
}