{
    "reference": {
        "@otherprops": "fulldoctools",
        "@audience": "res",
        "@id": "stylesourceinfo_ref",
        "title": "Sources for Formats",
        "prolog": {
            "author": "Barb Bruns",
            "copyright": {
                "copyryear": {
                    "@year": "2009"
                },
                "copyrholder": "Lexisnexis"
            },
            "critdates": {
                "created": {
                    "@date": "2009-02-04"
                }
            },
            "metadata": {
                "prodinfo": {
                    "prodname": "Lexis Advance",
                    "vrmlist": {
                        "vrm": {
                            "@version": "1"
                        }
                    }
                }
            }
        },
        "refbody": {
            "section": {
                "p": {
                    "uicontrol": {
                        "#tail": "feature.",
                        "#text": "Copy Citation"
                    },
                    "#text": "This table lists the sources for the formats you can select from when copying a document citation to your clipboard from a full document, using the"
                },
                "simpletable": {
                    "sthead": {
                        "stentry": [
                            "Format",
                            "Source"
                        ]
                    },
                    "strow": [
                        {
                            "stentry": [
                                "Standard",
                                {
                                    "i": {
                                        "#tail": "\u00ae",
                                        "#text": "The Bluebook"
                                    },
                                    "fn": [
                                        {
                                            "i": {
                                                "#tail": "\u00ae is a registered trademark of the Harvard Law Review Association, the Columbia Law Review, the University of Pennsylvania Law Review, and the Yale Law Journal.",
                                                "#text": "The Bluebook"
                                            },
                                            "#tail": "for practitioners.  All source citations include public domain, official reporters and National Reporter System\u00ae"
                                        },
                                        {
                                            "#tail": "references, allowing the user to customize according to local rules.  See the general notes below for some other exceptions",
                                            "#text": "National Reporter System\u00ae is a registered trademark of West Publishing Corporation."
                                        }
                                    ],
                                    "#text": "Closely aligns with the rules in"
                                }
                            ]
                        },
                        {
                            "stentry": [
                                "ALWD",
                                {
                                    "i": "ALWD Guide to Legal Citation (Fifth edition)"
                                }
                            ]
                        },
                        {
                            "stentry": [
                                "Arizona",
                                {
                                    "i": [
                                        {
                                            "#tail": ", Rule 13 and",
                                            "#text": "Arizona Rules of Civil Appellate Procedure"
                                        },
                                        {
                                            "#tail": ", Rule 31.13.",
                                            "#text": "Arizona Rules of Criminal Procedure"
                                        }
                                    ],
                                    "#text": "Follows Standard except as noted in"
                                }
                            ]
                        },
                        {
                            "stentry": [
                                "California",
                                {
                                    "i": [
                                        {
                                            "#tail": ", 4th edition. Source citations are styled according to the \"better practice\" rules defined in the",
                                            "#text": "California Style Manual"
                                        },
                                        {
                                            "#tail": ", which matches the style used in the Official Reports by always including parallel citations for California state cases.",
                                            "#text": "California Style Manual"
                                        }
                                    ]
                                }
                            ]
                        },
                        {
                            "stentry": [
                                "Colorado",
                                {
                                    "xref": {
                                        "@scope": "external",
                                        "@href": "http://www.courts.state.co.us/Courts/Supreme_Court/Directives/CJD 12-01.pdf",
                                        "#tail": ".",
                                        "#text": "Chief Justice Directive 12-01"
                                    },
                                    "#text": "Follows Standard except as noted in"
                                }
                            ]
                        },
                        {
                            "stentry": [
                                "Connecticut",
                                {
                                    "xref": {
                                        "@scope": "external",
                                        "@href": "http://www.jud.state.ct.us/Publications/Manual_of_style.pdf",
                                        "#tail": ".",
                                        "#text": "The Manual of Style for the Connecticut Courts (Third Edition)"
                                    },
                                    "#text": "Follows Standard except as noted in the"
                                }
                            ]
                        },
                        {
                            "stentry": [
                                "Florida",
                                {
                                    "i": [
                                        {
                                            "#tail": ": Seventh Edition: 30 Fla. St. U.L. Rev. 553, \u00a9 2010 and",
                                            "#text": "Florida Style Manual"
                                        },
                                        {
                                            "#tail": "9.800.",
                                            "#text": "Florida Rules of Appellate Procedure"
                                        }
                                    ],
                                    "#text": "Follows Standard except as noted in the"
                                }
                            ]
                        },
                        {
                            "stentry": [
                                "Georgia",
                                {
                                    "i": {
                                        "#tail": ".",
                                        "#text": "Georgia Supreme Court Rule 22"
                                    },
                                    "#text": "Follows Standard except as noted in"
                                }
                            ]
                        },
                        {
                            "stentry": [
                                "Hawai'i",
                                {
                                    "xref": {
                                        "@scope": "external",
                                        "@href": "https://www.law.hawaii.edu/sites/www.law.hawaii.edu/files/content/library/HandbookofCitationForm.pdf",
                                        "#tail": "and",
                                        "#text": "A Handbook of Citation Form for Law Clerks at the Appellate Courts of the State of Hawai'i (2008 Edition)"
                                    },
                                    "i": "Hawai'i Rule of Appellate Procedure 28",
                                    "fn": {
                                        "i": {
                                            "#tail": "currently use \"Hawai'i\" as the publication abbreviation instead of \"Haw.\"  This will be corrected in a future release.  Recommend selecting \"Standard\" as the format for those cases, as it uses the correct abbreviation.",
                                            "#text": "Hawai\u2018i Reports"
                                        },
                                        "#tail": ".",
                                        "#text": "Note that citations to volumes 1-75 of"
                                    },
                                    "#text": "Follows"
                                }
                            ]
                        },
                        {
                            "stentry": [
                                "Illinois",
                                {
                                    "i": {
                                        "#tail": "(Rev. 2012).",
                                        "#text": "Style Manual for the Supreme and Appellate Courts of Illinois - Fourth Edition"
                                    },
                                    "#text": "Follows Standard except as noted in the"
                                }
                            ]
                        },
                        {
                            "stentry": [
                                "Louisiana",
                                {
                                    "i": {
                                        "#tail": ".",
                                        "#text": "Louisiana General Administrative Rules \u00a7 8"
                                    },
                                    "#text": "Follows Standard except as noted in the"
                                }
                            ]
                        },
                        {
                            "stentry": [
                                "Maryland",
                                "Follows Standard except for Maryland Rule 8-504."
                            ]
                        },
                        {
                            "stentry": [
                                "Massachusetts",
                                {
                                    "i": {
                                        "#tail": "prepared by the Office of the Reporter of Decisions - 2011.",
                                        "#text": "Massachusetts Reports Style Manual"
                                    },
                                    "#text": "Follows"
                                }
                            ]
                        },
                        {
                            "stentry": [
                                "Michigan",
                                {
                                    "xref": {
                                        "@scope": "external",
                                        "@href": "http://courts.mi.gov/Courts/MichiganSupremeCourt/Pages/reporters-manual.aspx",
                                        "#tail": ". Exception:  A citation to a Michigan case that was initially unpublished will include the decision date, rather than the date it was approved for publication.",
                                        "#text": "Michigan Appellate Opinion Manual"
                                    },
                                    "#text": "Follows the"
                                }
                            ]
                        },
                        {
                            "stentry": [
                                "New Jersey",
                                {
                                    "i": {
                                        "#tail": ", Revised and Approved by the Supreme Court of New Jersey April 22, 2004.",
                                        "#text": "Manual on Style for Judicial Opinions"
                                    },
                                    "#text": "Follows Standard except as noted in the"
                                }
                            ]
                        },
                        {
                            "stentry": [
                                "New Mexico",
                                {
                                    "i": "Annotated Rules of New Mexico 23-112",
                                    "#text": "Follows Standard except as noted in the"
                                }
                            ]
                        },
                        {
                            "stentry": [
                                "New York",
                                {
                                    "xref": {
                                        "@scope": "external",
                                        "@href": "http://www.courts.state.ny.us/reporter/new_styman.htm",
                                        "#tail": "effective July 1, 2012, found at: New York Official Reports - Official Reports Style Manual.",
                                        "#text": "New York Law Reports Style Manual"
                                    }
                                }
                            ]
                        },
                        {
                            "stentry": [
                                "Ohio",
                                {
                                    "i": {
                                        "#tail": "- Effective July 1, 2013.",
                                        "#text": "Supreme Court of Ohio Writing Manual: A Guide to Citations, Style and Judicial Opinions Writing - Second Edition"
                                    },
                                    "#text": "Follows The"
                                }
                            ]
                        },
                        {
                            "stentry": [
                                "Pennsylvania",
                                {
                                    "i": {
                                        "#tail": ".",
                                        "#text": "Pennsylvania Rules of Appellate Procedure, Rule 2119"
                                    },
                                    "#text": "Follows Standard except as noted in the"
                                }
                            ]
                        },
                        {
                            "stentry": [
                                "Tennessee",
                                {
                                    "xref": {
                                        "@scope": "external",
                                        "@href": "http://www.tncourts.gov/rules/rules-appellate-procedure/27",
                                        "#tail": "[Effective July 1, 1979], Rule 27.",
                                        "#text": "Tennessee Rules of Appellate Procedure"
                                    },
                                    "#text": "Follows Standard except as noted in the"
                                }
                            ]
                        },
                        {
                            "stentry": [
                                "Texas",
                                {
                                    "i": "The Greenbook: Texas Rules of Form (Twelfth Edition)",
                                    "#text": "Follows Standard except as noted in"
                                }
                            ]
                        },
                        {
                            "stentry": [
                                "Utah",
                                "Follows Standard except for Utah Supreme Court Standing Order No. 4."
                            ]
                        },
                        {
                            "stentry": [
                                "Washington",
                                {
                                    "xref": {
                                        "@scope": "external",
                                        "@href": "http://www.courts.wa.gov/appellate_trial_courts/supreme/?fa=atc_supreme.style",
                                        "#tail": "STYLE SHEET Effective December 28, 2010, and Subject to Revision.",
                                        "#text": "Washington (State) Office of Reporter of Decisions"
                                    },
                                    "#text": "Follows Standard except as noted in the"
                                }
                            ]
                        },
                        {
                            "stentry": [
                                "Wisconsin",
                                {
                                    "i": {
                                        "#tail": ", 7th Edition, published by the State Bar of Wisconsin, \u00a9 2012 and Wisconsin Supreme Court Rules Chapter 80",
                                        "#text": "Wisconsin Guide to Citation"
                                    },
                                    "#text": "Follows Standard except as noted in the"
                                }
                            ]
                        }
                    ]
                },
                "note": {
                    "ul": {
                        "li": [
                            {
                                "uicontrol": {
                                    "#tail": "feature uses case names from documents in",
                                    "#text": "Copy Citation"
                                },
                                "ph": {
                                    "@keyref": "prodnamefirst",
                                    "#tail": ".  Only rules for abbreviating words in case names are applied according to each format."
                                },
                                "#text": "The"
                            },
                            "Subsequent history is not provided in the source citations (only primary citations)."
                        ]
                    }
                }
            }
        }
    }
}