{
    "reference": {
        "@otherprops": "connectors",
        "@id": "usequotes_ref",
        "title": "Using Quotation Marks to Find Exact Matches",
        "prolog": {
            "author": "Barb Bruns",
            "copyright": {
                "copyryear": {
                    "@year": "2009"
                },
                "copyrholder": "Lexisnexis"
            },
            "critdates": {
                "created": {
                    "@date": "2015-09-10"
                }
            },
            "metadata": {
                "prodinfo": {
                    "prodname": "Lexis Advance",
                    "vrmlist": {
                        "vrm": {
                            "@version": "1"
                        }
                    }
                }
            }
        },
        "refbody": {
            "section": {
                "p": "You can enclose any text in quotation marks to find documents containing that exact text. Quotation marks can also be used to ensure you find documents containing the singular and the plural of a search term.  Here are some examples.",
                "simpletable": {
                    "sthead": {
                        "stentry": [
                            "This Search",
                            "Finds This"
                        ]
                    },
                    "strow": [
                        {
                            "stentry": [
                                "\"scrivener\u2019s error\"",
                                {
                                    "userinput": "scrivener's error",
                                    "#text": "Documents containing the exact text"
                                }
                            ]
                        },
                        {
                            "stentry": [
                                "dispute and \"homeowner association\" or \"homeowner's association\"",
                                {
                                    "userinput": [
                                        {
                                            "#tail": "and either the text",
                                            "#text": "dispute"
                                        },
                                        {
                                            "#tail": "or",
                                            "#text": "homeowner association"
                                        },
                                        "homeowner's association"
                                    ],
                                    "#text": "Documents containing the term"
                                }
                            ]
                        },
                        {
                            "stentry": [
                                "dismissal w/15 \"employee\" or \"employees\"",
                                {
                                    "userinput": [
                                        {
                                            "#tail": "within 15 words of either the text",
                                            "#text": "dismissal"
                                        },
                                        {
                                            "#tail": "or",
                                            "#text": "employee"
                                        },
                                        "employees"
                                    ],
                                    "#text": "Documents containing the term"
                                }
                            ]
                        }
                    ]
                }
            }
        }
    }
}