{
    "reference": {
        "@otherprops": "connectors",
        "@id": "wpara_ref",
        "title": {
            "userinput": [
                {
                    "#tail": "or",
                    "#text": "w/p"
                },
                {
                    "#tail": "Connector",
                    "#text": "/p"
                }
            ]
        },
        "prolog": {
            "author": "Barb Bruns",
            "copyright": {
                "copyryear": {
                    "@year": "2007"
                },
                "copyrholder": "Lexisnexis"
            },
            "critdates": {
                "created": {
                    "@date": "2010-04-29"
                }
            },
            "metadata": {
                "prodinfo": {
                    "prodname": "Lexis Advance",
                    "vrmlist": {
                        "vrm": {
                            "@version": "1"
                        }
                    }
                }
            }
        },
        "refbody": {
            "section": {
                "p": [
                    {
                        "userinput": [
                            {
                                "#tail": "or",
                                "#text": "w/p"
                            },
                            {
                                "#tail": "(within paragraph) connector to find documents with search words that appear within approximately 75 words of each other.",
                                "#text": "/p"
                            }
                        ],
                        "#text": "Use the"
                    },
                    "For example, the following example finds \"retirement\" 75 words of \"benefit\":",
                    {
                        "userinput": "retirement w/p benefit"
                    },
                    "The following example finds \"subcontract\" or \"sub-contract\" within the same paragraph as \"architect\":",
                    {
                        "userinput": "subcontract or sub-contract /p architect"
                    }
                ],
                "note": {
                    "userinput": [
                        {
                            "#tail": "in place of",
                            "#text": "w/para"
                        },
                        {
                            "#tail": "or",
                            "#text": "/p"
                        },
                        {
                            "#tail": "if you wish. All 3 function the same way.",
                            "#text": "w/p"
                        }
                    ],
                    "#text": "You can use"
                }
            }
        }
    }
}