{
    "reference": {
        "@otherprops": "connectors",
        "@id": "wseg_ref",
        "title": {
            "userinput": {
                "#tail": "Connector",
                "#text": "w/seg"
            }
        },
        "prolog": {
            "author": "Barb Bruns",
            "copyright": {
                "copyryear": {
                    "@year": "2007"
                },
                "copyrholder": "Lexisnexis"
            },
            "critdates": {
                "created": {
                    "@date": "2010-04-29"
                }
            },
            "metadata": {
                "prodinfo": {
                    "prodname": "Lexis Advance",
                    "vrmlist": {
                        "vrm": {
                            "@version": "1"
                        }
                    }
                }
            }
        },
        "refbody": {
            "section": {
                "p": [
                    {
                        "userinput": {
                            "#tail": "connector to find documents in which your search terms appear in the same segment (headline, body, etc.), or within approximately 100 words of each other.",
                            "#text": "w/seg"
                        },
                        "#text": "Use the"
                    },
                    "For example, the following search finds documents where the word \"unreported\" and \"income\" appear in the same segment.",
                    {
                        "userinput": "unreported w/seg income"
                    }
                ]
            }
        }
    }
}