{
    "task": {
        "@otherprops": "alertlistips;alertresultips;alerts",
        "@id": "alertviewresults_hdi",
        "title": "How do I view the results of an alert?",
        "prolog": {
            "author": [
                "Barb Bruns",
                "Christina Stommel (GDSI release)"
            ],
            "copyright": {
                "copyryear": {
                    "@year": "2007"
                },
                "copyrholder": "Lexisnexis"
            },
            "critdates": {
                "created": {
                    "@date": "2006-10-03"
                }
            },
            "metadata": {
                "prodinfo": {
                    "prodname": "Lexis Advance",
                    "vrmlist": {
                        "vrm": {
                            "@version": "1"
                        }
                    }
                }
            }
        },
        "taskbody": {
            "context": {
                "p": [
                    "After you've created an alert, you can view the results of any searches that alert performs for you.",
                    "To view your results:"
                ],
                "ul": {
                    "li": {
                        "ul": {
                            "li": [
                                {
                                    "ph": {
                                        "@keyref": "prodnamefirst",
                                        "#tail": "home page, select the"
                                    },
                                    "uicontrol": [
                                        {
                                            "#tail": "link in the",
                                            "#text": "View all alerts"
                                        },
                                        {
                                            "#tail": "pod. (The number next to the alert title shows the number of unread results.) The Alerts page appears.",
                                            "#text": "Alerts"
                                        }
                                    ],
                                    "#text": "On the"
                                },
                                {
                                    "uicontrol": [
                                        {
                                            "#tail": "from the",
                                            "#text": "Alerts"
                                        },
                                        {
                                            "#tail": "drop-down list at the top of any page. The Alerts page appears.",
                                            "#text": "More"
                                        }
                                    ],
                                    "#text": "Choose"
                                }
                            ]
                        },
                        "#text": "Do one of the following:"
                    }
                }
            },
            "result": {
                "note": {
                    "@type": "note",
                    "ul": {
                        "li": [
                            {
                                "ph": [
                                    {
                                        "@keyref": "vsanamefirst",
                                        "#tail": "and you view your alerts, the list is limited to show only"
                                    },
                                    {
                                        "@keyref": "vsaname",
                                        "#tail": "-related alerts. You can clear this filter and view all of your available alerts (regardless of which experience you are working in) by clicking the X next to the filter name, above the"
                                    }
                                ],
                                "uicontrol": {
                                    "#tail": "pane.",
                                    "#text": "Narrow By"
                                },
                                "#text": "When you first view the alerts list, it is filtered based on which experience you are working in when you view all alerts. For example, if you are working in"
                            },
                            "Once you are viewing your alert results, select the alert name for which you want to view the results."
                        ]
                    }
                }
            }
        }
    }
}