{
    "task": {
        "@otherprops": "clientid;setclientIDtips",
        "@id": "assignclientidinfolder_hdi",
        "title": "How do I assign a client ID to a document saved in a folder?",
        "prolog": {
            "author": [
                "Barb Bruns",
                "Christina Stommel (GDSI Release)"
            ],
            "copyright": {
                "copyryear": {
                    "@year": "2007"
                },
                "copyrholder": "Lexisnexis"
            },
            "critdates": {
                "created": {
                    "@date": "2006-10-03"
                }
            },
            "metadata": {
                "prodinfo": {
                    "prodname": "Lexis Advance",
                    "vrmlist": {
                        "vrm": {
                            "@version": "1"
                        }
                    }
                }
            }
        },
        "taskbody": {
            "context": {
                "p": [
                    "You can assign a client ID to associate with a document you have saved in a folder.",
                    "To do this:"
                ]
            },
            "steps": {
                "step": [
                    {
                        "cmd": {
                            "uicontrol": [
                                {
                                    "#tail": "pod, or select the",
                                    "#text": "Folders"
                                },
                                {
                                    "#tail": "link from",
                                    "#text": "Folders"
                                },
                                {
                                    "#tail": "drop-down list at the top of any page and select a folder.",
                                    "#text": "More"
                                }
                            ],
                            "#text": "Select a folder from the"
                        }
                    },
                    {
                        "cmd": "Open the document you want to assign a client ID to."
                    },
                    {
                        "cmd": {
                            "uicontrol": {
                                "#tail": "icon to the right of the document name (near the top of the page). The Edit Document Properties dialog box appears.",
                                "#text": "Edit"
                            },
                            "#text": "Click the"
                        }
                    },
                    {
                        "cmd": {
                            "uicontrol": [
                                {
                                    "#tail": "options, select the client you want to use. For example, to select a recent client ID, select",
                                    "#text": "Client"
                                },
                                {
                                    "#tail": "and then choose the ID from the drop-down list. Or select a new client by selecting",
                                    "#text": "Recent client IDs"
                                },
                                {
                                    "#tail": "and entering the ID in the box.",
                                    "#text": "New client ID"
                                }
                            ],
                            "#text": "From the"
                        }
                    },
                    {
                        "cmd": {
                            "uicontrol": {
                                "#tail": "button.",
                                "#text": "Save"
                            },
                            "#text": "Click the"
                        }
                    }
                ]
            }
        }
    }
}