{
    "task": {
        "@otherprops": "searchbrowse",
        "@id": "browsetopics_hdi",
        "title": "How do I browse through all available topics?",
        "prolog": {
            "author": "Barb Bruns",
            "copyright": {
                "copyryear": {
                    "@year": "2012"
                },
                "copyrholder": "Lexisnexis"
            },
            "critdates": {
                "created": {
                    "@date": "2012-06-29"
                }
            },
            "metadata": {
                "prodinfo": {
                    "prodname": "Lexis Advance",
                    "vrmlist": {
                        "vrm": {
                            "@version": "1"
                        }
                    }
                }
            }
        },
        "taskbody": {
            "steps": {
                "step": [
                    {
                        "cmd": {
                            "ph": {
                                "@keyref": "prodnamefirst",
                                "#tail": "home page, select the"
                            },
                            "uicontrol": {
                                "#tail": "drop-down menu at the top of the page.",
                                "#text": "Browse"
                            },
                            "#text": "On the"
                        }
                    },
                    {
                        "cmd": {
                            "uicontrol": {
                                "#tail": ".",
                                "#text": "Topics"
                            },
                            "#text": "Select"
                        }
                    },
                    {
                        "cmd": {
                            "uicontrol": [
                                {
                                    "#tail": ",",
                                    "#text": "Administrative Law"
                                },
                                {
                                    "#tail": ", etc. from the list.",
                                    "#text": "Family Law"
                                }
                            ],
                            "#text": "Select a practice area, such as"
                        }
                    },
                    {
                        "cmd": "Continue to expand the selections until you see the topic you want.",
                        "info": {
                            "note": {
                                "@type": "tip",
                                "uicontrol": {
                                    "#tail": "box and click the search icon.",
                                    "#text": "Search for a topic"
                                },
                                "#text": "To find a topic faster, enter it in the"
                            }
                        }
                    },
                    {
                        "cmd": "Select the topic you want to use."
                    },
                    {
                        "cmd": "Choose one of the following options for how you want to use the topic:",
                        "choicetable": {
                            "chrow": [
                                {
                                    "choption": "Get documents",
                                    "chdesc": "Choose this option if you want to view the documents associated with the topic."
                                },
                                {
                                    "choption": "Add topic as a search filter",
                                    "chdesc": "Choose this option to include items in your search that are associated with this topic."
                                },
                                {
                                    "choption": "Create a topic alert",
                                    "chdesc": "Choose this option if you want to be notified when updates to this topic are available."
                                },
                                {
                                    "choption": "View topic summary report",
                                    "chdesc": "Choose this option if you want to view high-level information about the topic."
                                }
                            ]
                        }
                    }
                ]
            }
        }
    }
}