{
    "task": {
        "@otherprops": "history;alertcomparetips",
        "@audience": "res;lps;vsa;med",
        "@id": "comparesults_hdi",
        "title": "How do I find documents that are common to the results sets of 2 or more searches?",
        "prolog": {
            "author": "Barb Bruns",
            "copyright": {
                "copyryear": {
                    "@year": "2007"
                },
                "copyrholder": "Lexisnexis"
            },
            "critdates": {
                "created": {
                    "@date": "2006-10-03"
                }
            },
            "metadata": {
                "prodinfo": {
                    "prodname": "Lexis Advance",
                    "vrmlist": {
                        "vrm": {
                            "@version": "1"
                        }
                    }
                }
            }
        },
        "taskbody": {
            "context": {
                "p": {
                    "uicontrol": {
                        "#tail": "feature of the Research Map to find all the documents of the same content type that are common to the results sets of up to 3 searches.",
                        "#text": "Compare Search Results"
                    },
                    "#text": "Use the"
                }
            },
            "steps": {
                "step": [
                    {
                        "cmd": "To start, do one of the following:",
                        "info": {
                            "ul": {
                                "li": [
                                    {
                                        "ph": {
                                            "@keyref": "prodnamefirst",
                                            "#tail": "home page, select the"
                                        },
                                        "uicontrol": [
                                            {
                                                "#tail": "pod, then select the",
                                                "#text": "History"
                                            },
                                            {
                                                "#tail": "link at the bottom of the pod.",
                                                "#text": "Research Map"
                                            }
                                        ],
                                        "#text": "On the"
                                    },
                                    {
                                        "uicontrol": [
                                            {
                                                "#tail": ", then",
                                                "#text": "History"
                                            },
                                            {
                                                "#tail": ".",
                                                "#text": "Research Map"
                                            }
                                        ],
                                        "#text": "From the top of any page, select"
                                    }
                                ]
                            }
                        }
                    },
                    {
                        "cmd": {
                            "uicontrol": [
                                {
                                    "#tail": ",",
                                    "#text": "View by"
                                },
                                {
                                    "#tail": ", and",
                                    "#text": "Client"
                                },
                                {
                                    "#tail": "links.",
                                    "#text": "Date"
                                }
                            ],
                            "#text": "In the left pane, filter the list of searches you want to see by selecting options from the"
                        }
                    },
                    {
                        "cmd": {
                            "uicontrol": {
                                "#tail": "list (also located in the left pane), select the checkboxes for the searches you want to view.",
                                "#text": "Trails"
                            },
                            "#text": "In the"
                        }
                    },
                    {
                        "cmd": {
                            "image": {
                                "@alt": "Results box",
                                "@href": "mapresultsbox.png",
                                "#tail": ") under a content type (for example, under"
                            },
                            "uicontrol": {
                                "#tail": ").",
                                "#text": "Cases"
                            },
                            "#text": "In the map, select a results box ("
                        }
                    },
                    {
                        "cmd": {
                            "uicontrol": [
                                {
                                    "#tail": "in the",
                                    "#text": "Actions"
                                },
                                {
                                    "#tail": "box that appears, select",
                                    "#text": "Content Type"
                                },
                                {
                                    "#tail": ". The search will be added to the",
                                    "#text": "Select search to compare search results"
                                },
                                {
                                    "#tail": "box above the map.",
                                    "#text": "Compare Search Results"
                                }
                            ],
                            "#text": "Under"
                        }
                    },
                    {
                        "cmd": "Repeat these steps to select up to two more searches for comparison (three total).",
                        "info": {
                            "note": {
                                "@type": "note",
                                "ul": {
                                    "li": [
                                        {
                                            "uicontrol": [
                                                {
                                                    "#tail": "tray and select the",
                                                    "#text": "Compare Search Results"
                                                },
                                                {
                                                    "#tail": "next to the search you want to remove.",
                                                    "#text": "X"
                                                }
                                            ],
                                            "#text": "To remove a search you selected for comparison, select the"
                                        },
                                        {
                                            "uicontrol": {
                                                "#tail": "content type.",
                                                "#text": "Cases"
                                            },
                                            "#text": "To find documents that are common, you must select from the same content type box on the map for each search.  For example, select from the"
                                        }
                                    ]
                                }
                            }
                        }
                    },
                    {
                        "cmd": {
                            "uicontrol": {
                                "#tail": "button. The Compare Search Results For dialog box appears.",
                                "#text": "Compare Search Results (N)"
                            },
                            "#text": "Click the"
                        }
                    },
                    {
                        "cmd": {
                            "uicontrol": {
                                "#tail": "button. The comparison is opened.",
                                "#text": "Compare Search Results"
                            },
                            "#text": "Click the"
                        }
                    }
                ]
            }
        }
    }
}