{
    "task": {
        "@otherprops": "fulldoctools;copycitationtips",
        "@audience": "res;lps;lpa",
        "@id": "copycitation_hdi",
        "title": "How do I copy a citation to the clipboard?",
        "prolog": {
            "author": "Barb Bruns",
            "copyright": {
                "copyryear": {
                    "@year": "2009"
                },
                "copyrholder": "Lexisnexis"
            },
            "critdates": {
                "created": {
                    "@date": "2009-12-15"
                }
            },
            "metadata": {
                "prodinfo": {
                    "prodname": "Lexis Advance",
                    "vrmlist": {
                        "vrm": {
                            "@version": "1"
                        }
                    }
                }
            }
        },
        "taskbody": {
            "context": {
                "p": [
                    "You can copy a document citation (including the pinpoint cite, if any) and/or a section of text to the clipboard, to paste into a word processor or other document.  If you wish, you can save the document citation as a link to the document.",
                    "To copy only the citation:"
                ]
            },
            "steps": {
                "step": [
                    {
                        "cmd": {
                            "uicontrol": [
                                {
                                    "#tail": "at the top of the document. The",
                                    "#text": "Copy citation"
                                },
                                {
                                    "#tail": "dialog box appears with the document citation displayed.",
                                    "#text": "Copy Citation to Clipboard"
                                }
                            ],
                            "#text": "While viewing a full document, select"
                        },
                        "info": {
                            "p": {
                                "uicontrol": {
                                    "#tail": ".",
                                    "#text": "Current format"
                                },
                                "#text": "The last citation format you used is listed next to"
                            }
                        }
                    },
                    {
                        "cmd": {
                            "uicontrol": [
                                {
                                    "#tail": "drop-down list and click",
                                    "#text": "New format"
                                },
                                {
                                    "#tail": "to apply the format to the citation.",
                                    "#text": "Apply"
                                }
                            ],
                            "#text": "Continue to use the current format, or select a different format from the"
                        },
                        "info": {
                            "note": {
                                "@type": "note",
                                "xref": {
                                    "@scope": "peer",
                                    "@href": "stylesourceinfo_ref.xml",
                                    "#text": "About source format"
                                },
                                "#text": "For source information for the formats that are listed, see"
                            }
                        }
                    },
                    {
                        "cmd": {
                            "uicontrol": [
                                {
                                    "#tail": ", select the reporters you want to use. The reporters are added to the citation in the",
                                    "#text": "Include these references"
                                },
                                {
                                    "#tail": "area.",
                                    "#text": "Preview"
                                }
                            ],
                            "#text": "Next to"
                        }
                    },
                    {
                        "cmd": {
                            "uicontrol": {
                                "#tail": "checkbox to copy the citation as a link that can be selected to display the full document.",
                                "#text": "Copy citation as hyperlink"
                            },
                            "#text": "Select the"
                        }
                    },
                    {
                        "cmd": {
                            "uicontrol": [
                                {
                                    "#tail": "or",
                                    "#text": "Underline"
                                },
                                {
                                    "#tail": "the case name when you paste the citation you are copying in the text editing application you are using.",
                                    "#text": "Italicize"
                                }
                            ],
                            "#text": "Select whether you want to"
                        }
                    },
                    {
                        "cmd": {
                            "uicontrol": {
                                "#tail": "checkbox to include the parallel reporters in the citation.",
                                "#text": "Include parallel citations"
                            },
                            "#text": "If it's available, select the"
                        }
                    },
                    {
                        "cmd": "Depending on which browser you are using, do one of the following to copy the citation and close the dialog box:",
                        "choices": {
                            "choice": [
                                {
                                    "uicontrol": [
                                        {
                                            "#tail": "button, use your browser tools to copy the citation in the",
                                            "#text": "Close"
                                        },
                                        {
                                            "#tail": "box and then paste it into a word processor or other text editor. For example, right-click on the highlighted citation and choose",
                                            "#text": "Preview"
                                        },
                                        {
                                            "#tail": "from the browser's shortcut menu. Then, click",
                                            "#text": "Copy"
                                        },
                                        {
                                            "#tail": "to close the dialog box.",
                                            "#text": "Close"
                                        }
                                    ],
                                    "#text": "If the dialog box has only a"
                                },
                                {
                                    "uicontrol": [
                                        {
                                            "#tail": "button, click the",
                                            "#text": "Copy & Close"
                                        },
                                        {
                                            "#tail": "button to copy the citation and close the dialog box. Then, paste the text into a word processor or other text editor.",
                                            "#text": "Copy & Close"
                                        }
                                    ],
                                    "#text": "If the dialog box has a"
                                }
                            ]
                        }
                    }
                ]
            },
            "result": {
                "note": {
                    "@type": "note",
                    "xref": {
                        "@scope": "peer",
                        "@href": "copytexttoclipboard_hdi.xml"
                    },
                    "#text": "To copy document text along with the citation, see"
                }
            }
        }
    }
}