{
    "task": {
        "@otherprops": "folders",
        "@id": "createfolder_hdi",
        "title": "How do I create a new folder?",
        "prolog": {
            "author": [
                "Barb Bruns",
                "Christina Stommel (GDSI Release)"
            ],
            "copyright": {
                "copyryear": {
                    "@year": "2009"
                },
                "copyrholder": "Lexisnexis"
            },
            "critdates": {
                "created": {
                    "@date": "2009-11-13"
                }
            },
            "metadata": {
                "prodinfo": {
                    "prodname": "Lexis Advance",
                    "vrmlist": {
                        "vrm": {
                            "@version": "1"
                        }
                    }
                }
            }
        },
        "taskbody": {
            "context": {
                "p": {
                    "ph": {
                        "@keyref": "prodnamefirst",
                        "#tail": "home page, from your results, or from your folders."
                    },
                    "#text": "You can create a new client or project folder from the"
                }
            }
        },
        "task": [
            {
                "@id": "fromsearch",
                "title": {
                    "ph": {
                        "@keyref": "prodname",
                        "#tail": "home page:"
                    },
                    "#text": "From the"
                },
                "taskbody": {
                    "steps": {
                        "step": [
                            {
                                "cmd": {
                                    "uicontrol": [
                                        {
                                            "#tail": "from the",
                                            "#text": "View all folders"
                                        },
                                        {
                                            "#tail": "pod, and navigate to the level where you want to create the new folder.",
                                            "#text": "Folders"
                                        }
                                    ],
                                    "#text": "Select"
                                }
                            },
                            {
                                "cmd": "Click on the folder where you want to create the new folder."
                            },
                            {
                                "cmd": {
                                    "uicontrol": {
                                        "#tail": "button. A text field appears.",
                                        "#text": "Create New Folder"
                                    },
                                    "#text": "Click the"
                                }
                            },
                            {
                                "cmd": "Type a name for the folder in this field."
                            },
                            {
                                "cmd": {
                                    "uicontrol": {
                                        "#tail": ".",
                                        "#text": "Create"
                                    },
                                    "#text": "Click"
                                }
                            }
                        ]
                    }
                }
            },
            {
                "@id": "fromresults",
                "title": "From a results page:",
                "taskbody": {
                    "steps": {
                        "step": [
                            {
                                "cmd": {
                                    "uicontrol": [
                                        {
                                            "#tail": "icon at the top of your results. The",
                                            "#text": "Add to Folder"
                                        },
                                        {
                                            "#tail": "drop-down list appears.",
                                            "#text": "Save selected documents to"
                                        }
                                    ],
                                    "#text": "Select the checkbox next to the document you want to save to a folder, and select the"
                                }
                            },
                            {
                                "cmd": {
                                    "uicontrol": {
                                        "#tail": "from the list options. The Add to Folder dialog box appears.",
                                        "#text": "Choose a folder"
                                    },
                                    "#text": "Choose"
                                }
                            },
                            {
                                "cmd": {
                                    "uicontrol": {
                                        "#tail": "tab, click on the folder where you want to create the new folder.",
                                        "#text": "Save Options"
                                    },
                                    "#text": "On the"
                                }
                            },
                            {
                                "cmd": {
                                    "uicontrol": {
                                        "#tail": "button. A text field appears.",
                                        "#text": "Create New Folder"
                                    },
                                    "#text": "Select the"
                                }
                            },
                            {
                                "cmd": {
                                    "uicontrol": {
                                        "#tail": ".",
                                        "#text": "Create"
                                    },
                                    "#text": "Type a name for the folder and click"
                                }
                            },
                            {
                                "cmd": {
                                    "uicontrol": {
                                        "#tail": ".",
                                        "#text": "Save"
                                    },
                                    "#text": "Click"
                                }
                            }
                        ]
                    }
                }
            },
            {
                "@id": "fromfolders",
                "title": {
                    "uicontrol": {
                        "#tail": "page:",
                        "#text": "Folders"
                    },
                    "#text": "From the"
                },
                "taskbody": {
                    "steps": {
                        "step": [
                            {
                                "cmd": {
                                    "uicontrol": {
                                        "#tail": "page, in the left pane, select the location in your folder structure for this new folder.",
                                        "#text": "Folders"
                                    },
                                    "#text": "While viewing the"
                                }
                            },
                            {
                                "cmd": {
                                    "uicontrol": {
                                        "#tail": "button. A text field appears where you can type the new folder name.",
                                        "#text": "Create Folder"
                                    },
                                    "#text": "Click the"
                                }
                            },
                            {
                                "cmd": "Type a name for the folder."
                            },
                            {
                                "cmd": {
                                    "uicontrol": {
                                        "#tail": ". The folder is created.",
                                        "#text": "Create"
                                    },
                                    "#text": "Click"
                                }
                            }
                        ]
                    }
                }
            }
        ]
    }
}