{
    "task": {
        "@otherprops": "res;custompage",
        "@audience": "res",
        "@id": "custompagesetstart_hdi",
        "title": "How do I make a custom page my start page?",
        "prolog": {
            "author": "Barb Bruns",
            "copyright": {
                "copyryear": {
                    "@year": "2007"
                },
                "copyrholder": "Lexisnexis"
            },
            "critdates": {
                "created": {
                    "@date": "2006-10-03"
                }
            },
            "metadata": {
                "prodinfo": {
                    "prodname": "Lexis Advance",
                    "vrmlist": {
                        "vrm": {
                            "@version": "1"
                        }
                    }
                }
            }
        },
        "taskbody": {
            "context": {
                "p": {
                    "ph": {
                        "@keyref": "prodname",
                        "#tail": ".  To do this:"
                    },
                    "#text": "You can make one of your custom pages the page you see when you sign into"
                }
            },
            "steps": {
                "step": [
                    {
                        "cmd": {
                            "ph": {
                                "@keyref": "prodname",
                                "#tail": "home page, select the custom page you want from the"
                            },
                            "uicontrol": {
                                "#tail": "pod.",
                                "#text": "Custom Pages"
                            },
                            "#text": "On the"
                        },
                        "stepresult": "The custom page opens."
                    },
                    {
                        "cmd": {
                            "uicontrol": [
                                {
                                    "#tail": "drop-down menu at the top left of the page, select",
                                    "#text": "Actions"
                                },
                                {
                                    "#tail": ".",
                                    "#text": "Make this my research start page"
                                }
                            ],
                            "#text": "From the"
                        },
                        "info": {
                            "note": {
                                "@type": "note",
                                "uicontrol": [
                                    {
                                        "#tail": "and select",
                                        "#text": "Settings"
                                    },
                                    {
                                        "#tail": ", then select the page you want to be your start page.",
                                        "#text": "General"
                                    }
                                ],
                                "br": null,
                                "image": {
                                    "@alt": "Set start page",
                                    "@href": "startpage.png",
                                    "@placement": "inline",
                                    "#tail": "."
                                },
                                "#text": "To change your start page again, go to"
                            }
                        }
                    }
                ]
            }
        }
    }
}