{
    "task": {
        "@otherprops": "history",
        "@audience": "res;lps;vsa;med",
        "@id": "findsimilar_hdi",
        "title": "How do I find documents that are similar to documents I select from my results?",
        "prolog": {
            "author": "Barb Bruns",
            "copyright": {
                "copyryear": {
                    "@year": "2007"
                },
                "copyrholder": "Lexisnexis"
            },
            "critdates": {
                "created": {
                    "@date": "2006-10-03"
                }
            },
            "metadata": {
                "prodinfo": {
                    "prodname": "Lexis Advance",
                    "vrmlist": {
                        "vrm": {
                            "@version": "1"
                        }
                    }
                }
            }
        },
        "taskbody": {
            "context": {
                "p": {
                    "uicontrol": {
                        "#tail": "feature of the Research Map to find documents in a set of results that are similar to up to 3 documents listed on the map. Similarity is determined based on characteristics of the documents, such as legal topic.  Typically, these are documents you viewed or delivered.",
                        "#text": "Find Similar Documents"
                    },
                    "#text": "Use the"
                }
            },
            "steps": {
                "step": [
                    {
                        "cmd": "To start, do one of the following:",
                        "info": {
                            "ul": {
                                "li": [
                                    {
                                        "ph": {
                                            "@keyref": "prodnamefirst",
                                            "#tail": "home page, select the"
                                        },
                                        "uicontrol": [
                                            {
                                                "#tail": "pod, then select the",
                                                "#text": "History"
                                            },
                                            {
                                                "#tail": "link at the bottom of the pod.",
                                                "#text": "Research Map"
                                            }
                                        ],
                                        "#text": "On the"
                                    },
                                    {
                                        "uicontrol": [
                                            {
                                                "#tail": ", then",
                                                "#text": "History"
                                            },
                                            {
                                                "#tail": ".",
                                                "#text": "Research Map"
                                            }
                                        ],
                                        "#text": "From the top of any page, select"
                                    }
                                ]
                            }
                        }
                    },
                    {
                        "cmd": {
                            "uicontrol": [
                                {
                                    "#tail": ",",
                                    "#text": "View by"
                                },
                                {
                                    "#tail": ", and",
                                    "#text": "Client"
                                },
                                {
                                    "#tail": "links.",
                                    "#text": "Date"
                                }
                            ],
                            "#text": "In the left pane, filter the list of searches you want to see by selecting options from the"
                        }
                    },
                    {
                        "cmd": {
                            "uicontrol": {
                                "#tail": "list (also located in the left pane), select the checkboxes for the searches you want to view.",
                                "#text": "Trails"
                            },
                            "#text": "In the"
                        }
                    },
                    {
                        "cmd": {
                            "image": {
                                "@alt": "Open/Close list",
                                "@href": "List Toggle.png",
                                "@placement": "inline",
                                "#tail": ") in your results."
                            },
                            "#text": "In the map, select an \"open\" icon ("
                        }
                    },
                    {
                        "cmd": "Click the link for the document you want to view. The Document box is displayed."
                    },
                    {
                        "cmd": {
                            "uicontrol": [
                                {
                                    "#tail": "in the Document box, select",
                                    "#text": "Actions"
                                },
                                {
                                    "#tail": ".  This adds the document to the",
                                    "#text": "Select this document to find similar"
                                },
                                {
                                    "#tail": "box above the map.",
                                    "#text": "Find Similar Documents"
                                }
                            ],
                            "#text": "Under"
                        }
                    },
                    {
                        "cmd": "Repeat these steps to select up to two more documents for comparison (three total).",
                        "info": {
                            "note": {
                                "@type": "note",
                                "uicontrol": [
                                    {
                                        "#tail": "tray and select the",
                                        "#text": "Find Similar Documents"
                                    },
                                    {
                                        "#tail": "next to the search you want to remove.",
                                        "#text": "X"
                                    }
                                ],
                                "#text": "To remove a document you selected for comparison, select the"
                            }
                        }
                    },
                    {
                        "cmd": {
                            "uicontrol": {
                                "#tail": "button. The Find Similar Documents For dialog box appears.",
                                "#text": "Find Similar Documents"
                            },
                            "#text": "Click the"
                        }
                    },
                    {
                        "cmd": {
                            "uicontrol": {
                                "#tail": ". The list of similar documents or items appears.",
                                "#text": "Find Similar Documents"
                            },
                            "#text": "Select"
                        }
                    }
                ]
            }
        }
    }
}