{
    "task": {
        "@otherprops": "searchbrowse",
        "@audience": "res",
        "@id": "getandprint_hdi",
        "title": "How do I retrieve a document when I know the citation, docket number, or party names?",
        "prolog": {
            "author": "Barb Bruns",
            "copyright": {
                "copyryear": {
                    "@year": "2012"
                },
                "copyrholder": "Lexisnexis"
            },
            "critdates": {
                "created": {
                    "@date": "2006-10-03"
                }
            },
            "metadata": {
                "prodinfo": {
                    "prodname": "Lexis Advance",
                    "vrmlist": {
                        "vrm": {
                            "@version": "1"
                        }
                    }
                }
            }
        },
        "taskbody": {
            "context": {
                "p": "To retrieve a document when you know the citation, docket number, or party names, follow these steps."
            },
            "steps": {
                "step": [
                    {
                        "cmd": {
                            "uicontrol": {
                                "#tail": ".",
                                "#text": "Get a Doc Assistance"
                            },
                            "#text": "From the home page, select"
                        }
                    },
                    {
                        "cmd": {
                            "uicontrol": [
                                {
                                    "#tail": ",",
                                    "#text": "By Citation"
                                },
                                {
                                    "#tail": ", or",
                                    "#text": "Cases By Party Name"
                                },
                                {
                                    "#tail": ".",
                                    "#text": "Cases by Docket Number"
                                }
                            ],
                            "#text": "Select"
                        }
                    },
                    {
                        "cmd": "Follow the instructions on the screen to complete the form and retrieve the documents you want."
                    }
                ]
            }
        }
    }
}