{
    "task": {
        "@otherprops": "icwprofessor",
        "@audience": "icw",
        "@id": "icwchangeprofessor_hdi",
        "title": {
            "ph": {
                "@keyref": "icwnamefirst",
                "#tail": "?"
            },
            "#text": "How do I select my professors in"
        },
        "prolog": {
            "author": [
                "Garth Lewis",
                "Paul Claggett"
            ],
            "copyright": {
                "copyryear": {
                    "@year": "2016"
                },
                "copyrholder": "Lexisnexis"
            },
            "critdates": {
                "created": {
                    "@date": "2014-04-22"
                }
            },
            "metadata": {
                "prodinfo": {
                    "prodname": "Lexis Advance",
                    "vrmlist": {
                        "vrm": {
                            "@version": "1"
                        }
                    }
                }
            }
        },
        "taskbody": {
            "context": {
                "p": {
                    "ph": {
                        "@keyref": "prodnamefirst",
                        "#tail": "Settings allow you to select the professors who will receive your exercise results, and with whom you will work.  Follow these steps."
                    }
                }
            },
            "steps": {
                "step": [
                    {
                        "cmd": {
                            "ph": {
                                "@keyref": "icwnamefirst",
                                "#tail": "home page, click"
                            },
                            "uicontrol": {
                                "#tail": ".",
                                "#text": "Edit Professor Settings"
                            },
                            "#text": "At the bottom of the Professor Settings pod on your"
                        },
                        "stepresult": {
                            "ph": {
                                "@keyref": "icwname",
                                "#tail": "takes you to the"
                            },
                            "uicontrol": {
                                "#tail": "tab on the Settings page.",
                                "#text": "Citation Exercises"
                            }
                        }
                    },
                    {
                        "cmd": "In the field, begin typing the name of the professor you want to add. A list of names that begin with the letters you've typed appears. The list changes as you type.",
                        "info": {
                            "note": {
                                "@type": "note",
                                "uicontrol": {
                                    "#tail": "box, you need to remove one by clicking",
                                    "#text": "Added Professors"
                                },
                                "image": {
                                    "@alt": "X icon",
                                    "@href": "CloseRemove.png",
                                    "#tail": "to the right of a professor's name before you add a new one."
                                },
                                "#text": "You can only have ten professors assigned at a given time. If more than nine names appear in the"
                            }
                        }
                    },
                    {
                        "cmd": "From the list, select the name of the professor you want to add.",
                        "stepresult": "The full name of the selected professor appears in the field, and the list disappears."
                    },
                    {
                        "cmd": {
                            "uicontrol": [
                                {
                                    "#tail": "button. The professor's name moves to the",
                                    "#text": "Add"
                                },
                                {
                                    "#tail": "box.",
                                    "#text": "Added Professors"
                                }
                            ],
                            "#text": "Click the"
                        },
                        "info": {
                            "note": {
                                "@type": "note",
                                "uicontrol": {
                                    "#tail": "to the left of the professor's name.",
                                    "#text": "Primary"
                                },
                                "#text": "The new professor will be the added to the list as a Secondary professor. To promote the new professor to Primary, select"
                            }
                        }
                    }
                ]
            }
        }
    }
}