{
    "task": {
        "@otherprops": "lpasearch;lpaaskourauthorstips;lpameetauthorstips",
        "@audience": "lpa",
        "@id": "lpaaskourauthors_hdi",
        "title": {
            "ph": {
                "@keyref": "lpanamefirst",
                "#tail": "authors?"
            },
            "#text": "How do I submit a question to the"
        },
        "prolog": {
            "author": "Garth Lewis",
            "copyright": {
                "copyryear": {
                    "@year": "2013"
                },
                "copyrholder": "Lexisnexis"
            },
            "critdates": {
                "created": {
                    "@date": "2013-05-29"
                },
                "revised": {
                    "@modified": "2014-07-31"
                }
            },
            "metadata": {
                "prodinfo": {
                    "prodname": "Lexis Advance",
                    "vrmlist": {
                        "vrm": {
                            "@version": "1"
                        }
                    }
                }
            }
        },
        "taskbody": {
            "context": {
                "p": {
                    "ph": {
                        "@keyref": "lpanamefirst",
                        "#tail": "content."
                    },
                    "#text": "Follow the steps below to send your question to the authors of our"
                },
                "note": {
                    "@type": "tip",
                    "xref": {
                        "@scope": "peer",
                        "@href": "lpameetauthorstips.xml",
                        "#tail": ".",
                        "#text": "Meet our authors"
                    },
                    "#text": "For more information on our authors, see the topic"
                }
            },
            "steps": {
                "step": [
                    {
                        "cmd": {
                            "uicontrol": [
                                {
                                    "#tail": ". The",
                                    "#text": "Ask our Authors"
                                },
                                {
                                    "#tail": "pop-up window appears.",
                                    "#text": "Ask our Authors"
                                }
                            ],
                            "#text": "In the dark navigation bar at the top of any page, select"
                        },
                        "stepresult": {
                            "uicontrol": {
                                "#tail": "pop-up window appears.",
                                "#text": "Ask our Authors"
                            },
                            "note": {
                                "@type": "note",
                                "uicontrol": {
                                    "#tail": "button.",
                                    "#text": "Close"
                                },
                                "#text": "You can close the pop-up window at any time without taking any action by selecting the"
                            },
                            "#text": "The"
                        }
                    },
                    {
                        "cmd": {
                            "uicontrol": [
                                {
                                    "#tail": "and",
                                    "#text": "Name"
                                },
                                {
                                    "#tail": "fields as needed.",
                                    "#text": "Email Address"
                                }
                            ],
                            "#text": "Edit the information in the"
                        }
                    },
                    {
                        "cmd": {
                            "uicontrol": {
                                "#tail": "field, you may type a telephone number at which our authors can reach you to follow up on your question.",
                                "#text": "Phone Number"
                            },
                            "#text": "In the"
                        }
                    },
                    {
                        "cmd": {
                            "uicontrol": {
                                "#tail": "field, you may type the name of the company with which you are affiliated.",
                                "#text": "Company"
                            },
                            "#text": "In the"
                        }
                    },
                    {
                        "cmd": {
                            "uicontrol": {
                                "#tail": "box, type what you want to ask our authors.",
                                "#text": "Questions"
                            },
                            "#text": "In the"
                        }
                    },
                    {
                        "cmd": {
                            "uicontrol": {
                                "#tail": "button.",
                                "#text": "Send"
                            },
                            "#text": "Select the"
                        }
                    }
                ]
            }
        }
    }
}