{
    "task": {
        "@otherprops": "lparesults",
        "@audience": "lpa",
        "@id": "lpadraftnote_hdi",
        "title": "How do I add notes to a form?",
        "prolog": {
            "author": [
                "Barb Bruns",
                "Garth Lewis"
            ],
            "copyright": {
                "copyryear": {
                    "@year": "2007"
                },
                "copyrholder": "Lexisnexis"
            },
            "critdates": {
                "created": {
                    "@date": "2006-10-03"
                },
                "revised": {
                    "@modified": "2014-07-18"
                }
            },
            "metadata": {
                "prodinfo": {
                    "prodname": "Lexis Advance",
                    "vrmlist": {
                        "vrm": {
                            "@version": "1"
                        }
                    }
                }
            }
        },
        "taskbody": {
            "context": {
                "p": {
                    "ph": {
                        "@keyref": "lpanamefirst",
                        "#tail": "allows you to add notes to forms you have saved to a Folder within the application. To create a note, follow the steps below."
                    }
                },
                "note": {
                    "@type": "tip",
                    "ph": {
                        "@keyref": "lpaname",
                        "#tail": "Folder, see the topics"
                    },
                    "xref": [
                        {
                            "@scope": "peer",
                            "@href": "saveresearch_hdi.xml",
                            "#tail": "and",
                            "#text": "How do I save my research"
                        },
                        {
                            "@scope": "peer",
                            "@href": "savedocumenttofolder_hdi.xml",
                            "#tail": ".",
                            "#text": "How do I save a document from my results to a folder"
                        }
                    ],
                    "#text": "For more information on saving documents to a"
                }
            },
            "steps": {
                "step": [
                    {
                        "cmd": {
                            "uicontrol": [
                                {
                                    "#tail": "drop-down at the top of any",
                                    "#text": "More"
                                },
                                {
                                    "#tail": ". A new page appears, displaying a list view of the Folders you have created.",
                                    "#text": "Folders"
                                }
                            ],
                            "ph": {
                                "@keyref": "lpaname",
                                "#tail": "page, select"
                            },
                            "#text": "From the"
                        }
                    },
                    {
                        "cmd": "Open the Folder with the form to which you want to add notes. A new page appears, displaying a list of the items saved in the Folder."
                    },
                    {
                        "cmd": "Open the form to which you want to add notes."
                    },
                    {
                        "cmd": {
                            "uicontrol": [
                                {
                                    "#tail": ". The",
                                    "#text": "Add Note"
                                },
                                {
                                    "#tail": "pop-up window appears.",
                                    "#text": "Add Notes"
                                }
                            ],
                            "#text": "At the top of the form, click"
                        }
                    },
                    {
                        "cmd": "Type the text of the note.",
                        "info": {
                            "note": {
                                "@type": "tip",
                                "#text": "Notes can be a maximum of 4,000 characters."
                            }
                        }
                    },
                    {
                        "cmd": {
                            "uicontrol": [
                                {
                                    "#tail": "button.",
                                    "#text": "Save"
                                },
                                {
                                    "#tail": "pop-up closes, and a message appears at the top of the page indicating the success or failure of the action.",
                                    "#text": "Add Notes"
                                }
                            ],
                            "ph": {
                                "@keyref": "lpaname",
                                "#tail": "Attempts to save your note, associating it with the form you are viewing. The"
                            },
                            "#text": "Select the"
                        }
                    }
                ]
            }
        }
    }
}