{
    "task": {
        "@otherprops": "lparesults;lpadraftingnotetips",
        "@audience": "lpa",
        "@id": "lpaeditnote_hdi",
        "title": {
            "ph": [
                {
                    "@audience": "hide",
                    "#tail": "How do I edit a note in one of my folders in",
                    "#text": "2"
                },
                {
                    "@keyref": "lpanamefirst",
                    "#tail": "?"
                }
            ]
        },
        "prolog": {
            "author": "Barb Bruns",
            "copyright": {
                "copyryear": {
                    "@year": "2007"
                },
                "copyrholder": "Lexisnexis"
            },
            "critdates": {
                "created": {
                    "@date": "2006-10-03"
                }
            },
            "metadata": {
                "prodinfo": {
                    "prodname": "Lexis Advance",
                    "vrmlist": {
                        "vrm": {
                            "@version": "1"
                        }
                    }
                }
            }
        },
        "taskbody": {
            "context": {
                "p": {
                    "ph": {
                        "@keyref": "lpanamefirst",
                        "#tail": ". To edit a note, follow the steps below."
                    },
                    "#text": "You can edit notes that you have added to any item, such as a document or a section of text, that you have stored in a Folder within"
                }
            },
            "steps": {
                "step": [
                    {
                        "cmd": {
                            "uicontrol": [
                                {
                                    "#tail": "drop-down at the top of any",
                                    "#text": "More"
                                },
                                {
                                    "#tail": ". A new page appears, displaying a list view of the folders you have created.",
                                    "#text": "Folders"
                                }
                            ],
                            "ph": {
                                "@keyref": "lpaname",
                                "#tail": "page, select"
                            },
                            "#text": "From the"
                        }
                    },
                    {
                        "cmd": "Open the folder with the note you want to edit."
                    },
                    {
                        "cmd": {
                            "uicontrol": {
                                "#tail": "button.",
                                "#text": "Edit"
                            },
                            "#text": "At the bottom of the page, below the note you want to edit, select the"
                        },
                        "stepresult": {
                            "uicontrol": {
                                "#tail": "form appears.",
                                "#text": "Edit Notes"
                            },
                            "#text": "The"
                        }
                    },
                    {
                        "cmd": {
                            "uicontrol": {
                                "#tail": "form, make changes to the note as needed.",
                                "#text": "Edit Notes"
                            },
                            "#text": "In the"
                        }
                    },
                    {
                        "cmd": {
                            "uicontrol": {
                                "#tail": "button.",
                                "#text": "Save"
                            },
                            "#text": "Select the"
                        }
                    }
                ]
            }
        }
    }
}