{
    "task": {
        "@otherprops": "lpssearchresults",
        "@audience": "lps",
        "@id": "lpsprefiltersearchresults_hdi",
        "title": {
            "ph": {
                "@keyref": "lpsnamefirst",
                "#tail": "search results?"
            },
            "#text": "How do I pre-filter my"
        },
        "prolog": {
            "author": "Christina",
            "copyright": {
                "copyryear": {
                    "@year": "2010"
                },
                "copyrholder": "Lexisnexis"
            },
            "critdates": {
                "created": {
                    "@date": "2010-11-17"
                }
            },
            "metadata": {
                "prodinfo": {
                    "prodname": "Lexis Advance",
                    "vrmlist": {
                        "vrm": {
                            "@version": "1"
                        }
                    }
                }
            }
        },
        "taskbody": {
            "context": {
                "p": [
                    {
                        "ph": {
                            "@keyref": "lpsnamefirst",
                            "#tail": ", you can fine-tune your search by specifying a pre-search filter. For example, if you are searching for an attorney with a fairly common name, you could specify the jurisdiction in which the attorney practices. This can help limit your search results to those that more closely match the specific attorney you are searching for."
                        },
                        "#text": "When searching for expert witness, judge, or attorney profiles using"
                    },
                    "The types of pre-search filters available depend on the type of search you are performing:",
                    "To pre-filter your search results:"
                ],
                "ul": {
                    "li": [
                        {
                            "uicontrol": [
                                {
                                    "#tail": "or by",
                                    "#text": "Location"
                                },
                                {
                                    "#tail": ".",
                                    "#text": "Area of Expertise"
                                }
                            ],
                            "#text": "When searching for an expert witness, you can filter your search by"
                        },
                        {
                            "uicontrol": {
                                "#tail": ".",
                                "#text": "Jurisdiction"
                            },
                            "#text": "When searching for a judge, you can filter your search by"
                        },
                        {
                            "uicontrol": {
                                "#tail": ".",
                                "#text": "Location"
                            },
                            "#text": "When searching for an attorney, you can filter your search by"
                        }
                    ]
                }
            },
            "steps": {
                "step": [
                    {
                        "cmd": "Choose the search type from the drop-down list to the left of the search field."
                    },
                    {
                        "cmd": "If you know the person's name (or part of the name), enter it in the search field."
                    },
                    {
                        "cmd": {
                            "uicontrol": {
                                "#tail": "drop-down list and then select the the link for the pre-search filter you want to assign to your search. A list of options available for that filter appears.",
                                "#text": "Filters"
                            },
                            "#text": "Select the"
                        }
                    },
                    {
                        "cmd": "Select the checkboxes for the filters you are interested in."
                    },
                    {
                        "cmd": {
                            "uicontrol": {
                                "#tail": ".",
                                "#text": "Search"
                            },
                            "ph": [
                                {
                                    "@keyref": "lpsname",
                                    "#tail": "searches the"
                                },
                                {
                                    "@keyref": "companyfirst",
                                    "#tail": "databases for profiles that meet your search criteria. It then displays any results that are found. (See"
                                }
                            ],
                            "xref": {
                                "@scope": "peer",
                                "@href": "lpssearchresults_cpt.xml",
                                "#tail": "for details.)"
                            },
                            "#text": "Click"
                        }
                    }
                ]
            }
        }
    }
}