{
    "task": {
        "@audience": "exclude",
        "@id": "lpsreturnsearch_hdi",
        "title": {
            "ph": {
                "@keyref": "lpsnamefirst",
                "#tail": "search while viewing my results or a document?"
            },
            "#text": "How do I complete a new"
        },
        "prolog": {
            "author": "Christina",
            "copyright": {
                "copyryear": {
                    "@year": "2010"
                },
                "copyrholder": "Lexisnexis"
            },
            "critdates": {
                "created": {
                    "@date": "2010-MM-DD"
                }
            },
            "metadata": {
                "prodinfo": {
                    "prodname": "Lexis Advance",
                    "vrmlist": {
                        "vrm": {
                            "@version": "1"
                        }
                    }
                }
            }
        },
        "taskbody": {
            "context": null,
            "steps": {
                "step": [
                    {
                        "cmd": {
                            "ph": {
                                "@keyref": "lpsnamefirst",
                                "#tail": "results or a specific profile, locate the search field at the top of the page you are viewing."
                            },
                            "#text": "While viewing your"
                        }
                    },
                    {
                        "cmd": {
                            "uicontrol": {
                                "#tail": "box, or choose a different search option from drop-down list to the left of the search field.",
                                "#text": "Search"
                            },
                            "#text": "Either enter the name of a different person in the"
                        }
                    },
                    {
                        "cmd": {
                            "xref": {
                                "@scope": "peer",
                                "@href": "lpsprefiltersearchresults_hdi.xml",
                                "#tail": ".",
                                "#text": "pre-filter your search results"
                            },
                            "#text": "Optionally,"
                        }
                    },
                    {
                        "cmd": {
                            "uicontrol": {
                                "#tail": ". Your new results are displayed. (See",
                                "#text": "Search"
                            },
                            "xref": {
                                "@scope": "peer",
                                "@href": "lpssearchresults_cpt.xml",
                                "#tail": "for details.)"
                            },
                            "#text": "Select"
                        }
                    }
                ]
            },
            "result": {
                "note": {
                    "@type": "note",
                    "ph": {
                        "@keyref": "lpsname",
                        "#tail": "logo in the upper-left corner of  any page to return to the main search form."
                    },
                    "#text": "You can also select the"
                }
            }
        }
    }
}