{
    "task": {
        "@otherprops": "lpssearch",
        "@audience": "lps",
        "@id": "lpssearchforareaofexpertise_hdi",
        "title": "How do I search for an expert witness with a specific area of expertise?",
        "prolog": {
            "author": "Christina",
            "copyright": {
                "copyryear": {
                    "@year": "2010"
                },
                "copyrholder": "Lexisnexis"
            },
            "critdates": {
                "created": {
                    "@date": "2010-11-16"
                }
            },
            "metadata": {
                "prodinfo": {
                    "prodname": "Lexis Advance",
                    "vrmlist": {
                        "vrm": {
                            "@version": "1"
                        }
                    }
                }
            }
        },
        "taskbody": {
            "context": {
                "p": [
                    {
                        "ph": {
                            "@keyref": "lpsnamefirst",
                            "#tail": ", you can search for experts with specific knowledge or skill. This might be useful if you need to find an expert but you don't know of anyone to search for specifically. Types of areas you can search for include agriculture, banking and finance, information technology, law enforcement, and medical, just to name a few. You can select as many areas of expertise as necessary."
                        },
                        "#text": "Using"
                    },
                    "To search for a list of experts with specific knowledge or skill:"
                ]
            },
            "steps": {
                "step": [
                    {
                        "cmd": {
                            "uicontrol": {
                                "#tail": "from the drop-down list to the left of the search box.",
                                "#text": "Expert Witness"
                            },
                            "#text": "At the search form, choose"
                        }
                    },
                    {
                        "cmd": "Leave the search field blank."
                    },
                    {
                        "cmd": {
                            "uicontrol": {
                                "#tail": "drop-down arrow. The Narrow By list appears.",
                                "#text": "Filters"
                            },
                            "#text": "Click the"
                        }
                    },
                    {
                        "cmd": {
                            "uicontrol": {
                                "#tail": ".",
                                "#text": "Areas of Expertise"
                            },
                            "#text": "Click"
                        }
                    },
                    {
                        "cmd": "Select the area of expertise you are interested in."
                    },
                    {
                        "cmd": {
                            "uicontrol": {
                                "#tail": "link and choose a location or locations from the list.",
                                "#text": "Locations"
                            },
                            "#text": "Optionally, select the"
                        }
                    },
                    {
                        "cmd": {
                            "uicontrol": {
                                "#tail": ".",
                                "#text": "Search"
                            },
                            "ph": [
                                {
                                    "@keyref": "lpsname",
                                    "#tail": "searches the"
                                },
                                {
                                    "@keyref": "companyfirst",
                                    "#tail": "databases for experts that meet your search criteria. It then displays any results that are found. (See"
                                }
                            ],
                            "xref": {
                                "@scope": "peer",
                                "@href": "lpssearchresults_cpt.xml",
                                "#tail": "for details.)"
                            },
                            "#text": "Click"
                        }
                    }
                ]
            }
        }
    }
}