{
    "task": {
        "@otherprops": "lpssearch",
        "@audience": "lps",
        "@id": "lpssearchforattorneyjurisdiction_hdi",
        "title": "How do I search for an attorney within a specific location?",
        "prolog": {
            "author": "Christina",
            "copyright": {
                "copyryear": {
                    "@year": "2010"
                },
                "copyrholder": "Lexisnexis"
            },
            "critdates": {
                "created": {
                    "@date": "2010-MM-DD"
                }
            },
            "metadata": {
                "prodinfo": {
                    "prodname": "Lexis Advance",
                    "vrmlist": {
                        "vrm": {
                            "@version": "1"
                        }
                    }
                }
            }
        },
        "taskbody": {
            "context": {
                "p": [
                    {
                        "ph": {
                            "@keyref": "lpsnamefirst",
                            "#tail": ", you can search for attorneys in a specific state. This might be useful if you need to find an attorney but you don't know of anyone to search for specifically. You can select as many states to search in as necessary."
                        },
                        "#text": "Using"
                    },
                    "To do this:"
                ]
            },
            "steps": {
                "step": [
                    {
                        "cmd": {
                            "uicontrol": {
                                "#tail": "from the drop-down list to the left of the search field.",
                                "#text": "Attorney"
                            },
                            "#text": "At the search form, choose"
                        }
                    },
                    {
                        "cmd": "If you don't know any part of the attorney's name, leave the search field blank. (If you know a portion of the name, enter it in the field.)"
                    },
                    {
                        "cmd": {
                            "uicontrol": {
                                "#tail": "drop-down list. A list of locations appears.",
                                "#text": "Filters"
                            },
                            "#text": "Select the"
                        }
                    },
                    {
                        "cmd": "Select the states you are interested in by selecting the corresponding checkboxes."
                    },
                    {
                        "cmd": {
                            "uicontrol": {
                                "#tail": ".",
                                "#text": "Search"
                            },
                            "ph": [
                                {
                                    "@keyref": "lpsname",
                                    "#tail": "searches the"
                                },
                                {
                                    "@keyref": "companyfirst",
                                    "#tail": "databases for attorneys that meet your search criteria. It then displays any results that are found. (See"
                                }
                            ],
                            "xref": {
                                "@scope": "peer",
                                "@href": "lpssearchresults_cpt.xml",
                                "#tail": "for details.)"
                            },
                            "#text": "Click"
                        }
                    }
                ]
            }
        }
    }
}