{
    "task": {
        "@otherprops": "lpsprofileresults",
        "@audience": "lps",
        "@id": "lpsviewpublications_hdi",
        "title": "How do I view a list of documents in which an expert witness, judge, or attorney has been published?",
        "prolog": {
            "author": "Christina",
            "copyright": {
                "copyryear": {
                    "@year": "2010"
                },
                "copyrholder": "Lexisnexis"
            },
            "critdates": {
                "created": {
                    "@date": "2010-11-22"
                }
            },
            "metadata": {
                "prodinfo": {
                    "prodname": "Lexis Advance",
                    "vrmlist": {
                        "vrm": {
                            "@version": "1"
                        }
                    }
                }
            }
        },
        "taskbody": {
            "context": {
                "p": [
                    {
                        "ph": {
                            "@keyref": "lpsnamefirst",
                            "#tail": ", you can view the different professional journals in which an expert witness, judge, or attorney has been published. You can also view any patents which he or she may have filed as well as view a listing of professional directories in which the person has been listed."
                        },
                        "#text": "Using"
                    },
                    "To view the different publications for a profile:"
                ],
                "note": {
                    "@type": "note",
                    "xref": {
                        "@scope": "peer",
                        "@href": "lpsfilterreports_hdi.xml",
                        "#tail": ".",
                        "#text": "filter the information you are viewing"
                    },
                    "#text": "While viewing the Publications page, you can"
                }
            },
            "steps": {
                "step": [
                    {
                        "cmd": {
                            "xref": [
                                {
                                    "@scope": "peer",
                                    "@href": "lpssearchforexpert_hdi.xml",
                                    "#tail": ",",
                                    "#text": "expert witness"
                                },
                                {
                                    "@scope": "peer",
                                    "@href": "lpssearchforjudge_hdi.xml",
                                    "#tail": ", or",
                                    "#text": "judge"
                                },
                                {
                                    "@scope": "peer",
                                    "@href": "lpssearchforattorney_hdi.xml",
                                    "#tail": ".",
                                    "#text": "attorney"
                                }
                            ],
                            "#text": "Complete your search for an"
                        }
                    },
                    {
                        "cmd": "At the search results page, select the person's name. That person's report is opened."
                    },
                    {
                        "cmd": {
                            "uicontrol": {
                                "#tail": "section on the left side, select the type of publication you want to view from the list of options.",
                                "#text": "Publications"
                            },
                            "#text": "In the"
                        },
                        "stepresult": "Depending on which option you chose in this step, a list of publications appears."
                    },
                    {
                        "cmd": "Review the list and select the link for the document you want to read."
                    }
                ]
            }
        }
    }
}