{
    "task": {
        "@otherprops": "lpsprofileresults",
        "@audience": "lps",
        "@id": "lpsviewindividualjudge_hdi",
        "title": {
            "ph": {
                "@keyref": "lpsnamefirst",
                "#tail": "reports of individual judges?"
            },
            "#text": "How do I view"
        },
        "prolog": {
            "author": "Christina",
            "copyright": {
                "copyryear": {
                    "@year": "2010"
                },
                "copyrholder": "Lexisnexis"
            },
            "critdates": {
                "created": {
                    "@date": "2010-11-22"
                }
            },
            "metadata": {
                "prodinfo": {
                    "prodname": "Lexis Advance",
                    "vrmlist": {
                        "vrm": {
                            "@version": "1"
                        }
                    }
                }
            }
        },
        "taskbody": {
            "context": {
                "p": [
                    {
                        "ph": {
                            "@keyref": "lpsnamefirst",
                            "#tail": ", you can select his or her name in the search results list and view the information that is available for that judge. Information might include ways in which the judge was involved in a case, any publications in which the judge has been published, or news articles in which the judge has been mentioned."
                        },
                        "#text": "Once you find  a judge using"
                    },
                    "To do this:"
                ]
            },
            "steps": {
                "step": [
                    {
                        "cmd": {
                            "xref": [
                                {
                                    "@scope": "peer",
                                    "@href": "lpssearchforjudge_hdi.xml",
                                    "#tail": "or by",
                                    "#text": "name"
                                },
                                {
                                    "@scope": "peer",
                                    "@href": "lpssearchforjudgejurisdiction_hdi.xml",
                                    "#tail": ".)",
                                    "#text": "jurisdiction"
                                }
                            ],
                            "#text": "Complete your search for a judge. (Search either by"
                        }
                    },
                    {
                        "cmd": "At the search results page, select the judge's name. That judge's report is opened."
                    },
                    {
                        "cmd": "Once you are viewing the report, complete any of the following steps:",
                        "choicetable": {
                            "chhead": {
                                "choptionhd": "To ...",
                                "chdeschd": "Do This"
                            },
                            "chrow": [
                                {
                                    "choption": "View an overview of all the information available for the judge",
                                    "chdesc": {
                                        "xref": {
                                            "@scope": "peer",
                                            "@href": "lpsviewjudgeoverview_hdi.xml",
                                            "#tail": "link.",
                                            "#text": "Snapshot"
                                        },
                                        "#text": "Click the"
                                    }
                                },
                                {
                                    "choption": "View the ways in which a judge has been involved in various cases",
                                    "chdesc": {
                                        "xref": {
                                            "@scope": "peer",
                                            "@href": "lpsviewjudgerulinghistory_hdi.xml",
                                            "#tail": "section of the left pane.",
                                            "#text": "Ruling History"
                                        },
                                        "#text": "Choose an option from the"
                                    }
                                },
                                {
                                    "choption": "View the publications in which a judge has been published",
                                    "chdesc": {
                                        "xref": {
                                            "@scope": "peer",
                                            "@href": "lpsviewpublications_hdi.xml",
                                            "#tail": "section of the left pane.",
                                            "#text": "Publications"
                                        },
                                        "#text": "Choose an option from the"
                                    }
                                },
                                {
                                    "choption": "View different news stories in which a judge has been named",
                                    "chdesc": {
                                        "xref": {
                                            "@scope": "peer",
                                            "@href": "lpsviewnews_hdi.xml",
                                            "#tail": "section of the left pane.",
                                            "#text": "In the News"
                                        },
                                        "#text": "Choose an option from the"
                                    }
                                },
                                {
                                    "choption": {
                                        "ph": {
                                            "@keyref": "company",
                                            "#tail": "sources"
                                        },
                                        "#text": "View additional search results from the World Wide Web and"
                                    },
                                    "chdesc": {
                                        "xref": {
                                            "@scope": "peer",
                                            "@href": "lpssearchlexisweb_hdi.xml",
                                            "#tail": "link in the left pane.",
                                            "#text": "Web"
                                        },
                                        "#text": "Click the"
                                    }
                                }
                            ]
                        }
                    }
                ]
            }
        }
    }
}