{
    "task": {
        "@audience": "exclude",
        "@id": "lpsviewcitelist_hdi",
        "title": {
            "ph": {
                "@keyref": "lpsnamefirst",
                "#tail": "profile?"
            },
            "#text": "How do I view individual documents for a"
        },
        "prolog": {
            "author": "Christina",
            "copyright": {
                "copyryear": {
                    "@year": "2010"
                },
                "copyrholder": "Lexisnexis"
            },
            "critdates": {
                "created": {
                    "@date": "2010-12-10"
                }
            },
            "metadata": {
                "prodinfo": {
                    "prodname": "Lexis Advance",
                    "vrmlist": {
                        "vrm": {
                            "@version": "1"
                        }
                    }
                }
            }
        },
        "taskbody": {
            "context": {
                "p": [
                    {
                        "ph": {
                            "@keyref": "lpsnamefirst",
                            "#tail": "is the ability to view case documents in which the expert witness, judge, or attorney has been involved. These documents typically contain information about the case or docket, which might include plaintiff and defendant names, expert witness names, case topics, descriptions, and summaries. They can provide a quick snapshot of the parties involved in a case."
                        },
                        "#text": "One of the core features of"
                    },
                    "To view profile documents:"
                ]
            },
            "steps": {
                "step": [
                    {
                        "cmd": {
                            "xref": [
                                {
                                    "@scope": "peer",
                                    "@href": "lpssearchforexpert_hdi.xml",
                                    "#tail": ",",
                                    "#text": "expert witness"
                                },
                                {
                                    "@scope": "peer",
                                    "@href": "lpssearchforjudge_hdi.xml",
                                    "#tail": ", or",
                                    "#text": "judge"
                                },
                                {
                                    "@scope": "peer",
                                    "@href": "lpssearchforattorney_hdi.xml",
                                    "#tail": ".",
                                    "#text": "attorney"
                                }
                            ],
                            "#text": "Complete your search for an"
                        }
                    },
                    {
                        "cmd": "At the results list, select the name for the profile you want to view. The report for that person appears.",
                        "info": {
                            "note": {
                                "@type": "note",
                                "ul": {
                                    "li": [
                                        {
                                            "uicontrol": {
                                                "#tail": "drop-down list.",
                                                "#text": "Sort by"
                                            },
                                            "#text": "If there are multiple pages of cases to view in your results list, select the right or left arrows (located at the bottom of the results list) to move through the pages. To alphanumerically sort the information in the table, choose your sorting option from the"
                                        },
                                        {
                                            "uicontrol": [
                                                {
                                                    "#tail": "link (for expert witnesses, judges, and attorneys) or the",
                                                    "#text": "View all verdict graphs"
                                                },
                                                {
                                                    "#tail": "link (for judges and attorneys), located in the upper-right corner of the graphs.",
                                                    "#text": "View all docket graphs"
                                                }
                                            ],
                                            "#text": "You can also view the Cite List by selecting the"
                                        }
                                    ]
                                }
                            }
                        }
                    },
                    {
                        "cmd": "Click a link, based on the type of profile you are viewing:",
                        "choices": {
                            "choice": [
                                {
                                    "uicontrol": {
                                        "#tail": "pod.",
                                        "#text": "Case Involvement"
                                    },
                                    "#text": "If you are viewing an expert witness profile, select a link in the"
                                },
                                {
                                    "uicontrol": {
                                        "#tail": "pod.",
                                        "#text": "Ruling History"
                                    },
                                    "#text": "If you are viewing a judge profile, select a link in the"
                                },
                                {
                                    "uicontrol": {
                                        "#tail": "pod.",
                                        "#text": "Practice History"
                                    },
                                    "#text": "If you are viewing an attorney profile, select a link in the"
                                }
                            ]
                        }
                    },
                    {
                        "cmd": "Review the list of cases and select the link for the case you want to view."
                    }
                ]
            }
        }
    }
}