{
    "task": {
        "@otherprops": "lpsprofileresults",
        "@audience": "lps",
        "@id": "lpsworkwithgraphs_hdi",
        "title": {
            "ph": {
                "@keyref": "lpsnamefirst",
                "#tail": "graph data?"
            },
            "#text": "How do I interpret"
        },
        "prolog": {
            "author": "Christina",
            "copyright": {
                "copyryear": {
                    "@year": "2010"
                },
                "copyrholder": "Lexisnexis"
            },
            "critdates": {
                "created": {
                    "@date": "2010-12-07"
                }
            },
            "metadata": {
                "prodinfo": {
                    "prodname": "Lexis Advance",
                    "vrmlist": {
                        "vrm": {
                            "@version": "1"
                        }
                    }
                }
            }
        },
        "taskbody": {
            "context": {
                "p": "To view information in the various graphs:"
            },
            "steps": {
                "step": [
                    {
                        "cmd": {
                            "xref": [
                                {
                                    "@scope": "peer",
                                    "@href": "lpssearchforexpert_hdi.xml",
                                    "#tail": ",",
                                    "#text": "expert witness"
                                },
                                {
                                    "@scope": "peer",
                                    "@href": "lpssearchforjudge_hdi.xml",
                                    "#tail": ", or",
                                    "#text": "judge"
                                },
                                {
                                    "@scope": "peer",
                                    "@href": "lpssearchforattorney_hdi.xml",
                                    "#tail": ".",
                                    "#text": "attorney"
                                }
                            ],
                            "#text": "Complete your search for an"
                        }
                    },
                    {
                        "cmd": "At the search results page, select the person's name. That report is opened."
                    },
                    {
                        "cmd": "Using the options on the left side of the page, locate the following categories, depending on the type of profile you are viewing:",
                        "choices": {
                            "choice": [
                                {
                                    "uicontrol": {
                                        "#tail": "(expert witnesses)",
                                        "#text": "Case Involvement"
                                    }
                                },
                                {
                                    "uicontrol": {
                                        "#tail": "(judges)",
                                        "#text": "Ruling History"
                                    }
                                },
                                {
                                    "uicontrol": {
                                        "#tail": "(attorneys)",
                                        "#text": "Practice History"
                                    }
                                }
                            ]
                        }
                    },
                    {
                        "cmd": {
                            "uicontrol": [
                                {
                                    "#tail": "(all profile types) or",
                                    "#text": "Verdicts"
                                },
                                {
                                    "#tail": "(judge and attorney profile types).",
                                    "#text": "Dockets"
                                }
                            ],
                            "#text": "Once you've located the category, select"
                        }
                    },
                    {
                        "cmd": "In the box containing the different graphs, select a graph to expand it."
                    },
                    {
                        "cmd": "Rest your mouse pointer over the different areas of the graph. Information about the case appears in a tooltip."
                    },
                    {
                        "cmd": "Click on the portion of the graph in which you are most interested. The view is updated using the filtered data."
                    }
                ]
            },
            "postreq": {
                "note": {
                    "@type": "note",
                    "uicontrol": [
                        {
                            "#tail": "pane (located on the left side of the page) by selecting the",
                            "#text": "Narrow By"
                        },
                        {
                            "#tail": ".",
                            "#text": "Clear"
                        }
                    ],
                    "image": {
                        "@alt": "Close",
                        "@href": "closeremove.png",
                        "#tail": "icon for that selection. To remove all filters, select"
                    },
                    "#text": "When you view individual items in a graph, you essentially apply a filter to the graph. To view the full graph again, you can remove the filter in the"
                }
            }
        }
    }
}