{
    "task": {
        "@otherprops": "lsa",
        "@id": "lsauseaboutthisdoc_hdi",
        "title": "How do I view metadata about an organization's document and use it to navigate through the document ?",
        "prolog": {
            "author": "Christina Stommel",
            "copyright": {
                "copyryear": {
                    "@year": "2013"
                },
                "copyrholder": "Lexisnexis"
            },
            "critdates": {
                "created": {
                    "@date": "2013-06-18"
                }
            },
            "metadata": {
                "prodinfo": {
                    "prodname": "Lexis Advance",
                    "vrmlist": {
                        "vrm": {
                            "@version": "1"
                        }
                    }
                }
            }
        },
        "taskbody": {
            "context": {
                "note": {
                    "@type": "note",
                    "ph": {
                        "@keyref": "lsanamefirst",
                        "#tail": "is available by subscription. Please contact your sales representative if you'd like more information."
                    }
                },
                "p": [
                    {
                        "ph": {
                            "@keyref": "lsanamefirst",
                            "#tail": ", an"
                        },
                        "uicontrol": {
                            "#tail": "pane appears to the left of the document. This pane contains information about the document, such as a list of citations, entities, and relevant taxonomy topics. You can use this information to quickly view important metadata included in the document. You can also select links associated with this information to navigate through the document.",
                            "#text": "About This Document"
                        },
                        "#text": "Once you are viewing one of your organization's documents within"
                    },
                    "To do this:"
                ]
            },
            "steps": {
                "step": [
                    {
                        "cmd": {
                            "xref": {
                                "@scope": "peer",
                                "@href": "lsaviewdocsinlsa_hdi.xml",
                                "#tail": ".",
                                "#text": "View your organization's document in Lexis Search Advantage"
                            }
                        }
                    },
                    {
                        "cmd": {
                            "uicontrol": {
                                "#tail": "pane on the left side of the page.",
                                "#text": "About This Document"
                            },
                            "#text": "Locate the"
                        }
                    },
                    {
                        "cmd": {
                            "image": {
                                "@alt": "Expand",
                                "@href": "lpashowmore.png",
                                "#tail": ") to view the list of options. (Once a category is expanded, select"
                            },
                            "uicontrol": {
                                "#tail": "to fully expand a partially hidden list.)",
                                "#text": "Show All"
                            },
                            "#text": "Locate the type of information you want to view and, if necessary, select the Expand icon ("
                        }
                    },
                    {
                        "cmd": "Complete any of the following optional steps:",
                        "choices": {
                            "choice": [
                                {
                                    "uicontrol": {
                                        "#tail": "pane to view the first instance of that text within the document.",
                                        "#text": "About This Document"
                                    },
                                    "#text": "Click a specific link in the"
                                },
                                {
                                    "uicontrol": [
                                        {
                                            "#tail": "(",
                                            "#text": "Next"
                                        },
                                        {
                                            "#tail": "(",
                                            "#text": "Previous"
                                        }
                                    ],
                                    "image": [
                                        {
                                            "@alt": "Next",
                                            "@href": "triangleright.png",
                                            "#tail": ") or"
                                        },
                                        {
                                            "@alt": "Previous",
                                            "@href": "triangleleft.png",
                                            "#tail": ") icon to move between specific citations, names, or other types of metadata."
                                        }
                                    ],
                                    "#text": "Click the"
                                },
                                "Within the document itself, select an entity name to view related external or internal content."
                            ]
                        }
                    }
                ]
            }
        }
    }
}