{
    "task": {
        "@otherprops": "medmal",
        "@audience": "med",
        "@id": "medaddparty_hdi",
        "title": {
            "ph": {
                "@keyref": "mednamefirst",
                "#tail": "Research?"
            },
            "#text": "How do I Add a Party to My"
        },
        "prolog": {
            "author": "Garth Lewis",
            "copyright": {
                "copyryear": {
                    "@year": "2014"
                },
                "copyrholder": "Lexisnexis"
            },
            "critdates": {
                "created": {
                    "@date": "2014-04-14"
                }
            },
            "metadata": {
                "prodinfo": {
                    "prodname": "Lexis Advance",
                    "vrmlist": {
                        "vrm": {
                            "@version": "1"
                        }
                    }
                }
            },
            "data": "medmal navigator medical malpractice litigator litigation"
        },
        "taskbody": {
            "context": {
                "p": {
                    "ph": {
                        "@keyref": "mednamefirst",
                        "#tail": "Research Parties tool allows you to enter and save information for each individual you want to research as you build your case. You can then review public record information for these persons."
                    },
                    "#text": "The"
                }
            },
            "steps": {
                "step": [
                    {
                        "cmd": {
                            "ph": {
                                "@keyref": "medname",
                                "#tail": "page, select"
                            },
                            "uicontrol": [
                                {
                                    "#tail": ". The",
                                    "#text": "Research Parties"
                                },
                                {
                                    "#tail": "page appears, displaying a list of the individuals already entered for this case.",
                                    "#text": "Research Parties"
                                }
                            ],
                            "#text": "At the top of any"
                        },
                        "info": {
                            "note": {
                                "@type": "tip",
                                "uicontrol": {
                                    "#tail": "pod on the Dashboard.",
                                    "#text": "Research Parties"
                                },
                                "#text": "You can also reach this page by selecting the title of the"
                            }
                        }
                    },
                    {
                        "cmd": {
                            "uicontrol": {
                                "#tail": "button.",
                                "#text": "Add New Party"
                            },
                            "#text": "At the top of the list of names, select the"
                        },
                        "stepresult": "The Add New Party pop-up appears."
                    },
                    {
                        "cmd": {
                            "uicontrol": {
                                "#tail": "field, type the given name of the person whose public records you want to see.",
                                "#text": "First Name"
                            },
                            "#text": "In the"
                        }
                    },
                    {
                        "cmd": {
                            "uicontrol": {
                                "#tail": "field, type the surname of the person whose public records you want to see.",
                                "#text": "Last Name"
                            },
                            "#text": "In the"
                        }
                    },
                    {
                        "cmd": "In the remaining fields, provide as much information you can."
                    },
                    {
                        "cmd": {
                            "uicontrol": {
                                "#tail": "button.",
                                "#text": "Add Party"
                            },
                            "#text": "Select the"
                        },
                        "stepresult": {
                            "ph": {
                                "@keyref": "medname",
                                "#tail": "saves the information and adds the party to the Research Parties list."
                            },
                            "#text": "The Add New Party pop-up closes."
                        }
                    }
                ]
            }
        }
    }
}