{
    "task": {
        "@otherprops": "medmal",
        "@audience": "med",
        "@id": "mededitparty_hdi",
        "title": {
            "ph": {
                "@keyref": "mednamefirst",
                "#tail": "Research List?"
            },
            "#text": "How do I Edit a Party in My"
        },
        "prolog": {
            "author": "Garth Lewis",
            "copyright": {
                "copyryear": {
                    "@year": "2014"
                },
                "copyrholder": "Lexisnexis"
            },
            "critdates": {
                "created": {
                    "@date": "2014-04-14"
                }
            },
            "metadata": {
                "prodinfo": {
                    "prodname": "Lexis Advance",
                    "vrmlist": {
                        "vrm": {
                            "@version": "1"
                        }
                    }
                }
            },
            "data": "medmal navigator medical malpractice litigator litigation"
        },
        "taskbody": {
            "context": {
                "p": {
                    "ph": {
                        "@keyref": "mednamefirst",
                        "#tail": "Research Parties tool allows you to make changes to the information saved for each individual you want to research as you build your case. You can then review public record information for these persons."
                    },
                    "#text": "The"
                }
            },
            "steps": {
                "step": [
                    {
                        "cmd": {
                            "ph": {
                                "@keyref": "medname",
                                "#tail": "page, select"
                            },
                            "uicontrol": [
                                {
                                    "#tail": ". The",
                                    "#text": "Research Parties"
                                },
                                {
                                    "#tail": "page appears, displaying a list of the individuals already entered for this case.",
                                    "#text": "Research Parties"
                                }
                            ],
                            "#text": "At the top of any"
                        },
                        "info": {
                            "note": {
                                "@type": "tip",
                                "uicontrol": {
                                    "#tail": "pod on the Dashboard.",
                                    "#text": "Research Parties"
                                },
                                "#text": "You can also reach this page by selecting the title of the"
                            }
                        }
                    },
                    {
                        "cmd": {
                            "image": {
                                "@alt": "Edit icon",
                                "@href": "edit.png",
                                "@placement": "inline",
                                "#tail": "."
                            },
                            "#text": "In the row of the person whose information you want to change, select"
                        },
                        "stepresult": "A pop-up form appears."
                    },
                    {
                        "cmd": "In the fields provided, add or edit information about the person as needed."
                    },
                    {
                        "cmd": {
                            "uicontrol": {
                                "#tail": "button.",
                                "#text": "Save Changes"
                            },
                            "#text": "Select the"
                        },
                        "stepresult": {
                            "ph": {
                                "@keyref": "medname",
                                "#tail": "saves the new information and closes the pop-up form. If you changed the name or location information, the list of parties will change accordingly."
                            }
                        }
                    }
                ]
            }
        }
    }
}