{
    "task": {
        "@otherprops": "settingstips;settings;filterbysubcategorytips",
        "@id": "modifysettings_hdi",
        "title": "How do I modify my settings?",
        "prolog": {
            "author": [
                "Robin Stubbart",
                "Christina Stommel (GDSI Release)"
            ],
            "copyright": {
                "copyryear": {
                    "@year": "2012"
                },
                "copyrholder": "Lexisnexis"
            },
            "critdates": {
                "created": {
                    "@date": "2012-06-25"
                }
            },
            "metadata": {
                "prodinfo": {
                    "prodname": "Lexis Advance",
                    "vrmlist": {
                        "vrm": {
                            "@version": "1"
                        }
                    }
                }
            }
        },
        "taskbody": {
            "context": null,
            "steps": {
                "step": [
                    {
                        "cmd": {
                            "uicontrol": [
                                {
                                    "#tail": "drop-down list and choose",
                                    "#text": "More"
                                },
                                {
                                    "#tail": "from the list of options.",
                                    "#text": "Settings"
                                }
                            ],
                            "#text": "From the global navigation bar, select the"
                        }
                    },
                    {
                        "cmd": {
                            "ph": {
                                "@keyref": "prodnamefirst",
                                "#tail": "for which you want to modify the settings by choosing that option from the list of experiences on the left. (For example, to modify your research settings, select"
                            },
                            "uicontrol": {
                                "#tail": ".)",
                                "#text": "Lexis Advance\u00ae Research"
                            },
                            "#text": "Choose the area of"
                        }
                    },
                    {
                        "cmd": {
                            "ph": {
                                "@keyref": "prodname",
                                "#tail": "works for you. (See"
                            },
                            "xref": {
                                "@scope": "peer",
                                "@href": "settingstips.xml",
                                "#tail": "for more details.)"
                            },
                            "#text": "While viewing the options in the right pane, select or clear checkboxes, or choose items from the drop-down lists to modify the way"
                        }
                    },
                    {
                        "cmd": {
                            "uicontrol": {
                                "#tail": "to save the settings you made.",
                                "#text": "Save Changes to Settings & Close"
                            },
                            "#text": "Click"
                        }
                    }
                ]
            },
            "result": {
                "note": {
                    "@type": "note",
                    "uicontrol": {
                        "#tail": ".",
                        "#text": "Close Settings Without Saving"
                    },
                    "#text": "To return to the settings you were use before you started making changes, select"
                }
            }
        }
    }
}