{
    "task": {
        "@otherprops": "practicepage",
        "@audience": "res",
        "@id": "practicepagesetstart_hdi",
        "title": "How do I make a practice center my start page?",
        "prolog": {
            "author": "Barb Bruns",
            "copyright": {
                "copyryear": {
                    "@year": "2007"
                },
                "copyrholder": "Lexisnexis"
            },
            "critdates": {
                "created": {
                    "@date": "2006-10-03"
                }
            },
            "metadata": {
                "prodinfo": {
                    "prodname": "Lexis Advance",
                    "vrmlist": {
                        "vrm": {
                            "@version": "1"
                        }
                    }
                }
            }
        },
        "taskbody": {
            "context": {
                "p": {
                    "uicontrol": [
                        {
                            "#tail": ",",
                            "#text": "New York"
                        },
                        {
                            "#tail": ",",
                            "#text": "Banking and Finance"
                        },
                        {
                            "#tail": ", or one of several others. To make a practice center your start page when you sign into",
                            "#text": "Military Justice"
                        }
                    ],
                    "ph": {
                        "@keyref": "prodnamefirst",
                        "#tail": ":"
                    },
                    "#text": "Your firm may use a practice center, such as"
                }
            },
            "steps": {
                "step": [
                    {
                        "cmd": {
                            "ph": {
                                "@keyref": "prodname",
                                "#tail": "home page, select"
                            },
                            "uicontrol": {
                                "#tail": ".",
                                "#text": "Browse"
                            },
                            "#text": "On the"
                        }
                    },
                    {
                        "cmd": {
                            "uicontrol": {
                                "#tail": ".",
                                "#text": "Practice Center"
                            },
                            "#text": "Select"
                        }
                    },
                    {
                        "cmd": {
                            "uicontrol": [
                                {
                                    "#tail": "or",
                                    "#text": "By Practice Area"
                                },
                                {
                                    "#tail": ".",
                                    "#text": "By Jurisdiction"
                                }
                            ],
                            "#text": "Select"
                        }
                    },
                    {
                        "cmd": "From the list of practice centers, select the one you use."
                    },
                    {
                        "cmd": {
                            "uicontrol": [
                                {
                                    "#tail": "drop-down menu at the top left of the page, select",
                                    "#text": "Actions"
                                },
                                {
                                    "#tail": ".",
                                    "#text": "Make this my research start page"
                                }
                            ],
                            "#text": "From the"
                        },
                        "info": {
                            "note": {
                                "@type": "note",
                                "uicontrol": {
                                    "#tail": ".",
                                    "#text": "Settings"
                                },
                                "#text": "To change your start page again, go to"
                            }
                        }
                    }
                ]
            }
        }
    }
}