{
    "task": {
        "@otherprops": "resultsfilter",
        "@audience": "res",
        "@id": "restrictresultsbylegaltopic_hdi",
        "title": "How do I restrict my results to a specific practice area or topic?",
        "prolog": {
            "author": "Barb Bruns",
            "copyright": {
                "copyryear": {
                    "@year": "2007"
                },
                "copyrholder": "Lexisnexis"
            },
            "critdates": {
                "created": {
                    "@date": "2006-10-03"
                }
            },
            "metadata": {
                "prodinfo": {
                    "prodname": "Lexis Advance",
                    "vrmlist": {
                        "vrm": {
                            "@version": "1"
                        }
                    }
                }
            },
            "data": "focus, narrow, filter"
        },
        "taskbody": {
            "context": null,
            "steps": {
                "step": [
                    {
                        "cmd": "Submit your search request and review your results."
                    },
                    {
                        "cmd": {
                            "uicontrol": [
                                {
                                    "#tail": "section of the",
                                    "#text": "Practice Areas & Topics"
                                },
                                {
                                    "#tail": "pane, select the legal topic you want to restrict your search to.  For example, to restrict your results to banking law, select",
                                    "#text": "Narrow By"
                                },
                                {
                                    "#tail": ". To select more than one legal topic, select",
                                    "#text": "Banking Law"
                                },
                                {
                                    "#tail": ". To display additional legal topics, select",
                                    "#text": "Select Multiple"
                                },
                                {
                                    "#tail": ".",
                                    "#text": "More"
                                }
                            ],
                            "#text": "In the"
                        }
                    },
                    {
                        "cmd": {
                            "image": {
                                "@alt": "Close level",
                                "@href": "Closeremove.png",
                                "@placement": "inline",
                                "#tail": ") next to the legal topics you selected, displayed at the top of the"
                            },
                            "uicontrol": [
                                {
                                    "#tail": "pane.  To remove all filters at once, select",
                                    "#text": "Narrow By"
                                },
                                {
                                    "#tail": ".",
                                    "#text": "Clear"
                                }
                            ],
                            "#text": "To return to your original results set, select the Remove icon ("
                        }
                    }
                ]
            },
            "result": {
                "p": "Your results are updated to show only documents pertaining to the practice areas or topics you selected."
            }
        }
    }
}