{
    "task": {
        "@otherprops": "searchadvanced",
        "@id": "restrictsearchfed_hdi",
        "title": "How do I restrict my Federal search to a particular jurisdiction?",
        "prolog": {
            "author": "Barb Bruns",
            "copyright": {
                "copyryear": {
                    "@year": "2007"
                },
                "copyrholder": "Lexisnexis"
            },
            "critdates": {
                "created": {
                    "@date": "2006-10-03"
                }
            },
            "metadata": {
                "prodinfo": {
                    "prodname": "Lexis Advance",
                    "vrmlist": {
                        "vrm": {
                            "@version": "1"
                        }
                    }
                }
            }
        },
        "taskbody": {
            "context": {
                "p": "You can restrict a Federal search to use a specific jurisdiction within the Federal system using filters. To restrict your search, use one of the following methods."
            }
        },
        "task": [
            {
                "@id": "fromexplorecontent",
                "title": "From Explore Content:",
                "taskbody": {
                    "steps": {
                        "step": [
                            {
                                "cmd": {
                                    "uicontrol": {
                                        "#tail": "tab.",
                                        "#text": "Federal"
                                    },
                                    "#text": "Select the"
                                }
                            },
                            {
                                "cmd": "Select the content you want to search in."
                            },
                            {
                                "cmd": "On the search form that appears, select the specific court you want to search in.",
                                "stepresult": {
                                    "note": "If you have selected any other filters for this search, they will be replaced by your selection."
                                }
                            },
                            {
                                "cmd": {
                                    "image": {
                                        "@alt": "Search",
                                        "@href": "redmagnifyglass.png",
                                        "@placement": "inline",
                                        "#tail": ")."
                                    },
                                    "#text": "Select the search button ("
                                }
                            }
                        ]
                    }
                }
            },
            {
                "@id": "fromsearchbox",
                "title": "From the search box:",
                "taskbody": {
                    "steps": {
                        "step": [
                            {
                                "cmd": "On the search form, enter your search terms in the search box."
                            },
                            {
                                "cmd": {
                                    "image": {
                                        "@alt": "more",
                                        "@href": "TriangleDown.png",
                                        "@placement": "inline",
                                        "#tail": ") to the right of the"
                                    },
                                    "uicontrol": {
                                        "#tail": "button.",
                                        "#text": "Search: Everything"
                                    },
                                    "#text": "Select the down arrow ("
                                }
                            },
                            {
                                "cmd": {
                                    "uicontrol": {
                                        "#tail": ".",
                                        "#text": "Jurisdiction"
                                    },
                                    "#text": "Select"
                                }
                            },
                            {
                                "cmd": "Select one or more checkboxes for the Federal jurisdictions you want to restrict your search to. You can select jurisdictions by court or by circuit."
                            },
                            {
                                "cmd": {
                                    "image": {
                                        "@alt": "Search",
                                        "@href": "redmagnifyglass.png",
                                        "@placement": "inline",
                                        "#tail": ")."
                                    },
                                    "#text": "Select the search button ("
                                }
                            }
                        ]
                    }
                }
            }
        ]
    }
}