{
    "task": {
        "@otherprops": "searchexplore",
        "@id": "restrictsearchtolegaltopic_hdi",
        "title": "How do I restrict my search to a specific practice area or legal topic?",
        "prolog": {
            "author": "Barb Bruns",
            "copyright": {
                "copyryear": {
                    "@year": "2007"
                },
                "copyrholder": "Lexisnexis"
            },
            "critdates": {
                "created": {
                    "@date": "2006-10-03"
                }
            },
            "metadata": {
                "prodinfo": {
                    "prodname": "Lexis Advance",
                    "vrmlist": {
                        "vrm": {
                            "@version": "1"
                        }
                    }
                }
            },
            "data": "focus"
        },
        "taskbody": {
            "context": {
                "p": "You can restrict your search to a specific topic or content type in one of these ways."
            },
            "steps": {
                "step": [
                    {
                        "cmd": "On the search form, enter your search terms in the search box."
                    },
                    {
                        "cmd": {
                            "image": {
                                "@alt": "more",
                                "@href": "TriangleDown.png",
                                "@placement": "inline",
                                "#tail": ") to the right of the"
                            },
                            "uicontrol": {
                                "#tail": "button.",
                                "#text": "Search: Everything"
                            },
                            "#text": "Select the down arrow ("
                        }
                    },
                    {
                        "cmd": {
                            "uicontrol": [
                                {
                                    "#tail": "under",
                                    "#text": "Practice Area & Topic"
                                },
                                {
                                    "#tail": "on the left.",
                                    "#text": "Narrow By:"
                                }
                            ],
                            "#text": "Select"
                        }
                    },
                    {
                        "cmd": {
                            "image": {
                                "@alt": "Search",
                                "@href": "redmagnifyglass.png",
                                "@placement": "inline"
                            },
                            "#text": "Select"
                        }
                    }
                ]
            },
            "result": {
                "p": "Your results will contain documents only from the practice areas or topics you selected.",
                "note": "The selection you make from Practice Areas & Topics will be displayed on the search form and used for future searches until you change it."
            }
        },
        "task": {
            "@otherprops": "search",
            "@id": "topiclist",
            "title": "To restrict your search by selecting from a list of all legal topics:",
            "taskbody": {
                "steps": {
                    "step": [
                        {
                            "cmd": {
                                "ph": {
                                    "@keyref": "prodnamefirst",
                                    "#tail": "home page, select"
                                },
                                "uicontrol": {
                                    "#tail": "above the search box.",
                                    "#text": "Browse"
                                },
                                "#text": "On the"
                            }
                        },
                        {
                            "cmd": {
                                "uicontrol": {
                                    "#tail": ".",
                                    "#text": "Topics"
                                },
                                "#text": "Select"
                            }
                        },
                        {
                            "@id": "saveresearch",
                            "cmd": "When the topic list is displayed, do one of the following:",
                            "choicetable": {
                                "chhead": {
                                    "choptionhd": "To...",
                                    "chdeschd": "Do This"
                                },
                                "chrow": [
                                    {
                                        "choption": "Browse for a topic",
                                        "chdesc": "Click a topic name to display more detailed topics that are categorized under that name. Use the arrows to expand or collapse the hierarchical display."
                                    },
                                    {
                                        "choption": "Search for a topic when you know the name",
                                        "chdesc": {
                                            "uicontrol": [
                                                {
                                                    "#tail": "box and select",
                                                    "#text": "Search for topics"
                                                },
                                                {
                                                    "#tail": ".",
                                                    "#text": "Search"
                                                }
                                            ],
                                            "#text": "Type a topic name, or part of the name, in the"
                                        }
                                    }
                                ]
                            }
                        },
                        {
                            "cmd": "Select the topic you want to use."
                        },
                        {
                            "cmd": {
                                "uicontrol": {
                                    "#tail": ".",
                                    "#text": "Actions"
                                },
                                "#text": "Select"
                            }
                        },
                        {
                            "cmd": {
                                "uicontrol": "Add topic as a search filter",
                                "#text": "From the menu that appears, select"
                            },
                            "info": {
                                "note": "If you have selected any other filters for this search, they will be replaced by your selection."
                            }
                        }
                    ]
                }
            }
        }
    }
}