{
    "task": {
        "@otherprops": "resultsfilter",
        "@audience": "res",
        "@id": "restrictresultsbykeyword_hdi",
        "title": "How do I restrict my results to documents containing specific keywords?",
        "prolog": {
            "author": "Barb Bruns",
            "copyright": {
                "copyryear": {
                    "@year": "2007"
                },
                "copyrholder": "Lexisnexis"
            },
            "critdates": {
                "created": {
                    "@date": "2006-10-03"
                }
            },
            "metadata": {
                "prodinfo": {
                    "prodname": "Lexis Advance",
                    "vrmlist": {
                        "vrm": {
                            "@version": "1"
                        }
                    }
                }
            }
        },
        "taskbody": {
            "context": null,
            "steps": {
                "step": [
                    {
                        "cmd": "Submit your search request and review your results."
                    },
                    {
                        "cmd": {
                            "uicontrol": [
                                {
                                    "#tail": "section of the",
                                    "#text": "Keyword"
                                },
                                {
                                    "#tail": "pane, select the keyword you want to restrict your search to.  For example, to restrict your results to the keyword \"injury\", select",
                                    "#text": "Narrow By"
                                },
                                {
                                    "#tail": ". To select more than one keyword, select",
                                    "#text": "injury"
                                },
                                {
                                    "#tail": ".  To display additional keywords, select",
                                    "#text": "Select multiple"
                                },
                                {
                                    "#tail": ".",
                                    "#text": "More"
                                }
                            ],
                            "#text": "In the"
                        }
                    },
                    {
                        "cmd": {
                            "image": {
                                "@alt": "Close level",
                                "@href": "Closeremove.png",
                                "@placement": "inline",
                                "#tail": ") next to the keywords you selected, displayed at the top of the"
                            },
                            "uicontrol": [
                                {
                                    "#tail": "pane. To remove all filters at once, select",
                                    "#text": "Narrow By"
                                },
                                {
                                    "#tail": ".",
                                    "#text": "Clear"
                                }
                            ],
                            "#text": "To return to your original results set, select the Remove icon ("
                        }
                    }
                ]
            },
            "result": {
                "p": "Your results are updated to show only documents containing the keywords you selected."
            }
        }
    }
}