{
    "task": {
        "@otherprops": "resultsfilter",
        "@audience": "res",
        "@id": "restrictresultsbycontentype_hdi",
        "title": "How do I restrict my results to specific categories?",
        "prolog": {
            "author": "Barb Bruns",
            "copyright": {
                "copyryear": {
                    "@year": "2007"
                },
                "copyrholder": "Lexisnexis"
            },
            "critdates": {
                "created": {
                    "@date": "2006-10-03"
                }
            },
            "metadata": {
                "prodinfo": {
                    "prodname": "Lexis Advance",
                    "vrmlist": {
                        "vrm": {
                            "@version": "1"
                        }
                    }
                }
            },
            "data": "focus, narrow, filter"
        },
        "taskbody": {
            "context": null,
            "steps": {
                "step": [
                    {
                        "cmd": "Submit your search request and review your results."
                    },
                    {
                        "cmd": {
                            "uicontrol": [
                                {
                                    "#tail": "section of the",
                                    "#text": "Category"
                                },
                                {
                                    "#tail": "pane, select the categories you want to restrict your search to.  For example, to restrict your results to case law, select",
                                    "#text": "Narrow By"
                                },
                                {
                                    "#tail": ". To select more than one category, select",
                                    "#text": "Cases"
                                },
                                {
                                    "#tail": ".",
                                    "#text": "Select Multiple"
                                }
                            ],
                            "#text": "In the"
                        },
                        "info": {
                            "note": {
                                "@type": "note",
                                "uicontrol": [
                                    {
                                        "#tail": "category,",
                                        "#text": "Cases"
                                    },
                                    {
                                        "#tail": "is not displayed in the",
                                        "#text": "Category"
                                    },
                                    {
                                        "#tail": "pane because your results are already narrowed to the Cases category and can't be narrowed any further.  However, some categories, such as",
                                        "#text": "Narrow By"
                                    },
                                    {
                                        "#tail": "can be further narrowed down, so the subcategories are displayed under",
                                        "#text": "Analytical Materials"
                                    },
                                    {
                                        "#tail": "when you are viewing your results from the Analytical Materials category.",
                                        "#text": "Category"
                                    }
                                ],
                                "#text": "If you are viewing your results in the"
                            }
                        }
                    },
                    {
                        "cmd": {
                            "image": {
                                "@alt": "Close level",
                                "@href": "Closeremove.png",
                                "@placement": "inline",
                                "#tail": ") next to the categories displayed at the top of the"
                            },
                            "uicontrol": [
                                {
                                    "#tail": "pane.  To remove all filters at once, select",
                                    "#text": "Narrow By"
                                },
                                {
                                    "#tail": ".",
                                    "#text": "Clear"
                                }
                            ],
                            "#text": "To return to your original results set, select the Remove icon ("
                        }
                    }
                ]
            },
            "result": {
                "p": "Your results are updated to show only documents of the categories you selected."
            }
        }
    }
}