{
    "task": {
        "@otherprops": "searchexplore",
        "@id": "restrictsearchtojurisdiction_hdi",
        "title": "How do I restrict my search to a specific jurisdiction?",
        "prolog": {
            "author": "Barb Bruns",
            "copyright": {
                "copyryear": {
                    "@year": "2007"
                },
                "copyrholder": "Lexisnexis"
            },
            "critdates": {
                "created": {
                    "@date": "2006-10-03"
                }
            },
            "metadata": {
                "prodinfo": {
                    "prodname": "Lexis Advance",
                    "vrmlist": {
                        "vrm": {
                            "@version": "1"
                        }
                    }
                }
            },
            "data": "focus"
        },
        "taskbody": {
            "context": {
                "p": "You can restrict your search to a specific jurisdiction in one of these ways."
            }
        },
        "task": [
            {
                "@id": "fromexplorecontent",
                "title": "From Explore Content:",
                "taskbody": {
                    "steps": {
                        "step": [
                            {
                                "cmd": {
                                    "uicontrol": [
                                        {
                                            "#tail": "or",
                                            "#text": "Federal"
                                        },
                                        {
                                            "#tail": "under",
                                            "#text": "State"
                                        },
                                        {
                                            "#tail": ".",
                                            "#text": "Explore Content"
                                        }
                                    ],
                                    "#text": "Select"
                                }
                            },
                            {
                                "cmd": "Select the content you want to search in."
                            },
                            {
                                "cmd": {
                                    "uicontrol": {
                                        "#tail": "or select the specific sources you want to search in.",
                                        "#text": "Search all sources on this page"
                                    },
                                    "#text": "On the search form that appears, select"
                                },
                                "stepresult": {
                                    "note": "If you have selected any other filters for this search, they will be replaced by your selection."
                                }
                            },
                            {
                                "cmd": {
                                    "image": {
                                        "@alt": "Search",
                                        "@href": "redmagnifyglass.png",
                                        "@placement": "inline",
                                        "#tail": ")."
                                    },
                                    "#text": "Select the search button ("
                                }
                            }
                        ]
                    }
                }
            },
            {
                "@otherprops": "search",
                "@id": "searchterms",
                "title": "To restrict your search using the Jurisdiction filter:",
                "taskbody": {
                    "steps": {
                        "step": [
                            {
                                "cmd": "On the search form, enter your search terms in the search box."
                            },
                            {
                                "cmd": {
                                    "image": {
                                        "@alt": "more",
                                        "@href": "TriangleDown.png",
                                        "@placement": "inline",
                                        "#tail": ") to the right of the"
                                    },
                                    "uicontrol": {
                                        "#tail": "button.",
                                        "#text": "Search: Everything"
                                    },
                                    "#text": "Select the down arrow ("
                                }
                            },
                            {
                                "cmd": {
                                    "uicontrol": [
                                        {
                                            "#tail": "under",
                                            "#text": "Jurisdiction"
                                        },
                                        {
                                            "#tail": "on the left.",
                                            "#text": "Narrow By:"
                                        }
                                    ],
                                    "#text": "Select"
                                }
                            },
                            {
                                "cmd": {
                                    "uicontrol": [
                                        {
                                            "#tail": "jurisdiction you want and for",
                                            "#text": "Federal"
                                        },
                                        {
                                            "#tail": ". The selections you make from the filters are displayed next to",
                                            "#text": "Ohio"
                                        },
                                        {
                                            "#tail": "as you select them. To remove a filter, select the",
                                            "#text": "Narrow By"
                                        }
                                    ],
                                    "image": {
                                        "@alt": "Remove favorite",
                                        "@href": "#CloseRemove.png",
                                        "@placement": "inline",
                                        "#tail": "next to it."
                                    },
                                    "#text": "Select one or more checkboxes for the jurisdictions you want to restrict your search to. For example, to restrict your results to a Federal jurisdiction and the Ohio jurisdiction, select the checkboxes for the"
                                }
                            },
                            {
                                "cmd": {
                                    "uicontrol": {
                                        "#tail": ".",
                                        "#text": "Include non-jurisdictional content"
                                    },
                                    "#text": "To include non-jurisdictional sources in your search, select"
                                }
                            },
                            {
                                "cmd": {
                                    "uicontrol": {
                                        "#tail": ".",
                                        "#text": "Include related Federal content"
                                    },
                                    "#text": "To include Federal sources in your search that are related to any jurisdictions you selected, select"
                                }
                            },
                            {
                                "cmd": {
                                    "uicontrol": {
                                        "#tail": "button.",
                                        "#text": "Search"
                                    },
                                    "#text": "Select the"
                                }
                            }
                        ]
                    },
                    "result": {
                        "p": "Your results will contain documents only from the jurisdictions you selected.",
                        "note": "The selections you make from Jurisdiction will be displayed on the search form and used for future searches until you change it."
                    }
                }
            }
        ]
    }
}