{
    "task": {
        "@audience": "res",
        "@id": "runshepardsearch_hdi",
        "title": {
            "i": {
                "#tail": "\u00ae search?",
                "#text": "Shepard's"
            },
            "#text": "How do I run a"
        },
        "prolog": {
            "author": "Robin Stubbart",
            "copyright": {
                "copyryear": {
                    "@year": "2010"
                },
                "copyrholder": "Lexisnexis"
            },
            "critdates": {
                "created": {
                    "@date": "2010-03-02"
                }
            },
            "metadata": {
                "prodinfo": {
                    "prodname": "Lexis Advance",
                    "vrmlist": {
                        "vrm": {
                            "@version": "1"
                        }
                    }
                }
            }
        },
        "taskbody": {
            "context": {
                "p": {
                    "ph": {
                        "@keyref": "shepardizefirst",
                        "#tail": "a citation:"
                    },
                    "#text": "To"
                }
            },
            "steps": {
                "step": [
                    {
                        "cmd": {
                            "userinput": {
                                "#tail": "followed by a colon (:) in the Search box, followed by the document citation.",
                                "#text": "shep"
                            },
                            "#text": "Type"
                        },
                        "info": {
                            "example": [
                                "shep: 800 F.2d 111",
                                "shep: 410 us 73"
                            ],
                            "p": {
                                "ph": {
                                    "@keyref": "shepards",
                                    "#tail": "search and not a regular search."
                                },
                                "#text": "Punctuation, spacing, and capitalization within the citation are optional. However, the colon following \"shep\" is mandatory in order for the system to run a"
                            }
                        }
                    },
                    {
                        "cmd": {
                            "uicontrol": {
                                "#tail": ".",
                                "#text": "Search"
                            },
                            "#text": "Click"
                        }
                    }
                ]
            }
        }
    }
}