{
    "task": {
        "@otherprops": "searchadvanced;entitylinkingtips",
        "@audience": "res",
        "@id": "searchsegment_hdi",
        "title": "How do I search in specific segments?",
        "prolog": {
            "author": [
                "Barb J. Bruns",
                "Garth Lewis"
            ],
            "copyright": {
                "copyryear": {
                    "@year": "2007"
                },
                "copyrholder": "LexisNexis"
            },
            "critdates": {
                "created": {
                    "@date": "2006-10-03"
                }
            },
            "metadata": {
                "prodinfo": {
                    "prodname": "Lexis Advance",
                    "vrmlist": {
                        "vrm": {
                            "@version": "1"
                        }
                    }
                }
            }
        },
        "taskbody": {
            "context": {
                "p": [
                    {
                        "ph": {
                            "@keyref": "prodnamefirst",
                            "#tail": ", all documents of the same type have a common structure, composed of the natural parts or divisions referred to as segments."
                        },
                        "#text": "In"
                    },
                    "You can restrict your search to a specific part or segment of a document, such as the court that heard the case or the judge who wrote the opinion. Different types of documents have different segments. For example, a case doesn't have the same segments as a newspaper article.",
                    {
                        "uicontrol": {
                            "#tail": "form (look for the link right above the search box), or type the segment name followed by your search terms in parentheses in the search box. This example uses the \"name\" segment for searching by party name:",
                            "#text": "Advanced Search"
                        },
                        "#text": "To search in a specific segment, you can use the"
                    },
                    {
                        "userinput": "name(griggs and duke)"
                    },
                    "Segment searching is especially useful when you are looking for:",
                    {
                        "@id": "liststart",
                        "b": {
                            "ph": {
                                "@keyref": "prodname",
                                "#tail": "?"
                            },
                            "#text": "Which segments are searchable in"
                        }
                    },
                    null,
                    {
                        "ph": {
                            "@keyref": "prodname",
                            "#tail": "does not search all of the same content types or segments as Lexis\u00ae (lexis.com).  Below is the list of content types that you can currently search with a segment search using Lexis Advance. Click a content type to see which segments are available for it."
                        }
                    },
                    null,
                    {
                        "xref": {
                            "@scope": "external",
                            "@href": "http://www.lexisnexis.com/pdf/lexis-advance/Segments_in_Lexis_Advance.PDF",
                            "#tail": "and scroll to the second page.",
                            "#text": "Segments in Lexis Advance"
                        },
                        "#text": "To see a list of all the segments condensed in table format, view"
                    },
                    {
                        "b": "Searching in a Specific Segment"
                    }
                ],
                "ul": [
                    {
                        "li": [
                            "Opinions written by a particular judge",
                            "Cases involving a specific party",
                            "Cases in which a particular attorney or firm appeared as counsel"
                        ]
                    },
                    {
                        "li": [
                            {
                                "xref": {
                                    "@scope": "local",
                                    "@href": "searchsegment_hdi-task?lbu=US&locale=en_US&audience=res,adminCodes",
                                    "#text": "Administrative Codes and Regulations"
                                },
                                "p": {
                                    "@audience": "adminCodes",
                                    "xref": {
                                        "@scope": "local",
                                        "@href": "searchsegment_hdi-task?lbu=US&locale=en_US&audience=res",
                                        "#text": "(Hide Segments)"
                                    }
                                },
                                "simpletable": {
                                    "@audience": "adminCodes",
                                    "sthead": {
                                        "stentry": [
                                            "Content Subtype",
                                            "Segments"
                                        ]
                                    },
                                    "strow": [
                                        {
                                            "stentry": [
                                                "Administrative Codes",
                                                "authority, cite, history, publication, rule, section, heading, status, unanno"
                                            ]
                                        },
                                        {
                                            "stentry": [
                                                "Registers",
                                                "action, address, agency, cite, heading, history, publication, summary"
                                            ]
                                        },
                                        {
                                            "stentry": [
                                                "Regulation Text",
                                                "cite, title, publication, summary, heading, status"
                                            ]
                                        },
                                        {
                                            "stentry": [
                                                "Regulation Tracking",
                                                "cite, name, company, title, publication, summary, status"
                                            ]
                                        }
                                    ]
                                }
                            },
                            {
                                "xref": {
                                    "@scope": "local",
                                    "@href": "searchsegment_hdi-task?lbu=US&locale=en_US&audience=res,adminMaterials",
                                    "#text": "Administrative Materials"
                                },
                                "p": {
                                    "@audience": "adminMaterials",
                                    "xref": {
                                        "@scope": "local",
                                        "@href": "searchsegment_hdi-task?lbu=US&locale=en_US&audience=res",
                                        "#text": "(Hide Segments)"
                                    }
                                },
                                "simpletable": {
                                    "@audience": "adminMaterials",
                                    "sthead": {
                                        "stentry": [
                                            "Content Subtype",
                                            "Segments"
                                        ]
                                    },
                                    "strow": {
                                        "stentry": [
                                            "Administrative Materials",
                                            "agency, cite, company, dissentby, heading, headnotes, name, number, opinionby, publication, release-no, rule, sec-reply, section, status, summary, title,  judges, writtenby, attorney"
                                        ]
                                    }
                                }
                            },
                            {
                                "xref": {
                                    "@scope": "local",
                                    "@href": "searchsegment_hdi-task?lbu=US&locale=en_US&audience=res,analyticalMat",
                                    "#text": "Secondary Materials"
                                },
                                "p": {
                                    "@audience": "analyticalMat",
                                    "xref": {
                                        "@scope": "local",
                                        "@href": "searchsegment_hdi-task?lbu=US&locale=en_US&audience=res",
                                        "#text": "(Hide Segments)"
                                    }
                                },
                                "simpletable": {
                                    "@audience": "analyticalMat",
                                    "sthead": {
                                        "stentry": [
                                            "Content Subtype",
                                            "Segments"
                                        ]
                                    },
                                    "strow": [
                                        {
                                            "stentry": [
                                                "CLE Course of Study Materials",
                                                "author, cite, heading, publication, section"
                                            ]
                                        },
                                        {
                                            "stentry": [
                                                "Dictionaries",
                                                "Publication"
                                            ]
                                        },
                                        {
                                            "stentry": [
                                                "Expert Analysis",
                                                "attorney, cite, name, publication, summary"
                                            ]
                                        },
                                        {
                                            "stentry": [
                                                "Jurisprudence",
                                                "author, cite, footnote, publication, section, title"
                                            ]
                                        },
                                        {
                                            "stentry": [
                                                "Law Reviews and Journals",
                                                "author, cite, footnote, length, publication, summary, title"
                                            ]
                                        },
                                        {
                                            "stentry": [
                                                "Practice Guides",
                                                "cite, footnote, heading, publication, section, title"
                                            ]
                                        },
                                        {
                                            "stentry": [
                                                "Practice Insights",
                                                "cite, section, title"
                                            ]
                                        },
                                        {
                                            "stentry": [
                                                "Reference Indices",
                                                "company, name, publication, term, title"
                                            ]
                                        },
                                        {
                                            "stentry": [
                                                "Restatements",
                                                "cite, heading, publication, rule, section"
                                            ]
                                        },
                                        {
                                            "stentry": [
                                                "Treatises",
                                                "cite, footnote, heading, publication, section, title"
                                            ]
                                        }
                                    ]
                                }
                            },
                            {
                                "xref": {
                                    "@scope": "local",
                                    "@href": "searchsegment_hdi-task?lbu=US&locale=en_US&audience=res,companyFinancial",
                                    "#text": "Company Financial"
                                },
                                "p": {
                                    "@audience": "companyFinancial",
                                    "xref": {
                                        "@scope": "local",
                                        "@href": "searchsegment_hdi-task?lbu=US&locale=en_US&audience=res",
                                        "#text": "(Hide Segments)"
                                    }
                                },
                                "simpletable": {
                                    "@audience": "companyFinancial",
                                    "sthead": {
                                        "stentry": [
                                            "Content Subtype",
                                            "Segments"
                                        ]
                                    },
                                    "strow": [
                                        {
                                            "stentry": [
                                                "SEC Filings",
                                                "address, company, form, form-type, publication, SIC, ticker"
                                            ]
                                        },
                                        {
                                            "stentry": [
                                                "Company Profiles",
                                                "company, publication, summary, publication-type"
                                            ]
                                        },
                                        {
                                            "stentry": [
                                                "Mergers and Acquisitions",
                                                "company, firm, publication, publication-type, SIC, summary"
                                            ]
                                        },
                                        {
                                            "stentry": [
                                                "Analyst Reports",
                                                "company, headline, publication, publication-type, SIC"
                                            ]
                                        }
                                    ]
                                }
                            },
                            {
                                "xref": {
                                    "@scope": "local",
                                    "@href": "searchsegment_hdi-task?lbu=US&locale=en_US&audience=res,directories",
                                    "#text": "Directories"
                                },
                                "p": {
                                    "@audience": "directories",
                                    "xref": {
                                        "@scope": "local",
                                        "@href": "searchsegment_hdi-task?lbu=US&locale=en_US&audience=res",
                                        "#text": "(Hide Segments)"
                                    }
                                },
                                "simpletable": {
                                    "@audience": "directories",
                                    "sthead": {
                                        "stentry": [
                                            "Subtype",
                                            "Segments"
                                        ]
                                    },
                                    "strow": [
                                        {
                                            "stentry": [
                                                "Attorney Directories",
                                                "cite, name, company, title, publication, section, firm"
                                            ]
                                        },
                                        {
                                            "stentry": [
                                                "Business Leader Directories",
                                                "name, company, publication, publication-type"
                                            ]
                                        },
                                        {
                                            "stentry": [
                                                "Newsworthy Person Directories",
                                                "name, publication, publication-type"
                                            ]
                                        },
                                        {
                                            "stentry": [
                                                "Expert Witness Directories",
                                                "cite, name, publication"
                                            ]
                                        },
                                        {
                                            "stentry": [
                                                "Government Official Directories",
                                                "name, congress, publication, section, publication-type"
                                            ]
                                        },
                                        {
                                            "stentry": [
                                                "Judge Directories",
                                                "name, court, publication, judges"
                                            ]
                                        },
                                        {
                                            "stentry": [
                                                "Scientist Directories",
                                                "name"
                                            ]
                                        }
                                    ]
                                }
                            },
                            {
                                "xref": {
                                    "@scope": "local",
                                    "@href": "searchsegment_hdi-task?lbu=US&locale=en_US&audience=res,statutes",
                                    "#text": "Statutes and Legislation"
                                },
                                "p": {
                                    "@audience": "statutes",
                                    "xref": {
                                        "@scope": "local",
                                        "@href": "searchsegment_hdi-task?lbu=US&locale=en_US&audience=res",
                                        "#text": "(Hide Segments)"
                                    }
                                },
                                "simpletable": {
                                    "@audience": "statutes",
                                    "sthead": {
                                        "stentry": [
                                            "Subtype",
                                            "Segments"
                                        ]
                                    },
                                    "strow": [
                                        {
                                            "stentry": [
                                                "Codes",
                                                "cite, heading, history, publication, rule, section, unanno"
                                            ]
                                        },
                                        {
                                            "stentry": [
                                                "Constitutions",
                                                "cite, heading, history, publication, rule, section, unanno"
                                            ]
                                        },
                                        {
                                            "stentry": [
                                                "Court Rules",
                                                "cite, heading, history, publication, rule, section, status, unanno"
                                            ]
                                        },
                                        {
                                            "stentry": [
                                                "Public Laws/ALS",
                                                "cite, publication, heading, history"
                                            ]
                                        },
                                        {
                                            "stentry": [
                                                "Bill Text",
                                                "cite, name, congress, title, publication, summary, status"
                                            ]
                                        },
                                        {
                                            "stentry": [
                                                "Bill Tracking",
                                                "cite, name, congress, title, publication, summary, status"
                                            ]
                                        },
                                        {
                                            "stentry": [
                                                "Congressional Record",
                                                "cite, name, congress, publication, title"
                                            ]
                                        },
                                        {
                                            "stentry": [
                                                "Legislative Histories",
                                                "cite, name, congress, publication, summary, heading, number, status, publication-type, title"
                                            ]
                                        },
                                        {
                                            "stentry": [
                                                "Treaties",
                                                "cite, title, publication"
                                            ]
                                        },
                                        {
                                            "stentry": [
                                                "Municipal Codes",
                                                "cite, history, publication, title"
                                            ]
                                        }
                                    ]
                                }
                            },
                            {
                                "xref": {
                                    "@scope": "local",
                                    "@href": "searchsegment_hdi-task?lbu=US&locale=en_US&audience=res,briefs",
                                    "#text": "Briefs, Pleadings and Motions"
                                },
                                "p": {
                                    "@audience": "briefs",
                                    "xref": {
                                        "@scope": "local",
                                        "@href": "searchsegment_hdi-task?lbu=US&locale=en_US&audience=res",
                                        "#text": "(Hide Segments)"
                                    }
                                },
                                "simpletable": {
                                    "@audience": "briefs",
                                    "sthead": {
                                        "stentry": [
                                            "Subtype",
                                            "Segments"
                                        ]
                                    },
                                    "strow": [
                                        {
                                            "stentry": [
                                                "Briefs",
                                                "cite, name, court, title, summary, number, judges, attorney"
                                            ]
                                        },
                                        {
                                            "stentry": [
                                                "Motions",
                                                "cite, name, court, title, number, judges, attorney"
                                            ]
                                        },
                                        {
                                            "stentry": [
                                                "Pleadings",
                                                "cite, name, court, title, number, judges, attorney"
                                            ]
                                        }
                                    ]
                                }
                            },
                            {
                                "xref": {
                                    "@scope": "local",
                                    "@href": "searchsegment_hdi-task?lbu=US&locale=en_US&audience=res,uscases",
                                    "#text": "Cases"
                                },
                                "p": {
                                    "@audience": "uscases",
                                    "xref": {
                                        "@scope": "local",
                                        "@href": "searchsegment_hdi-task?lbu=US&locale=en_US&audience=res",
                                        "#text": "(Hide Segments)"
                                    }
                                },
                                "simpletable": {
                                    "@audience": "uscases",
                                    "sthead": {
                                        "stentry": [
                                            "Subtype",
                                            "Segments"
                                        ]
                                    },
                                    "strow": {
                                        "stentry": [
                                            "Cases",
                                            "attorney, cite, concur, concurby, core-terms, court, disposition, dissent, dissentby, headnotes, history, ln-summary, judges, name, number, opinion, opinionby, outcome, overview, summary, writtenby"
                                        ]
                                    }
                                }
                            },
                            {
                                "xref": {
                                    "@scope": "local",
                                    "@href": "searchsegment_hdi-task?lbu=US&locale=en_US&audience=res,secondarySources",
                                    "#text": "Secondary Sources"
                                },
                                "p": {
                                    "@audience": "secondarySources",
                                    "xref": {
                                        "@scope": "local",
                                        "@href": "searchsegment_hdi-task?lbu=US&locale=en_US&audience=res",
                                        "#text": "(Hide Segments)"
                                    }
                                },
                                "simpletable": {
                                    "@audience": "secondarySources",
                                    "sthead": {
                                        "stentry": [
                                            "Subtype",
                                            "Segments"
                                        ]
                                    },
                                    "strow": [
                                        {
                                            "stentry": [
                                                "Treatises",
                                                "cite, footnote, heading, publication, section, title"
                                            ]
                                        },
                                        {
                                            "stentry": [
                                                "Expert Analysis",
                                                "attorney, cite, name, publication, summary"
                                            ]
                                        },
                                        {
                                            "stentry": [
                                                "Law Reviews and Journals",
                                                "author, cite, footnote, publication, summary, title"
                                            ]
                                        },
                                        {
                                            "stentry": [
                                                "Practice Guides",
                                                "cite, footnote, heading, publication, section, title"
                                            ]
                                        },
                                        {
                                            "stentry": [
                                                "Jurisprudence",
                                                "author, cite, footnote, publication, section, title"
                                            ]
                                        },
                                        {
                                            "stentry": [
                                                "CLE Course of Study Materials",
                                                "author, cite, heading, publication, section"
                                            ]
                                        },
                                        {
                                            "stentry": [
                                                "Practice Insights",
                                                "cite, section, title"
                                            ]
                                        },
                                        {
                                            "stentry": [
                                                "Restatements",
                                                "cite, heading, publication, rule, section"
                                            ]
                                        },
                                        {
                                            "stentry": [
                                                "Reference Indices",
                                                "company, name, publication, term, title"
                                            ]
                                        },
                                        {
                                            "stentry": [
                                                "Dictionaries",
                                                "publication"
                                            ]
                                        }
                                    ]
                                }
                            },
                            {
                                "xref": {
                                    "@scope": "local",
                                    "@href": "searchsegment_hdi-task?lbu=US&locale=en_US&audience=res,dockets",
                                    "#text": "Dockets"
                                },
                                "p": {
                                    "@audience": "dockets",
                                    "xref": {
                                        "@scope": "local",
                                        "@href": "searchsegment_hdi-task?lbu=US&locale=en_US&audience=res",
                                        "#text": "(Hide Segments)"
                                    }
                                },
                                "simpletable": {
                                    "@audience": "dockets",
                                    "sthead": {
                                        "stentry": [
                                            "Subtype",
                                            "Segments"
                                        ]
                                    },
                                    "strow": {
                                        "stentry": [
                                            "Dockets",
                                            "name, court, number, judges, firm, attorney, datefiled"
                                        ]
                                    }
                                }
                            },
                            {
                                "xref": {
                                    "@scope": "local",
                                    "@href": "searchsegment_hdi-task?lbu=US&locale=en_US&audience=res,expertWitness",
                                    "#text": "Expert Witness Analysis"
                                },
                                "p": {
                                    "@audience": "expertWitness",
                                    "xref": {
                                        "@scope": "local",
                                        "@href": "searchsegment_hdi-task?lbu=US&locale=en_US&audience=res",
                                        "#text": "(Hide Segments)"
                                    }
                                },
                                "simpletable": {
                                    "@audience": "expertWitness",
                                    "sthead": {
                                        "stentry": [
                                            "Subtype",
                                            "Segments"
                                        ]
                                    },
                                    "strow": [
                                        {
                                            "stentry": [
                                                "Expert Witness Testimony and Reports",
                                                "cite, name, court, title, number, judges, attorney"
                                            ]
                                        },
                                        {
                                            "stentry": [
                                                "Expert Witness Challenges",
                                                "cite, court, publication, summary, judges"
                                            ]
                                        },
                                        {
                                            "stentry": [
                                                "Expert Witness Resumes and Curriculum Vitae",
                                                "cite, name, company"
                                            ]
                                        },
                                        {
                                            "stentry": [
                                                "Expert Witness Summaries",
                                                "cite, name"
                                            ]
                                        }
                                    ]
                                }
                            },
                            {
                                "xref": {
                                    "@scope": "local",
                                    "@href": "searchsegment_hdi-task?lbu=US&locale=en_US&audience=res,intelprop",
                                    "#text": "Intellectual Property"
                                },
                                "p": {
                                    "@audience": "intelprop",
                                    "xref": {
                                        "@scope": "local",
                                        "@href": "searchsegment_hdi-task?lbu=US&locale=en_US&audience=res",
                                        "#text": "(Hide Segments)"
                                    }
                                },
                                "simpletable": {
                                    "@audience": "intelprop",
                                    "sthead": {
                                        "stentry": [
                                            "Subtype",
                                            "Segments"
                                        ]
                                    },
                                    "strow": [
                                        {
                                            "stentry": [
                                                "Trademarks",
                                                "applicant, correspondent, current-assign, current-owner, first-comm-date, first-use-date, for-priority, goodsservices, intent-to-use, intl-class, mark-type, name, pto-status-code, pto-status-date, publication-date, regis-date, regis-no, regis-state, serial-no, ttab, us-class, applicant, status-code, status-date, active, register-type, disclaimer, registrant, for-cntry-name, foreign-claims, consol-certif, amend-regis-date, amendment, renewal-date, use-restric, affidavits, cert-statement, mr, other-regis, wipo-design"
                                            ]
                                        },
                                        {
                                            "stentry": [
                                                "Copyrights",
                                                "assignee, assignor, author, claimant, class, collection-name, contents, date, microfilm, name, number, owner, party-of-first, party-of-second, publication-date, recorded-date, regis-date, regis-deposit, title"
                                            ]
                                        }
                                    ]
                                }
                            },
                            {
                                "xref": {
                                    "@scope": "local",
                                    "@href": "searchsegment_hdi-task?lbu=US&locale=en_US&audience=res,forms",
                                    "#text": "Forms"
                                },
                                "p": {
                                    "@audience": "forms",
                                    "xref": {
                                        "@scope": "local",
                                        "@href": "searchsegment_hdi-task?lbu=US&locale=en_US&audience=res",
                                        "#text": "(Hide Segments)"
                                    }
                                },
                                "simpletable": {
                                    "@audience": "forms",
                                    "sthead": {
                                        "stentry": [
                                            "Subtype",
                                            "Segments"
                                        ]
                                    },
                                    "strow": {
                                        "stentry": [
                                            "Forms",
                                            "cite, title, publication, section"
                                        ]
                                    }
                                }
                            },
                            {
                                "xref": {
                                    "@scope": "local",
                                    "@href": "searchsegment_hdi-task?lbu=US&locale=en_US&audience=res,juryInstructs",
                                    "#text": "Jury Instructions"
                                },
                                "p": {
                                    "@audience": "juryInstructs",
                                    "xref": {
                                        "@scope": "local",
                                        "@href": "searchsegment_hdi-task?lbu=US&locale=en_US&audience=res",
                                        "#text": "(Hide Segments)"
                                    }
                                },
                                "simpletable": {
                                    "@audience": "juryInstructs",
                                    "sthead": {
                                        "stentry": [
                                            "Subtype",
                                            "Segments"
                                        ]
                                    },
                                    "strow": [
                                        {
                                            "stentry": [
                                                "Jury Instruction Filings",
                                                "cite, name, court, title, number, judges, attorney"
                                            ]
                                        },
                                        {
                                            "stentry": [
                                                "Pattern Jury Instructions",
                                                "cite, title, publication, section, number"
                                            ]
                                        }
                                    ]
                                }
                            },
                            {
                                "xref": {
                                    "@scope": "local",
                                    "@href": "searchsegment_hdi-task?lbu=US&locale=en_US&audience=res,juryVerdicts",
                                    "#text": "Jury Verdicts and Settlements"
                                },
                                "p": {
                                    "@audience": "juryVerdicts",
                                    "xref": {
                                        "@scope": "local",
                                        "@href": "searchsegment_hdi-task?lbu=US&locale=en_US&audience=res",
                                        "#text": "(Hide Segments)"
                                    }
                                },
                                "simpletable": {
                                    "@audience": "juryVerdicts",
                                    "sthead": {
                                        "stentry": [
                                            "Subtype",
                                            "Segments"
                                        ]
                                    },
                                    "strow": {
                                        "stentry": [
                                            "Settlements",
                                            "cite, name, court, headline, title, summary, number, judges, attorney"
                                        ]
                                    }
                                }
                            },
                            {
                                "xref": {
                                    "@scope": "local",
                                    "@href": "searchsegment_hdi-task?lbu=US&locale=en_US&audience=res,legalNews",
                                    "#text": "Legal News"
                                },
                                "p": {
                                    "@audience": "legalNews",
                                    "xref": {
                                        "@scope": "local",
                                        "@href": "searchsegment_hdi-task?lbu=US&locale=en_US&audience=res",
                                        "#text": "(Hide Segments)"
                                    }
                                },
                                "simpletable": {
                                    "@audience": "legalNews",
                                    "sthead": {
                                        "stentry": [
                                            "Subtype",
                                            "Segments"
                                        ]
                                    },
                                    "strow": {
                                        "stentry": [
                                            "Legal News",
                                            "byline, cite, company, department, hlead, headline, length, publication, publication-type, ticker, title"
                                        ]
                                    }
                                }
                            },
                            {
                                "xref": {
                                    "@scope": "local",
                                    "@href": "searchsegment_hdi-task?lbu=US&locale=en_US&audience=res,scientific",
                                    "#text": "Scientific"
                                },
                                "p": {
                                    "@audience": "scientific",
                                    "xref": {
                                        "@scope": "local",
                                        "@href": "searchsegment_hdi-task?lbu=US&locale=en_US&audience=res",
                                        "#text": "(Hide Segments)"
                                    }
                                },
                                "simpletable": {
                                    "@audience": "scientific",
                                    "sthead": {
                                        "stentry": [
                                            "Subtype",
                                            "Segments"
                                        ]
                                    },
                                    "strow": [
                                        {
                                            "stentry": [
                                                "Medical References",
                                                "author, name, publication, publication-type"
                                            ]
                                        },
                                        {
                                            "stentry": [
                                                "Scientific Publications",
                                                "author, cite, company, hlead, headline, publication, publication-type, section, title"
                                            ]
                                        }
                                    ]
                                }
                            },
                            {
                                "xref": {
                                    "@scope": "local",
                                    "@href": "searchsegment_hdi-task?lbu=US&locale=en_US&audience=res,news",
                                    "#text": "News"
                                },
                                "p": {
                                    "@audience": "news",
                                    "xref": {
                                        "@scope": "local",
                                        "@href": "searchsegment_hdi-task?lbu=US&locale=en_US&audience=res",
                                        "#text": "(Hide Segments)"
                                    }
                                },
                                "simpletable": {
                                    "@audience": "news",
                                    "sthead": {
                                        "stentry": [
                                            "Subtype",
                                            "Segments"
                                        ]
                                    },
                                    "strow": {
                                        "stentry": [
                                            "News",
                                            "byline, company, headline, hlead, length, publication, publication-type, section, term, ticker, title"
                                        ]
                                    }
                                }
                            }
                        ]
                    }
                ]
            },
            "steps": {
                "@id": "5678",
                "step": [
                    {
                        "cmd": "In the search box, enter your search, beginning with the segment name and followed by your search terms in parentheses.  To find opinions written by Justice Sandra Day O'Connor, enter:",
                        "info": {
                            "example": "writtenby(o'connor)"
                        }
                    },
                    {
                        "cmd": {
                            "uicontrol": {
                                "#tail": ".",
                                "#text": "Search"
                            },
                            "#text": "Click"
                        },
                        "info": {
                            "p": "Segment searches can be run as either a natural language or a Boolean search, depending on the search syntax you use. The table below has examples of segment searches using natural language and Boolean syntax."
                        },
                        "choicetable": {
                            "chhead": {
                                "choptionhd": "To Find...",
                                "chdeschd": "Type This"
                            },
                            "chrow": [
                                {
                                    "choption": "News articles that mention Lincoln in the headline, that are longer than 2500 words, using Boolean syntax",
                                    "chdesc": "headline(lincoln) and length > 2500"
                                },
                                {
                                    "choption": "Cases when you know the party names, using natural language",
                                    "chdesc": "name(griggs duke)"
                                },
                                {
                                    "choption": "A legal news story when you know the headline, using natural language",
                                    "chdesc": "headline(michael jackson death)"
                                },
                                {
                                    "choption": "Cases when you know the party names, using Boolean syntax",
                                    "chdesc": "name(griggs and duke)"
                                },
                                {
                                    "choption": "Cases involving the right to counsel and heard by either Judge Anderson or Judge Markey, using Boolean syntax",
                                    "chdesc": "right to counsel and judges(anderson or markey)"
                                },
                                {
                                    "choption": "Cases argued by Jensen for which Posner wrote the opinion, using Boolean syntax",
                                    "chdesc": "writtenby(posner) and attorney(jensen)"
                                }
                            ]
                        }
                    }
                ]
            }
        }
    }
}