{
    "task": {
        "@otherprops": "lpasearch",
        "@audience": "lpa",
        "@id": "searchlpa_hdi",
        "title": {
            "ph": {
                "@keyref": "lpanamefirst",
                "#tail": "?"
            },
            "#text": "How do I use the search feature in"
        },
        "prolog": {
            "author": [
                "Barb Bruns",
                "Paul Claggett"
            ],
            "copyright": {
                "copyryear": {
                    "@year": "2010"
                },
                "copyrholder": "Lexisnexis"
            },
            "critdates": {
                "created": {
                    "@date": "2010-01-17"
                },
                "revised": {
                    "@modified": "2015-09-16"
                }
            },
            "metadata": {
                "prodinfo": {
                    "prodname": "Lexis Advance",
                    "vrmlist": {
                        "vrm": {
                            "@version": "1"
                        }
                    }
                }
            }
        },
        "taskbody": {
            "context": {
                "p": {
                    "uicontrol": {
                        "#tail": "feature in",
                        "#text": "Search"
                    },
                    "ph": {
                        "@keyref": "lpaname",
                        "#tail": ":"
                    },
                    "#text": "Take the following steps to use the"
                }
            },
            "steps": {
                "step": [
                    {
                        "cmd": {
                            "uicontrol": {
                                "#tail": "box at the top of any page.",
                                "#text": "Search"
                            },
                            "#text": "Enter your search terms in the"
                        }
                    },
                    {
                        "cmd": {
                            "uicontrol": [
                                {
                                    "#tail": "field, select",
                                    "#text": "Search"
                                },
                                {
                                    "#tail": "to open the",
                                    "#text": "Search: Everything"
                                },
                                {
                                    "#tail": "list.",
                                    "#text": "Practice Area & Topic"
                                }
                            ],
                            "#text": "Under the"
                        }
                    },
                    {
                        "cmd": "Select the checkbox for each individual practice area or topic you want to search.",
                        "info": {
                            "note": {
                                "@type": "tip",
                                "image": {
                                    "@alt": "Right arrow icon",
                                    "@href": "Triangleright.png",
                                    "#tail": "to expand the list of topics associated with a practice area."
                                },
                                "#text": "You can select"
                            }
                        }
                    },
                    {
                        "cmd": {
                            "uicontrol": {
                                "#tail": "button.",
                                "#text": "Search"
                            },
                            "#text": "Click the"
                        }
                    }
                ]
            },
            "result": {
                "p": {
                    "image": {
                        "@alt": "Search",
                        "@href": "redmagnifyglass.png",
                        "@placement": "inline",
                        "#tail": ")."
                    },
                    "#text": "If you do not want to narrow your search to a specific Practice Area or Topic, enter your search terms in the search box and click the search button ("
                }
            }
        }
    }
}