{
    "task": {
        "@otherprops": "searchbasic",
        "@id": "search_hdi",
        "title": {
            "ph": {
                "@keyref": "prodnamefirst",
                "#tail": "?"
            },
            "#text": "How do I search using"
        },
        "prolog": {
            "author": "Barb Bruns",
            "copyright": {
                "copyryear": {
                    "@year": "2010"
                },
                "copyrholder": "Lexisnexis"
            },
            "critdates": {
                "created": {
                    "@date": "2010-01-17"
                }
            },
            "metadata": {
                "prodinfo": {
                    "prodname": "Lexis Advance",
                    "vrmlist": {
                        "vrm": {
                            "@version": "1"
                        }
                    }
                }
            }
        },
        "taskbody": {
            "context": {
                "p": [
                    {
                        "ph": {
                            "@keyref": "prodnamefirst",
                            "#tail": ".  To begin your research, select"
                        },
                        "uicontrol": {
                            "#tail": "at the top of the page to associate your research with a specific client or matter.  Then search using one of the methods below.",
                            "#text": "Client"
                        },
                        "#text": "There are several ways to perform legal research with"
                    },
                    {
                        "ph": [
                            {
                                "@keyref": "prodname",
                                "#tail": "automatically determines which type of search to perform from your search terms. For example, if you enter"
                            },
                            {
                                "@keyref": "prodname",
                                "#tail": "will run a terms and connectors search, because the connector \"and\" is part of the search."
                            }
                        ],
                        "userinput": {
                            "#tail": ",",
                            "#text": "budget and deficit"
                        },
                        "#text": "When you enter a search, you don't need to enter your terms using terms and connectors or natural language guidelines because"
                    }
                ],
                "note": {
                    "@type": "note",
                    "p": {
                        "xref": [
                            {
                                "@scope": "peer",
                                "@href": "connectors_group_ref.xml",
                                "#tail": ". For information about segment searching, see"
                            },
                            {
                                "@scope": "peer",
                                "@href": "searchsegment_hdi.xml"
                            }
                        ],
                        "#text": "For information on constructing a Boolean search query, see"
                    }
                },
                "ul": {
                    "li": [
                        {
                            "xref": {
                                "@scope": "peer",
                                "@href": "searchall_hdi.xml",
                                "#text": "Search all content"
                            }
                        },
                        {
                            "xref": {
                                "@scope": "peer",
                                "@href": "advancedsearch_hdi.xml",
                                "#text": "Search using the advanced search form"
                            }
                        },
                        {
                            "xref": {
                                "@scope": "peer",
                                "@href": "searchrestrictbyjcpa_hdi.xml",
                                "#text": "Restrict your search to a specific jurisdiction, category, or practice area"
                            }
                        },
                        {
                            "xref": {
                                "@scope": "peer",
                                "@href": "searchrestrictbydate_hdi.xml",
                                "#text": "Restrict your search by date or date range"
                            }
                        },
                        {
                            "xref": {
                                "@scope": "peer",
                                "@href": "searchbyshep_hdi.xml",
                                "#text": "Shepardize\u00ae a citation"
                            }
                        },
                        {
                            "xref": {
                                "@scope": "peer",
                                "@href": "previousresults_hdi.xml",
                                "#text": "Resume previous research"
                            }
                        },
                        {
                            "xref": {
                                "@scope": "peer",
                                "@href": "searchlistofsources_hdi.xml",
                                "#text": "Restrict your search to specific sources"
                            }
                        },
                        {
                            "xref": {
                                "@scope": "peer",
                                "@href": "searchspecifictopic_hdi.xml",
                                "#text": "Restrict your search to specific legal topics"
                            }
                        },
                        {
                            "xref": {
                                "@scope": "peer",
                                "@href": "searchdocbycite_hdi.xml",
                                "#text": "Search by citation"
                            }
                        },
                        {
                            "xref": {
                                "@scope": "peer",
                                "@href": "getandprint_hdi.xml",
                                "ph": {
                                    "@keyref": "shepardizefirst",
                                    "#tail": "documents by citation"
                                },
                                "#text": "Retrieve or print"
                            }
                        },
                        {
                            "xref": {
                                "@scope": "peer",
                                "@href": "archivedcodesearch_hdi.xml",
                                "#text": "Search archived codes"
                            }
                        },
                        {
                            "@audience": "exclude",
                            "xref": {
                                "@scope": "peer",
                                "@href": "#searchadvschform_hdi.xml",
                                "#text": "Use the Advanced Search Form"
                            }
                        }
                    ]
                }
            }
        }
    }
}