{
    "task": {
        "@otherprops": "searchbrowse",
        "@id": "searchspecifictopic_hdi",
        "title": "How do I search in a specific topic?",
        "prolog": {
            "author": "Barb Bruns",
            "copyright": {
                "copyryear": {
                    "@year": "2015"
                },
                "copyrholder": "Lexisnexis"
            },
            "critdates": {
                "created": {
                    "@date": "2015-09-04"
                }
            },
            "metadata": {
                "prodinfo": {
                    "prodname": "Lexis Advance",
                    "vrmlist": {
                        "vrm": {
                            "@version": "1"
                        }
                    }
                }
            }
        },
        "taskbody": {
            "steps": {
                "step": [
                    {
                        "cmd": {
                            "uicontrol": {
                                "#tail": "at the top of the page, next to",
                                "#text": "Browse"
                            },
                            "ph": {
                                "@keyref": "prodnamefirst",
                                "#tail": "."
                            },
                            "#text": "Select"
                        }
                    },
                    {
                        "cmd": {
                            "uicontrol": {
                                "#tail": ".",
                                "#text": "Topics"
                            },
                            "#text": "Select"
                        }
                    },
                    {
                        "cmd": "When the topic list is displayed, do one of the following:",
                        "choicetable": {
                            "chhead": {
                                "choptionhd": "To...",
                                "chdeschd": "Do This"
                            },
                            "chrow": [
                                {
                                    "choption": "Browse for a topic",
                                    "chdesc": "Select a topic name to display more detailed topics that are categorized under that name."
                                },
                                {
                                    "choption": "Search for a topic when you know the name",
                                    "chdesc": {
                                        "uicontrol": [
                                            {
                                                "#tail": "box and select",
                                                "#text": "Search for topics"
                                            },
                                            {
                                                "#tail": ".",
                                                "#text": "Search"
                                            }
                                        ],
                                        "#text": "Type a topic name, or part of the name, in the"
                                    }
                                }
                            ]
                        }
                    },
                    {
                        "cmd": "Select the topic you want to use."
                    },
                    {
                        "cmd": {
                            "uicontrol": {
                                "#tail": "drop-down menu.",
                                "#text": "Actions"
                            },
                            "#text": "Select the"
                        }
                    },
                    {
                        "cmd": {
                            "uicontrol": {
                                "#tail": ".",
                                "#text": "Add topic as a search filter"
                            },
                            "#text": "Select"
                        }
                    }
                ]
            },
            "result": null
        }
    }
}