{
    "task": {
        "@otherprops": "searchadvanced",
        "@id": "searchgetandprint_hdi",
        "title": "How do I use Get & Print to download and print documents and reports?",
        "prolog": {
            "author": "Paul Claggett",
            "copyright": {
                "copyryear": {
                    "@year": "2015"
                },
                "copyrholder": "Lexisnexis"
            },
            "critdates": {
                "created": {
                    "@date": "2015-09-04"
                }
            },
            "metadata": {
                "prodinfo": {
                    "prodname": "Lexis Advance",
                    "vrmlist": {
                        "vrm": {
                            "@version": "1"
                        }
                    }
                }
            }
        },
        "taskbody": {
            "context": {
                "p": {
                    "uicontrol": {
                        "#tail": "feature allows you to enter multiple citations and download or print documents or",
                        "#text": "Get & Print"
                    },
                    "ph": {
                        "@keyref": "shepardsfirst",
                        "#tail": "'s reports."
                    },
                    "#text": "The"
                }
            },
            "steps": {
                "step": [
                    {
                        "cmd": {
                            "uicontrol": {
                                "#tail": "at the top of the page.",
                                "#text": "Research"
                            },
                            "#text": "Select the down arrow to the right of"
                        }
                    },
                    {
                        "cmd": {
                            "uicontrol": {
                                "#tail": ".",
                                "#text": "LexisNexis\u00ae Get & Print"
                            },
                            "#text": "Select"
                        }
                    },
                    {
                        "cmd": "Complete the form."
                    },
                    {
                        "cmd": {
                            "uicontrol": {
                                "#tail": ".",
                                "#text": "Get"
                            },
                            "#text": "Select"
                        }
                    }
                ]
            },
            "result": null
        }
    }
}