{
    "task": {
        "@otherprops": "searchexplore",
        "@id": "searchrestrictbyjcpa_hdi",
        "title": "How do I restrict my search to a specific jurisdiction, category, or practice area?",
        "prolog": {
            "author": "Paul Claggett",
            "copyright": {
                "copyryear": {
                    "@year": "2015"
                },
                "copyrholder": "Lexisnexis"
            },
            "critdates": {
                "created": {
                    "@date": "2015-09-04"
                }
            },
            "metadata": {
                "prodinfo": {
                    "prodname": "Lexis Advance",
                    "vrmlist": {
                        "vrm": {
                            "@version": "1"
                        }
                    }
                }
            }
        },
        "taskbody": {
            "context": {
                "p": "You can restrict your search to a specific jurisdiction, legal topic or content type in one of these ways."
            }
        },
        "task": [
            {
                "@id": "fromexplorecontent",
                "title": "From Explore Content:",
                "taskbody": {
                    "steps": {
                        "step": [
                            {
                                "cmd": {
                                    "uicontrol": [
                                        {
                                            "#tail": ",",
                                            "#text": "Content Type"
                                        },
                                        {
                                            "#tail": ",",
                                            "#text": "Federal"
                                        },
                                        {
                                            "#tail": ", or",
                                            "#text": "State"
                                        },
                                        {
                                            "#tail": "under",
                                            "#text": "Practice Area"
                                        },
                                        {
                                            "#tail": ".",
                                            "#text": "Explore Content"
                                        }
                                    ],
                                    "#text": "Select"
                                }
                            },
                            {
                                "cmd": "Select the content you want to search in."
                            },
                            {
                                "cmd": {
                                    "uicontrol": {
                                        "#tail": "or select the specific sources you want to search in.",
                                        "#text": "Search all sources on this page"
                                    },
                                    "#text": "On the search form that appears, select"
                                },
                                "stepresult": {
                                    "note": "If you have selected any other filters for this search, they will be replaced by your selection."
                                }
                            },
                            {
                                "cmd": {
                                    "image": {
                                        "@alt": "Search",
                                        "@href": "redmagnifyglass.png",
                                        "@placement": "inline",
                                        "#tail": ")."
                                    },
                                    "#text": "Select the search button ("
                                }
                            }
                        ]
                    }
                }
            },
            {
                "@otherprops": "search",
                "@id": "searchtermsjcpa",
                "title": "To restrict your search using filters:",
                "taskbody": {
                    "steps": {
                        "step": [
                            {
                                "cmd": {
                                    "xref": [
                                        {
                                            "@scope": "peer",
                                            "@href": "developnaturalsearch_ref.xml",
                                            "#tail": "or",
                                            "#text": "natural language"
                                        },
                                        {
                                            "@scope": "peer",
                                            "@href": "connectors_group_ref.xml",
                                            "#tail": "search construction.",
                                            "#text": "Boolean"
                                        }
                                    ],
                                    "#text": "Enter your search terms in the search box, using either"
                                },
                                "info": {
                                    "ul": {
                                        "li": [
                                            "Legal phrases and documents - If the terms you are typing are closely related to a legal phrase or document, you'll see a list of suggestions you can select from. Click one of these if you want to see the results for the suggestion instead of what you are typing. The legal phrase or document name will replace the terms you were entering in the search box.",
                                            {
                                                "uicontrol": [
                                                    {
                                                        "#tail": ". Select one of these if you want to search in the source. Your selections will display under the search box. Click",
                                                        "#text": "Add Source as a Filter"
                                                    },
                                                    {
                                                        "#tail": "to remove them.",
                                                        "#text": "Clear"
                                                    }
                                                ],
                                                "#text": "Sources - If the terms you are typing are closely related to a source name, you'll see a list of possible source names displayed beneath the search box, next to"
                                            }
                                        ]
                                    }
                                }
                            },
                            {
                                "cmd": {
                                    "uicontrol": {
                                        "#tail": "to the left of the search button (",
                                        "#text": "Search: Everything"
                                    },
                                    "image": {
                                        "@alt": "Search",
                                        "@href": "redmagnifyglass.png",
                                        "@placement": "inline",
                                        "#tail": ")."
                                    },
                                    "#text": "Select"
                                }
                            },
                            {
                                "cmd": {
                                    "uicontrol": [
                                        {
                                            "#tail": ",",
                                            "#text": "Jurisdiction"
                                        },
                                        {
                                            "#tail": ", or",
                                            "#text": "Category"
                                        },
                                        {
                                            "#tail": "from the left pane.",
                                            "#text": "Practice Areas & Topics"
                                        }
                                    ],
                                    "#text": "Select"
                                }
                            },
                            {
                                "cmd": "Select the checkboxes for the filters you want to use."
                            },
                            {
                                "cmd": {
                                    "image": {
                                        "@alt": "Search",
                                        "@href": "redmagnifyglass.png",
                                        "@placement": "inline",
                                        "#tail": ")."
                                    },
                                    "#text": "Click the search button ("
                                }
                            }
                        ]
                    }
                }
            }
        ]
    }
}