{
    "task": {
        "@otherprops": "foldersharetips;folders",
        "@id": "sharefolder_hdi",
        "title": "How do I share a document in my results with other users?",
        "prolog": {
            "author": [
                "Barb Bruns",
                "Christina Stommel (GDSI Release)"
            ],
            "copyright": {
                "copyryear": {
                    "@year": "2007"
                },
                "copyrholder": "LexisNexis"
            },
            "critdates": {
                "created": {
                    "@date": "2006-10-03"
                }
            },
            "metadata": {
                "prodinfo": {
                    "prodname": "Lexis Advance",
                    "vrmlist": {
                        "vrm": {
                            "@version": "1"
                        }
                    }
                }
            }
        },
        "taskbody": {
            "context": {
                "data": null,
                "p": [
                    "You can share folders, documents, notes, and other items with other users by placing them in a shared folder. The users you share the folder with can add documents and add or modify notes.",
                    "To share a folder:"
                ]
            },
            "steps": {
                "step": [
                    {
                        "cmd": "In your results list, select the documents you want to share."
                    },
                    {
                        "cmd": {
                            "uicontrol": [
                                {
                                    "#tail": "icon at the top of the results list and select",
                                    "#text": "Add to folder"
                                },
                                {
                                    "#tail": ". The Add to Folder dialog box appears.",
                                    "#text": "Choose a folder"
                                }
                            ],
                            "#text": "Select the"
                        }
                    },
                    {
                        "cmd": {
                            "uicontrol": {
                                "#tail": "tab. The view changes to show sharing options.",
                                "#text": "Share With Others"
                            },
                            "#text": "Click the"
                        }
                    },
                    {
                        "cmd": {
                            "uicontrol": [
                                {
                                    "#tail": "box. To share with users outside your group, enter the user's email address. Click",
                                    "#text": "Enter a peer's name..."
                                },
                                {
                                    "#tail": "to add the name to the list.",
                                    "#text": "Add to Share"
                                }
                            ],
                            "#text": "To share with others within your network or group of users, enter the peer's name in the"
                        }
                    },
                    {
                        "cmd": {
                            "uicontrol": [
                                {
                                    "#tail": "or",
                                    "#text": "Editor"
                                },
                                {
                                    "#tail": ". Editors may view and modify notes you save with the folder, and add notes of their own. Viewers may only view notes.",
                                    "#text": "Viewer"
                                }
                            ],
                            "#text": "In the list of people you are sharing with, for each user, select"
                        }
                    },
                    {
                        "cmd": {
                            "image": {
                                "@alt": "Remove",
                                "@href": "Closeremove.png",
                                "@placement": "inline",
                                "#tail": "to remove any users from the selected list."
                            },
                            "#text": "Optionally, click"
                        }
                    },
                    {
                        "cmd": {
                            "uicontrol": [
                                {
                                    "#tail": "tab, select the folder where you want to save the document from the list of options under",
                                    "#text": "Save Options"
                                },
                                {
                                    "#tail": ".",
                                    "#text": "Save In"
                                }
                            ],
                            "#text": "At the"
                        }
                    },
                    {
                        "cmd": {
                            "uicontrol": {
                                "#tail": "box.",
                                "#text": "Notes"
                            },
                            "#text": "Enter your comments about the document in the"
                        }
                    },
                    {
                        "cmd": {
                            "uicontrol": {
                                "#tail": ". If you want the notes to be visible only to you, clear the checkbox.",
                                "#text": "Allow recipients to view your notes"
                            },
                            "#text": "If you want the notes to be visible to the other users you have shared the folder with, select"
                        }
                    },
                    {
                        "cmd": {
                            "uicontrol": {
                                "#tail": ".",
                                "#text": "Save"
                            },
                            "#text": "Click"
                        }
                    }
                ]
            },
            "result": {
                "p": {
                    "uicontrol": [
                        {
                            "#tail": "folder. You'll find the document in your",
                            "#text": "Shared by others"
                        },
                        {
                            "#tail": ".",
                            "#text": "Shared by me folder"
                        }
                    ],
                    "#text": "The users you have shared with will be notified by email, and will find the document in their"
                }
            }
        }
    }
}