{
    "task": {
        "@otherprops": "delivery;shepardsemailtips",
        "@audience": "private",
        "@id": "shepemailresults_hdi",
        "title": {
            "i": {
                "#tail": "\u00ae reports?",
                "#text": "Shepard's"
            },
            "#text": "How do I email"
        },
        "prolog": {
            "author": "Robin Stubbart",
            "copyright": {
                "copyryear": {
                    "@year": "2011"
                },
                "copyrholder": "Lexisnexis"
            },
            "critdates": {
                "created": {
                    "@date": "2011-10-05"
                }
            },
            "metadata": {
                "prodinfo": {
                    "prodname": "Lexis Advance",
                    "vrmlist": {
                        "vrm": {
                            "@version": "1"
                        }
                    }
                }
            }
        },
        "taskbody": {
            "context": {
                "p": {
                    "ph": {
                        "@keyref": "shepardsfirst",
                        "#tail": "reports selected from your results list, or a report you are viewing, to yourself or others."
                    },
                    "#text": "You can email"
                }
            }
        },
        "task": [
            {
                "@id": "fromresults",
                "title": "From your results list:",
                "taskbody": {
                    "steps": {
                        "step": [
                            {
                                "cmd": {
                                    "ph": {
                                        "@keyref": "shepards",
                                        "#tail": "reports you want to email."
                                    },
                                    "#text": "Select the checkboxes for the"
                                }
                            },
                            {
                                "cmd": {
                                    "image": [
                                        {
                                            "@alt": "Delivery Settings",
                                            "@href": "deliverysettings.png",
                                            "#tail": "icon next to the email icon ("
                                        },
                                        {
                                            "@alt": "Email",
                                            "@href": "Email.png",
                                            "@placement": "inline",
                                            "#tail": ")."
                                        }
                                    ],
                                    "#text": "Click the"
                                }
                            },
                            {
                                "cmd": {
                                    "uicontrol": {
                                        "#tail": ". For detailed information about completing the form, see",
                                        "#text": "OK"
                                    },
                                    "xref": {
                                        "@scope": "peer",
                                        "@href": "shepardsemailtips.xml",
                                        "#tail": "."
                                    },
                                    "#text": "Complete the email form and select"
                                }
                            }
                        ]
                    }
                }
            },
            {
                "@id": "fromdoc",
                "title": "From a report you're viewing:",
                "taskbody": {
                    "steps": {
                        "step": [
                            {
                                "cmd": {
                                    "image": [
                                        {
                                            "@alt": "Delivery Settings",
                                            "@href": "deliverysettings.png",
                                            "#tail": "icon next to the email icon ("
                                        },
                                        {
                                            "@alt": "Email",
                                            "@href": "Email.png",
                                            "@placement": "inline",
                                            "#tail": ")."
                                        }
                                    ],
                                    "#text": "Click the"
                                }
                            },
                            {
                                "cmd": {
                                    "uicontrol": {
                                        "#tail": ". For detailed information about completing the form, see",
                                        "#text": "OK"
                                    },
                                    "xref": {
                                        "@scope": "peer",
                                        "@href": "shepardsemailtips.xml",
                                        "#tail": "."
                                    },
                                    "#text": "Complete the email form and select"
                                }
                            }
                        ]
                    }
                }
            }
        ]
    }
}