{
    "task": {
        "@otherprops": "searchexplore;searchtips;restrictsearch;faveselectedtips",
        "@audience": "res",
        "@id": "sourceselect_hdi",
        "title": "How do I select a specific source to search in?",
        "prolog": {
            "author": "Barb Bruns",
            "copyright": {
                "copyryear": {
                    "@year": "2007"
                },
                "copyrholder": "Lexisnexis"
            },
            "critdates": {
                "created": {
                    "@date": "2006-10-03"
                }
            },
            "metadata": {
                "prodinfo": {
                    "prodname": "Lexis Advance",
                    "vrmlist": {
                        "vrm": {
                            "@version": "1"
                        }
                    }
                }
            }
        },
        "taskbody": {
            "context": {
                "p": "To select a specific source, use one of the methods below."
            }
        },
        "task": [
            {
                "@id": "fromexplorecontent",
                "title": "From Explore Content:",
                "taskbody": {
                    "steps": {
                        "step": [
                            {
                                "cmd": {
                                    "uicontrol": [
                                        {
                                            "#tail": ",",
                                            "#text": "Content Type"
                                        },
                                        {
                                            "#tail": ",",
                                            "#text": "Federal"
                                        },
                                        {
                                            "#tail": ", or",
                                            "#text": "State"
                                        },
                                        {
                                            "#tail": "under",
                                            "#text": "Practice Area"
                                        },
                                        {
                                            "#tail": ".",
                                            "#text": "Explore Content"
                                        }
                                    ],
                                    "#text": "Select"
                                }
                            },
                            {
                                "cmd": "Select the content you want to search in."
                            },
                            {
                                "cmd": {
                                    "uicontrol": {
                                        "#tail": "or select the specific sources you want to search in.",
                                        "#text": "Search all sources on this page"
                                    },
                                    "#text": "On the search form that appears, select"
                                },
                                "stepresult": {
                                    "note": "If you have selected any other filters for this search, they will be replaced by your selection."
                                }
                            }
                        ]
                    }
                }
            },
            {
                "@id": "frombrowse",
                "title": {
                    "uicontrol": {
                        "#tail": ":",
                        "#text": "Browse Sources"
                    },
                    "#text": "From"
                },
                "taskbody": {
                    "steps": {
                        "step": [
                            {
                                "cmd": {
                                    "ph": {
                                        "@keyref": "prodnamefirst",
                                        "#tail": "home page, select the"
                                    },
                                    "uicontrol": {
                                        "#tail": "drop-down menu at the top of the page.",
                                        "#text": "Browse"
                                    },
                                    "#text": "On the"
                                }
                            },
                            {
                                "cmd": {
                                    "uicontrol": {
                                        "#tail": ".",
                                        "#text": "Sources"
                                    },
                                    "#text": "Select"
                                }
                            },
                            {
                                "cmd": "Do one of the following:",
                                "choicetable": {
                                    "chhead": {
                                        "choptionhd": "To...",
                                        "chdeschd": "Do This"
                                    },
                                    "chrow": [
                                        {
                                            "choption": "Search for a source",
                                            "chdesc": {
                                                "uicontrol": {
                                                    "#tail": "in the left pane, then select the search icon (",
                                                    "#text": "Search for a source"
                                                },
                                                "image": {
                                                    "@alt": "Search",
                                                    "@href": "search.png",
                                                    "@placement": "inline",
                                                    "#tail": ")."
                                                },
                                                "#text": "Enter the name (or part of a name) of a source under"
                                            }
                                        },
                                        {
                                            "choption": "Browse through all sources alphabetically",
                                            "chdesc": {
                                                "uicontrol": {
                                                    "#tail": ", then use the alphabetical listing to find the source you want.",
                                                    "#text": "All Sources"
                                                },
                                                "#text": "Select"
                                            }
                                        },
                                        {
                                            "choption": "Select a source by category",
                                            "chdesc": {
                                                "uicontrol": [
                                                    {
                                                        "#tail": ",",
                                                        "#text": "By Jurisdiction"
                                                    },
                                                    {
                                                        "#tail": ", etc. from the list, then select a sub-category, if there is one.",
                                                        "#text": "By Practice Area"
                                                    }
                                                ],
                                                "#text": "Select a category, such as"
                                            }
                                        }
                                    ]
                                }
                            },
                            {
                                "cmd": "When you see the source you want to use, select it."
                            },
                            {
                                "cmd": {
                                    "uicontrol": {
                                        "#tail": ".",
                                        "#text": "Add source as a search filter"
                                    },
                                    "#text": "From the menu that appears, select"
                                },
                                "info": {
                                    "note": "If you have selected any other filters for this search, they will be replaced by your selection."
                                }
                            }
                        ]
                    },
                    "result": {
                        "p": {
                            "uicontrol": {
                                "#tail": "pane.",
                                "#text": "Narrow By"
                            },
                            "#text": "The source name is added to the"
                        }
                    }
                }
            }
        ]
    }
}