{
    "task": {
        "@otherprops": "taxsearch",
        "@audience": "tax",
        "@id": "taxsearchnews_hdi",
        "title": "How do I view recent tax news?",
        "prolog": {
            "author": "Christina Stommel",
            "copyright": {
                "copyryear": {
                    "@year": "2014"
                },
                "copyrholder": "Lexisnexis"
            },
            "critdates": {
                "created": {
                    "@date": "2014-12-15"
                }
            },
            "metadata": {
                "prodinfo": {
                    "prodname": "Lexis Advance",
                    "vrmlist": {
                        "vrm": {
                            "@version": "1"
                        }
                    }
                }
            }
        },
        "taskbody": {
            "context": {
                "p": [
                    "Tax news sources like Tax Analysts\u00ae Tax Notes Today, Tax Analysts State Tax Notes, and Tax Analysts Worldwide Tax Treaties Tax Treaty News can help you stay up to date with international, federal, and state tax laws, regulations, and policy developments. Additionally, you can be notified of announcements, special reports, and in-depth commentary on taxation issues. This information can be updated daily or weekly, and it can be focused on your specific practice area.",
                    "While viewing these news stories, you can filter your list of news stories or create alerts so you can be notified of further news. Ultimately, you can view the full news documents associated with the results that interest you most.",
                    "To do this:"
                ]
            },
            "steps": {
                "step": [
                    {
                        "cmd": {
                            "ph": {
                                "@keyref": "taxnamefirst",
                                "#tail": "Home page, click the"
                            },
                            "uicontrol": {
                                "#tail": "tab at the top of the page.",
                                "#text": "News"
                            },
                            "#text": "At the"
                        }
                    },
                    {
                        "cmd": "Review the news stories, performing any of the following optional tasks:",
                        "choices": {
                            "choice": [
                                {
                                    "xref": {
                                        "@href": "taxnarrowresults_hdi.xml",
                                        "#tail": "by choosing an option from the",
                                        "#text": "Filter the list of news stories"
                                    },
                                    "uicontrol": {
                                        "#tail": "pane.",
                                        "#text": "Narrow By"
                                    }
                                },
                                {
                                    "xref": {
                                        "@scope": "peer",
                                        "@href": "savedocumenttofolder_hdi.xml",
                                        "#tail": ".",
                                        "#text": "Add documents in the list to a work folder"
                                    }
                                },
                                {
                                    "xref": {
                                        "@scope": "peer",
                                        "@href": "delivery_cpt.xml",
                                        "#tail": "either the results list or specific articles from the list.",
                                        "#text": "Print, download, email, or send to Dropbox"
                                    }
                                },
                                {
                                    "uicontrol": {
                                        "#tail": "drop-down list.",
                                        "#text": "Sort by"
                                    },
                                    "#text": "Sort the list of news stories by selecting your preference from the"
                                },
                                {
                                    "uicontrol": [
                                        {
                                            "#tail": "drop-down list and choosing",
                                            "#text": "Alerts"
                                        },
                                        {
                                            "#tail": ".",
                                            "#text": "Sign up to get [PublicationName] headlines from Lexis"
                                        }
                                    ],
                                    "#text": "Subscribe to receive headlines from the Tax Analysts headlines service published by LexisNexis by clicking the"
                                },
                                {
                                    "xref": {
                                        "@scope": "peer",
                                        "@href": "alertcreatetaxnewstips.xml",
                                        "#tail": "by clicking the",
                                        "#text": "Create a search alert"
                                    },
                                    "uicontrol": [
                                        {
                                            "#tail": "drop-down list and choosing",
                                            "#text": "Alerts"
                                        },
                                        {
                                            "#tail": ".",
                                            "#text": "Create a search alert"
                                        }
                                    ]
                                }
                            ]
                        }
                    }
                ]
            }
        }
    }
}