{
    "task": {
        "@otherprops": "taxsearch",
        "@audience": "tax",
        "@id": "taxsavefavorites_hdi",
        "title": "How do I save a tax source as a favorite?",
        "prolog": {
            "author": "Christina Stommel",
            "copyright": {
                "copyryear": {
                    "@year": "2014"
                },
                "copyrholder": "Lexisnexis"
            },
            "critdates": {
                "created": {
                    "@date": "2014-12-15"
                }
            },
            "metadata": {
                "prodinfo": {
                    "prodname": "Lexis Advance",
                    "vrmlist": {
                        "vrm": {
                            "@version": "1"
                        }
                    }
                }
            }
        },
        "taskbody": {
            "context": {
                "p": [
                    {
                        "ph": {
                            "@keyref": "taxnamefirst",
                            "#tail": ", you can select any number of sources to limit your search to. This can make it easier to review your results and make the best decision for continuing your research. Sometimes you may find you want to reuse sources you've already applied to a search. You can do this using either of the following methods:"
                        },
                        "#text": "When performing a search using"
                    },
                    "Then, when performing new searches, you can review and use either a favorite source or a recently used source.",
                    {
                        "uicontrol": {
                            "#tail": "pod of the",
                            "#text": "Recent & Favorite Sources"
                        },
                        "ph": {
                            "@keyref": "taxname",
                            "#tail": "Home page. While viewing this pod, you can remove sources you no longer want to view or use. Additionally, if you are viewing a recently used source and you want to save it as a favorite, you can select the Favorites icon ("
                        },
                        "image": {
                            "@alt": "Favorite",
                            "@href": "FavoriteEmpty.png",
                            "#tail": ") next to it."
                        },
                        "#text": "You access both your favorite sources and recently used sources from the"
                    },
                    "To save a source as a favorite:"
                ],
                "ul": {
                    "li": [
                        "You can explicitly save these filters as favorites.",
                        {
                            "ph": {
                                "@keyref": "taxname",
                                "#tail": "automatically keep a short history of sources you've used in searches you've performed."
                            },
                            "#text": "You can have"
                        }
                    ]
                }
            },
            "steps": {
                "step": [
                    {
                        "cmd": {
                            "ph": {
                                "@keyref": "taxnamefirst",
                                "#tail": "Home page, select the source you want to save from any of the pods located on the page."
                            },
                            "#text": "On the"
                        }
                    },
                    {
                        "cmd": {
                            "image": [
                                {
                                    "@alt": "Favorite",
                                    "@href": "FavoriteEmpty.png",
                                    "#tail": ") next to the source you want to save as a favorite. The star turns yellow ("
                                },
                                {
                                    "@alt": "Favorite",
                                    "@href": "FavoriteFull.png",
                                    "#tail": ") to indicate that the filter has been saved as a favorite. It is also added to the"
                                }
                            ],
                            "uicontrol": {
                                "#tail": "pod.",
                                "#text": "Recent & Favorite Sources"
                            },
                            "#text": "Click the star ("
                        }
                    },
                    {
                        "cmd": {
                            "image": {
                                "@alt": "Remove Favorite",
                                "@href": "RemoveFavorite.png",
                                "#tail": "next to it."
                            },
                            "#text": "To remove the filter from your favorites, select the"
                        }
                    }
                ]
            },
            "result": {
                "p": "Favorite filters are saved in the list until you remove them."
            }
        }
    }
}