{
    "task": {
        "@otherprops": "taxresults;alertcreatetaxnewstips",
        "@audience": "tax",
        "@id": "taxviewresults_hdi",
        "title": "How do I work with my Lexis Advance\u00ae Tax search results?",
        "prolog": {
            "author": "Christina Stommel",
            "copyright": {
                "copyryear": {
                    "@year": "2014"
                },
                "copyrholder": "Lexisnexis"
            },
            "critdates": {
                "created": {
                    "@date": "2014-12-15"
                }
            },
            "metadata": {
                "prodinfo": {
                    "prodname": "Lexis Advance",
                    "vrmlist": {
                        "vrm": {
                            "@version": "1"
                        }
                    }
                }
            }
        },
        "taskbody": {
            "context": {
                "p": [
                    "Once you complete your tax-related search, you can review your results and choose which documents provide the information you are looking for. Several tools can help you locate that document, including post-search filters.",
                    "To do this:"
                ]
            },
            "steps": {
                "step": [
                    {
                        "cmd": {
                            "xref": {
                                "@scope": "peer",
                                "@href": "taxperformsearch_hdi.xml",
                                "#tail": ".",
                                "#text": "Complete your tax-related search"
                            }
                        }
                    },
                    {
                        "cmd": "While viewing your results, complete any of the following tasks:",
                        "choicetable": {
                            "chhead": {
                                "choptionhd": "To...",
                                "chdeschd": "Do This"
                            },
                            "chrow": [
                                {
                                    "choption": "Filter your search results by category",
                                    "chdesc": {
                                        "xref": {
                                            "@scope": "peer",
                                            "@href": "taxnarrowresults_hdi.xml",
                                            "#tail": "for details."
                                        },
                                        "#text": "Click the link for the category in the list on the left side of the page. See"
                                    }
                                },
                                {
                                    "choption": "Further refine your results once you have selected a specific category to view (see the previous option)",
                                    "chdesc": {
                                        "uicontrol": [
                                            {
                                                "#tail": "on the left side of the page. For example, enter a keyword or phrase in the",
                                                "#text": "Narrow By"
                                            },
                                            {
                                                "#tail": "box, or use the",
                                                "#text": "Search Within Results"
                                            },
                                            {
                                                "#tail": "option to locate a document from a certain time period.",
                                                "#text": "Timeline"
                                            }
                                        ],
                                        "#text": "Select from the options under"
                                    }
                                },
                                {
                                    "choption": "Save either the results list or the selected documents from the results list to a work folder",
                                    "chdesc": {
                                        "uicontrol": {
                                            "#tail": "icon. See",
                                            "#text": "Add to Folder"
                                        },
                                        "xref": {
                                            "@scope": "peer",
                                            "@href": "savedocumenttofolder_hdi.xml",
                                            "#tail": "for details."
                                        },
                                        "#text": "Make your selections (or select nothing if you want the full results list) and click the"
                                    }
                                },
                                {
                                    "choption": "Print, download, email, or send to Dropbox either the results list or the selected documents from a results list",
                                    "chdesc": {
                                        "image": {
                                            "@alt": "Delivery Settings",
                                            "@href": "deliverysettings.png",
                                            "#tail": "icon.) See"
                                        },
                                        "xref": {
                                            "@scope": "peer",
                                            "@href": "gh_delivery.xml",
                                            "#tail": "for details."
                                        },
                                        "#text": "Make your selections (or select nothing if you want the full results list) and select the appropriate print, download, or email icon. (To specify your delivery settings before completing the delivery, click the"
                                    }
                                },
                                {
                                    "choption": "Limit your results by excluding legal phrase equivalents",
                                    "chdesc": {
                                        "uicontrol": [
                                            {
                                                "#tail": "drop-down list and choose",
                                                "#text": "Actions"
                                            },
                                            {
                                                "#tail": ".",
                                                "#text": "Exclude legal phrase equivalents"
                                            }
                                        ],
                                        "#text": "Click the"
                                    }
                                },
                                {
                                    "choption": "Limit your results to include only the documents containing all of your search terms",
                                    "chdesc": {
                                        "uicontrol": [
                                            {
                                                "#tail": "drop-down list and choose",
                                                "#text": "Actions"
                                            },
                                            {
                                                "#tail": ". (This option is available only if you ran a Natural Language search. To broaden your results again, choose",
                                                "#text": "Fewer results"
                                            },
                                            {
                                                "#tail": "from the",
                                                "#text": "Expanded results"
                                            },
                                            {
                                                "#tail": "drop-down list.)",
                                                "#text": "Actions"
                                            }
                                        ],
                                        "#text": "Click the"
                                    }
                                },
                                {
                                    "choption": "Sort your results in a different way",
                                    "chdesc": {
                                        "uicontrol": {
                                            "#tail": "drop-down list and choose the option that best meets your needs.",
                                            "#text": "Sort by"
                                        },
                                        "#text": "Click the"
                                    }
                                },
                                {
                                    "choption": "Create an alert for your search",
                                    "chdesc": {
                                        "uicontrol": {
                                            "#tail": "icon and define the alert properties. See",
                                            "#text": "Create an alert"
                                        },
                                        "xref": {
                                            "@scope": "peer",
                                            "@href": "alertcreate_hdi.xml",
                                            "#tail": "for details."
                                        },
                                        "#text": "Click the"
                                    }
                                },
                                {
                                    "choption": "To view the full document for a specific result",
                                    "chdesc": "Click the link associated with the document title."
                                }
                            ]
                        }
                    }
                ]
            }
        }
    }
}