{
    "reference": {
        "@otherprops": "cib",
        "@audience": "res",
        "@id": "cibmatthewbtips",
        "title": "Matthew Bender Sources",
        "prolog": {
            "author": "Barb Bruns",
            "copyright": {
                "copyryear": {
                    "@year": "2007"
                },
                "copyrholder": "LexisNexis"
            },
            "critdates": {
                "created": {
                    "@date": "2009-12-29"
                }
            },
            "metadata": {
                "prodinfo": {
                    "prodname": "Lexis Advance",
                    "vrmlist": {
                        "vrm": {
                            "@version": "1"
                        }
                    }
                }
            }
        },
        "refbody": {
            "section": {
                "p": [
                    "Use the Matthew Bender\u00ae Sources page to select the Matthew Bender sources you want to search. You can search for a source or just browse through the list to find the one you want to use.",
                    {
                        "uicontrol": {
                            "#tail": "to select it. A search box appears, showing the source you selected. When you have finished selecting sources, select a date restriction if available, enter your search terms and select the search icon (",
                            "#text": "Add source as a search filter"
                        },
                        "image": {
                            "@alt": "Search all",
                            "@href": "search.png",
                            "@placement": "inline",
                            "#tail": ")."
                        },
                        "#text": "Select a source name, then select"
                    },
                    "The Matthew Bender Sources page your firm is using may or may not have all of the features described below."
                ],
                "note": "Source names displayed in orange are not within your subscription.  There is no charge to search in these sources, but there may be a charge for transactional documents you choose to view."
            },
            "properties": {
                "property": [
                    {
                        "propvalue": "Find a Source",
                        "propdesc": {
                            "uicontrol": {
                                "#tail": "to locate the source.",
                                "#text": "Find Source"
                            },
                            "#text": "Enter the name or partial name of a source you want to use, and select"
                        }
                    },
                    {
                        "propvalue": "Select a letter of the alphabet to view sources.",
                        "propdesc": {
                            "p": "Select a letter to display all the sources that begin with a specific letter.",
                            "note": "On the Jurisdiction tool, the sources are listed by jurisdiction.  On the Practice Area tool, the sources are listed by practice area."
                        }
                    },
                    {
                        "propvalue": "Add source as a search filter",
                        "propdesc": "Click this link under a source name to add it to your search."
                    },
                    {
                        "propvalue": {
                            "image": {
                                "@alt": "Source Information",
                                "@href": "info.png",
                                "@placement": "inline"
                            }
                        },
                        "propdesc": "Click this icon next to a source name to view information about the source."
                    },
                    {
                        "propvalue": "Table of Contents",
                        "propdesc": "Click this link under a source name to view the table of contents for the source."
                    },
                    {
                        "propvalue": "Date Restriction",
                        "propdesc": "Select a date restriction (if available on the search box) if desired."
                    },
                    {
                        "propvalue": {
                            "image": {
                                "@alt": "Source Information",
                                "@href": "search.png",
                                "@placement": "inline"
                            }
                        },
                        "propdesc": "Click this on the search box to start your search."
                    },
                    {
                        "propvalue": "Clear all",
                        "propdesc": "Click this to clear all your selections."
                    }
                ]
            }
        }
    }
}