{
    "reference": {
        "@otherprops": "urlapi",
        "@audience": "exclude",
        "@id": "displayalertprofiletips",
        "title": "Display Your List of Alerts",
        "prolog": {
            "author": "Barb Bruns",
            "copyright": {
                "copyryear": {
                    "@year": "2009"
                },
                "copyrholder": "LexisNexis"
            },
            "critdates": {
                "created": {
                    "@date": "2012-10-18"
                }
            },
            "metadata": {
                "prodinfo": {
                    "prodname": "Lexis Advance\u2122 URL API",
                    "vrmlist": {
                        "vrm": {
                            "@version": "1"
                        }
                    }
                }
            }
        },
        "refbody": {
            "section": {
                "note": {
                    "@conref": "urlapi_group_ref.xml#urlapi_group_ref/urlapinote"
                },
                "p": [
                    "Use this URL to display your list of alerts. The list only displays the alerts you have permission to see.",
                    {
                        "b": "URL Template"
                    },
                    {
                        "b": "alert/myprofiles",
                        "#text": "http://advance.lexis.com/api/"
                    }
                ],
                "example": {
                    "b": "alert/myprofiles",
                    "#text": "http://advance.lexis.com/api/"
                }
            },
            "properties": {
                "prophead": {
                    "propvaluehd": "Value",
                    "propdeschd": "Description"
                },
                "property": [
                    {
                        "propvalue": "alert",
                        "propdesc": "Directs to the alert feature."
                    },
                    {
                        "propvalue": "myprofiles",
                        "propdesc": "Directs to the list of all of your alerts."
                    }
                ]
            }
        }
    }
}