{
    "reference": {
        "@otherprops": "docoutofplantips",
        "@audience": "exclude",
        "@id": "docoutofplantips",
        "title": "Out of Plan Page",
        "prolog": {
            "author": "Robin Stubbart",
            "copyright": {
                "copyryear": {
                    "@year": "2011"
                },
                "copyrholder": "Lexisnexis"
            },
            "critdates": {
                "created": {
                    "@date": "2011-07-06"
                }
            },
            "metadata": {
                "prodinfo": {
                    "prodname": "Lexis Advance",
                    "vrmlist": {
                        "vrm": {
                            "@version": "1"
                        }
                    }
                }
            }
        },
        "refbody": {
            "section": {
                "p": "Use this page to see a preview of a document before you pay to get it."
            },
            "properties": {
                "property": [
                    {
                        "propvalue": "Heading information",
                        "propdesc": "The document title, citation, Client ID, and associated fee are displayed."
                    },
                    {
                        "propvalue": "Preview paragraph",
                        "propdesc": {
                            "uicontrol": {
                                "#tail": "link.) A relevant paragraph is displayed.",
                                "#text": "Show free preview"
                            },
                            "#text": "(To see this paragraph if multiple documents were selected, select the"
                        }
                    },
                    {
                        "propvalue": "Get It Now!",
                        "propdesc": "Click this button if you want to pay to retrieve the selected documents."
                    },
                    {
                        "propvalue": "Cancel",
                        "propdesc": "Click this button to return to the previous page."
                    }
                ]
            }
        }
    }
}