{
    "reference": {
        "@otherprops": "edithighlightrangetips",
        "@id": "edithighlightrangetips",
        "title": "Edit Highlight Range Page",
        "prolog": {
            "author": "Christina Stommel (GDSI Release)",
            "copyright": {
                "copyryear": {
                    "@year": "2014"
                },
                "copyrholder": "Lexisnexis"
            },
            "critdates": {
                "created": {
                    "@date": "2014-09-29"
                }
            },
            "metadata": {
                "prodinfo": {
                    "prodname": "Lexis Advance",
                    "vrmlist": {
                        "vrm": {
                            "@version": "1"
                        }
                    }
                }
            }
        },
        "refbody": {
            "section": {
                "p": {
                    "uicontrol": {
                        "#tail": "button, and then reapply the highlighting to the text in the document.",
                        "#text": "Edit Highlight Range"
                    },
                    "#text": "Once you have applied highlighting to text in your document, you can change the boundaries (or range) of the highlight itself. To do this, select the"
                }
            }
        }
    }
}