{
    "reference": {
        "@otherprops": "folderecyclerestoretips",
        "@id": "folderecyclerestoretips",
        "title": "Restore Deleted Items Dialog Box",
        "prolog": {
            "author": "Christina Stommel",
            "copyright": {
                "copyryear": {
                    "@year": "2015"
                },
                "copyrholder": "Lexisnexis"
            },
            "critdates": {
                "created": {
                    "@date": "2015-08-15"
                }
            },
            "metadata": {
                "prodinfo": {
                    "prodname": "Lexis Advance",
                    "vrmlist": {
                        "vrm": {
                            "@version": "1"
                        }
                    }
                }
            }
        },
        "refbody": {
            "section": {
                "p": "You can restore items you've sent to the work folders Recycle Bin. The following options are available on the Restore Deleted Items dialog box."
            },
            "properties": {
                "prophead": {
                    "propvaluehd": "Option",
                    "propdeschd": "Description"
                },
                "property": [
                    {
                        "propvalue": "Select destination folder",
                        "propdesc": {
                            "p": "Select the folder to which you want to restore the items you've selected. Your options may include:",
                            "dl": {
                                "dlentry": [
                                    {
                                        "dt": "Restore to original folder",
                                        "dd": "Select this option to restore the items to the folder listed to the right of the option."
                                    },
                                    {
                                        "dt": "Restore to a different folder",
                                        "dd": {
                                            "uicontrol": {
                                                "#tail": "and enter a name for the new folder.",
                                                "#text": "Create New Folder"
                                            },
                                            "#text": "Select this option and then select the folder from the list of options, below. If you want to restore to a new folder, click"
                                        }
                                    }
                                ]
                            }
                        }
                    },
                    {
                        "propvalue": "When restoring, reapply the sharing permissions I had previously assigned",
                        "propdesc": "Select this option to reassign sharing permissions you had previously associated with the items you are restoring."
                    }
                ]
            }
        }
    }
}