{
    "reference": {
        "@otherprops": "forgotyourpwtips",
        "@id": "forgotyourpwtips",
        "title": "Forgot Your Password? Form",
        "prolog": {
            "author": "Barb Bruns",
            "copyright": {
                "copyryear": {
                    "@year": "2008"
                },
                "copyrholder": "Lexisnexis"
            },
            "critdates": {
                "created": {
                    "@date": "2008-03-29"
                }
            },
            "metadata": {
                "prodinfo": {
                    "prodname": "Lexis Advance",
                    "vrmlist": {
                        "vrm": {
                            "@version": "1"
                        }
                    }
                }
            }
        },
        "refbody": {
            "section": {
                "p": [
                    {
                        "uicontrol": {
                            "#tail": ".  We'll help you create a new password so you can get signed in.",
                            "#text": "Submit"
                        },
                        "#text": "If you have forgotten your password, enter your ID and select"
                    },
                    "If you have forgotten your ID, or for any other questions, please contact Customer Support at 1-800-543-6862."
                ]
            }
        },
        "related-links": {
            "linklist": {
                "link": [
                    {
                        "@href": "signintips.xml"
                    },
                    {
                        "@href": "bypasssignin_hdi.xml"
                    }
                ]
            }
        }
    }
}