{
    "reference": {
        "@otherprops": "urlapi",
        "@audience": "res;urlapi",
        "@id": "getdocbyidtips",
        "title": "Retrieve a Document by Its ID",
        "prolog": {
            "author": "Barb Bruns",
            "copyright": {
                "copyryear": {
                    "@year": "2009"
                },
                "copyrholder": "LexisNexis"
            },
            "critdates": {
                "created": {
                    "@date": "2012-10-18"
                }
            },
            "metadata": {
                "prodinfo": {
                    "prodname": "Lexis Advance\u2122 URL API",
                    "vrmlist": {
                        "vrm": {
                            "@version": "1"
                        }
                    }
                }
            }
        },
        "refbody": {
            "section": {
                "note": {
                    "@conref": "urlapi_group_ref.xml#urlapi_group_ref/urlapinote"
                },
                "p": [
                    "Use this URL to retrieve and display a document using its ID, and scroll to a specific page.  The page and reporter parameters are used to scroll to a specific page in the document.",
                    {
                        "b": "URL Template"
                    },
                    {
                        "b": "id/{doc-id}?{page}&{reporter}&{context}",
                        "#text": "http://advance.lexis.com/api/document/collection/{collection-id}/"
                    }
                ],
                "example": {
                    "b": "id/3S54-5FP0-003B-R3SM-00000-00?page=167&reporter=1100&context=1000516",
                    "#text": "https://advance.lexis.com/api/document/collection/cases/"
                }
            },
            "properties": {
                "prophead": {
                    "propvaluehd": "Value",
                    "propdeschd": "Description"
                },
                "property": [
                    {
                        "propvalue": "document",
                        "propdesc": "Indicates the user wants to view a document."
                    },
                    {
                        "propvalue": "{collection}",
                        "propdesc": {
                            "p": [
                                "Parameter that specifies the content type (Optional).",
                                {
                                    "xref": {
                                        "@scope": "peer",
                                        "@href": "collectiontips.xml",
                                        "#tail": "."
                                    },
                                    "#text": "For a list of values that can be used with the collection parameter, see"
                                }
                            ],
                            "example": {
                                "b": {
                                    "#tail": "=cases",
                                    "#text": "collection"
                                }
                            }
                        }
                    },
                    {
                        "propvalue": "id",
                        "propdesc": {
                            "p": [
                                "Parameter that contains the document ID.",
                                "To find a document ID, follow these steps:",
                                {
                                    "uicontrol": {
                                        "#tail": "is the document ID.",
                                        "#text": "3RJN-3D30-0039-446P-00000-00"
                                    },
                                    "#text": "In the example below,"
                                }
                            ],
                            "example": [
                                {
                                    "b": {
                                        "#tail": "=3S54-5FP0-003B-R3SM-00000-00",
                                        "#text": "id"
                                    }
                                },
                                {
                                    "b": "3RJN-3D30-0039-446P-00000-00",
                                    "#text": "https://advance.lexis.com/api/document/collection/cases/id/"
                                }
                            ],
                            "ol": {
                                "li": [
                                    "Sign in to Lexis Advance\u2122.",
                                    "Run a search for the document for which you want the ID.",
                                    "Open the document in the full view.",
                                    "Using your mouse, select any text in the document.",
                                    {
                                        "uicontrol": [
                                            {
                                                "#tail": "from the",
                                                "#text": "Copy text to clipboard"
                                            },
                                            {
                                                "#tail": "menu that displays.",
                                                "#text": "Options for Selected Text"
                                            }
                                        ],
                                        "#text": "Select"
                                    },
                                    "Paste the copied text and the accompanying document citation into a blank document.",
                                    "Use your mouse to hover over the document citation.",
                                    {
                                        "uicontrol": {
                                            "#tail": "from the right-click menu.",
                                            "#text": "Edit hyperlink"
                                        },
                                        "#text": "Right-click, then select"
                                    },
                                    {
                                        "uicontrol": {
                                            "#tail": "parameter in the URL.  This is the document ID to use when constructing a URL to retrieve a document by ID.",
                                            "#text": "id/"
                                        },
                                        "#text": "Use your browser tools to copy the identifier that follows the"
                                    }
                                ]
                            }
                        }
                    },
                    {
                        "propvalue": "{page}",
                        "propdesc": {
                            "p": "Query parameter that contains the document page number.",
                            "example": {
                                "b": {
                                    "#tail": "=167",
                                    "#text": "page"
                                }
                            }
                        }
                    },
                    {
                        "propvalue": "{reporter}",
                        "propdesc": {
                            "p": "Query parameter that contains the identifier for the reporter.",
                            "example": {
                                "b": {
                                    "#tail": "=1100",
                                    "#text": "reporter"
                                }
                            }
                        }
                    },
                    {
                        "propvalue": "{context}",
                        "propdesc": {
                            "p": [
                                "Query parameter that indicates that the user wants to view results for a specific context (Optional).",
                                {
                                    "xref": {
                                        "@scope": "peer",
                                        "@href": "contextips.xml"
                                    },
                                    "#text": "For a list of values that can be used with the context parameter, see"
                                }
                            ],
                            "example": {
                                "b": {
                                    "#tail": "=1000516",
                                    "#text": "context"
                                }
                            }
                        }
                    }
                ]
            }
        }
    }
}