{
    "reference": {
        "@otherprops": "urlapi",
        "@audience": "res;urlapi",
        "@id": "getdocbyURNtips",
        "title": "Retrieve a Document by Its URN (Uniform Resource Name)",
        "prolog": {
            "author": "Barb Bruns",
            "copyright": {
                "copyryear": {
                    "@year": "2009"
                },
                "copyrholder": "LexisNexis"
            },
            "critdates": {
                "created": {
                    "@date": "2012-10-18"
                }
            },
            "metadata": {
                "prodinfo": {
                    "prodname": "Lexis Advance\u2122 URL API",
                    "vrmlist": {
                        "vrm": {
                            "@version": "1"
                        }
                    }
                }
            }
        },
        "refbody": {
            "section": {
                "note": {
                    "@conref": "urlapi_group_ref.xml#urlapi_group_ref/urlapinote"
                },
                "p": [
                    "Use this URL to retrieve and display a document using its uniform resource name (URN).",
                    {
                        "b": "URL Template"
                    },
                    {
                        "b": "id={urn:contentItem:}",
                        "#text": "http://advance.lexis.com/api/document?collection={collection-id}&"
                    }
                ],
                "example": {
                    "b": "id=urn:contentItem:4TGW-RB50-TX4N-G1J4-00000-00",
                    "#text": "https://advance.lexis.com/api/document?collection=cases&"
                }
            },
            "properties": {
                "prophead": {
                    "propvaluehd": "Value",
                    "propdeschd": "Description"
                },
                "property": [
                    {
                        "propvalue": "document",
                        "propdesc": "Indicates the user wants to view a document."
                    },
                    {
                        "propvalue": "{collection}",
                        "propdesc": {
                            "p": [
                                "Parameter that specifies the content type (Optional).",
                                {
                                    "xref": {
                                        "@scope": "peer",
                                        "@href": "collectiontips.xml",
                                        "#tail": "."
                                    },
                                    "#text": "For a list of values that can be used with the collection parameter, see"
                                }
                            ],
                            "example": {
                                "b": {
                                    "#tail": "=cases",
                                    "#text": "collection"
                                }
                            }
                        }
                    },
                    {
                        "propvalue": "id",
                        "propdesc": {
                            "p": [
                                "Parameter that contains the document URN.",
                                "To find a document URN, follow these steps:",
                                {
                                    "uicontrol": {
                                        "#tail": "is the document ID.",
                                        "#text": "4TGW-RB50-TX4N-G1J4-00000-00"
                                    },
                                    "#text": "In the example below,"
                                }
                            ],
                            "example": [
                                {
                                    "b": {
                                        "#tail": "=4TGW-RB50-TX4N-G1J4-00000-00",
                                        "#text": "id"
                                    }
                                },
                                {
                                    "b": "id=urn:contentItem:4TGW-RB50-TX4N-G1J4-00000-00",
                                    "#text": "https://advance.lexis.com/api/document?collection=cases&"
                                }
                            ],
                            "ol": {
                                "li": [
                                    {
                                        "ph": {
                                            "@keyref": "prodnamefirst",
                                            "#tail": "."
                                        },
                                        "#text": "Sign in to"
                                    },
                                    "Run a search for the document for which you want the ID.",
                                    "Open the document in the full view.",
                                    {
                                        "uicontrol": {
                                            "#tail": ".",
                                            "#text": "Copy Citation"
                                        },
                                        "#text": "Select"
                                    },
                                    "Using your browser tools, copy the highlighted text displayed at the bottom of the pop-up.",
                                    "Paste the copied text and the accompanying document citation into a blank document.",
                                    "Use your mouse to hover over the document citation.",
                                    {
                                        "uicontrol": {
                                            "#tail": "from the right-click menu.",
                                            "#text": "Edit hyperlink"
                                        },
                                        "#text": "Right-click, then select"
                                    },
                                    {
                                        "uicontrol": {
                                            "#tail": "parameter in the URL.  This is the document ID to use when constructing a URL to retrieve a document by ID.",
                                            "#text": "id/"
                                        },
                                        "#text": "Use your browser tools to copy the identifier that follows the"
                                    }
                                ]
                            }
                        }
                    }
                ]
            }
        }
    }
}