{
    "reference": {
        "@otherprops": "hometips",
        "@id": "hometips",
        "title": "Home Page",
        "prolog": {
            "author": "Barb Bruns",
            "copyright": {
                "copyryear": {
                    "@year": "2009"
                },
                "copyrholder": "Lexisnexis"
            },
            "critdates": {
                "created": {
                    "@date": "2007-07-05"
                }
            },
            "metadata": {
                "prodinfo": {
                    "prodname": "Lexis Advance",
                    "vrmlist": {
                        "vrm": {
                            "@version": "1"
                        }
                    }
                }
            }
        },
        "refbody": {
            "section": {
                "p": [
                    {
                        "ph": {
                            "@keyref": "prodnamefirst",
                            "#tail": "home page, you can begin or resume all of your research tasks, such as:"
                        },
                        "#text": "From the"
                    },
                    "The pods in the lower section of the home page (History, Favorites, Folders, Support, etc.) provide quick access to many frequently used features.  You can customize this area of the home page by dragging and dropping the pods to arrange them in the order you wish.",
                    "All the features of the home page are described below."
                ],
                "ul": {
                    "li": [
                        "Entering search terms to start a new search",
                        "Finding sources in specific content areas with Explore Content",
                        "Using Browse to find topics or sources, or to navigate to a Practice Center",
                        "Selecting a search from history to run again",
                        "Selecting favorite sources, topics, and filters to use for a search"
                    ]
                },
                "note": "To drag and drop a pod, use your mouse to click inside the title area of the pod (just under the color line), then drag the pod in the direction you want it. A target will appear where you can drop the pod."
            },
            "properties": {
                "prophead": {
                    "propvaluehd": "Item",
                    "propdeschd": "Description"
                },
                "property": [
                    {
                        "propvalue": {
                            "ph": {
                                "@keyref": "prodnamefirst",
                                "#tail": "Research"
                            }
                        },
                        "propdesc": {
                            "ph": [
                                {
                                    "@keyref": "companyfirst",
                                    "#tail": "feature, such as"
                                },
                                {
                                    "@keyref": "cbnamefirst",
                                    "#tail": ","
                                },
                                {
                                    "@keyref": "lpsnamefirst",
                                    "#tail": ","
                                },
                                {
                                    "@keyref": "mednamefirst",
                                    "#tail": ", etc."
                                }
                            ],
                            "#text": "Select from this drop-down list to use a different"
                        }
                    },
                    {
                        "propvalue": "Browse",
                        "propdesc": "Use this drop-down list to browse or look for a specific topic or source, or to navigate to a Practice Center page."
                    },
                    {
                        "propvalue": "Client",
                        "propdesc": "Select a Client or Matter name to assign your research to, or enter a new one."
                    },
                    {
                        "propvalue": "History",
                        "propdesc": {
                            "uicontrol": [
                                {
                                    "#tail": "to view your search history as a list, or select",
                                    "#text": "View all history"
                                },
                                {
                                    "#tail": "to view it in graphic form.",
                                    "#text": "Research Map"
                                }
                            ],
                            "#text": "Select a search you have run recently to see the results, select"
                        }
                    },
                    {
                        "propvalue": "More",
                        "propdesc": {
                            "ph": {
                                "@keyref": "prodname",
                                "#tail": "online help, sign out, etc."
                            },
                            "#text": "Use this drop-down list to open your folders, view your alerts, open the"
                        }
                    },
                    {
                        "propvalue": "Advanced Search",
                        "propdesc": "Displays a form you can use to construct a search with terms and connectors, search in specific segments, and/or a specific content type (such as Cases, Statutes and Legislation, etc.)."
                    },
                    {
                        "propvalue": "Tips",
                        "propdesc": "This page provides a quick reference for using several key Lexis Advance\u00ae features, plus a list of frequently asked questions about using them."
                    },
                    {
                        "propvalue": "Get a Doc Assistance",
                        "propdesc": "Displays a form you can use to retrieve a document by citation, party name, or by docket number, and provides help with citation formatting."
                    },
                    {
                        "propvalue": "Search:Everything",
                        "propdesc": {
                            "image": {
                                "@alt": "Search",
                                "@href": "redmagnifyglass.png",
                                "@placement": "inline",
                                "#tail": ") to run your search."
                            },
                            "#text": "Enter terms and connectors or a natural language search, select this to display the filters you can use to restrict your search, and then select the search button ("
                        }
                    },
                    {
                        "propvalue": "Explore Content",
                        "propdesc": {
                            "p": {
                                "uicontrol": [
                                    {
                                        "#tail": ",",
                                        "#text": "Content Type"
                                    },
                                    {
                                        "#tail": ",",
                                        "#text": "Federal"
                                    },
                                    {
                                        "#tail": ", or",
                                        "#text": "State"
                                    },
                                    {
                                        "#tail": ", tabs to browse through or search the sources.",
                                        "#text": "Practice Area"
                                    }
                                ],
                                "#text": "Use this to select a specific source (or group of sources) by content area, jurisdiction, or practice area, or use the"
                            }
                        }
                    },
                    {
                        "propvalue": "History",
                        "propdesc": {
                            "ph": {
                                "@keyref": "shepardsfirst",
                                "#tail": "searches you have performed."
                            },
                            "#text": "Open this pod to see recent searches, documents you have retrieved, and"
                        }
                    },
                    {
                        "propvalue": "Folders",
                        "propdesc": "Displays a list of your folders."
                    },
                    {
                        "propvalue": "News",
                        "propdesc": "Displays current news items."
                    },
                    {
                        "propvalue": "Latest Updates",
                        "propdesc": {
                            "ph": {
                                "@keyref": "prodname",
                                "#tail": "."
                            },
                            "#text": "Provides a link to a description of the newest changes to"
                        }
                    },
                    {
                        "propvalue": "Favorites",
                        "propdesc": "The Favorites pod displays the sources, topics, and filters you have recently used in your searches."
                    },
                    {
                        "propvalue": "Notifications",
                        "propdesc": "Displays a list of the notifications you have recently sent or received (notifications are sent when you share an item, such as a document, a folder, or an alert)."
                    },
                    {
                        "propvalue": "Alerts",
                        "propdesc": "Displays a list of your saved alerts and results."
                    },
                    {
                        "propvalue": "Archives",
                        "propdesc": "Use this pod to access a collection of archived codes."
                    },
                    {
                        "propvalue": "Support",
                        "propdesc": {
                            "ph": {
                                "@keyref": "company",
                                "#tail": "Customer Support phone number."
                            },
                            "#text": "This pod provides access to help pages, tutorials, and the"
                        }
                    }
                ]
            }
        }
    }
}