{
    "reference": {
        "@otherprops": "lpadraftingnotetips",
        "@audience": "lpa",
        "@id": "lpadraftingnotetips",
        "title": "LexisNexis\u00ae Practice Advisor Drafting Notes",
        "prolog": {
            "author": [
                "Robin Evans",
                "Garth Lewis"
            ],
            "copyright": {
                "copyryear": {
                    "@year": "2012"
                },
                "copyrholder": "Lexisnexis"
            },
            "critdates": {
                "created": {
                    "@date": "2012-05-03"
                },
                "revised": {
                    "@modified": "2014-08-06"
                }
            },
            "metadata": {
                "prodinfo": {
                    "prodname": "Lexis Advance",
                    "vrmlist": {
                        "vrm": {
                            "@version": "1"
                        }
                    }
                }
            }
        },
        "refbody": {
            "p": {
                "ph": {
                    "@keyref": "lpanamefirst",
                    "#tail": ".  This explanatory information can help you understand the purpose and use of particular sections and clauses in the form.  To review drafting notes, simply select the"
                },
                "uicontrol": {
                    "#tail": "icon (",
                    "#text": "Drafting notes"
                },
                "image": {
                    "@href": "IconDraftingNote.png",
                    "@placement": "inline",
                    "#tail": ") when you see it."
                },
                "#text": "Drafting notes are additional information that may be associated with forms in"
            }
        }
    }
}