{
    "reference": {
        "@otherprops": "lparecentlyviewedtips",
        "@audience": "lpa",
        "@id": "lparecentlyviewedtips",
        "title": "Recently Browsed Documents Pane",
        "prolog": {
            "author": [
                "Robin Evans",
                "Garth Lewis"
            ],
            "copyright": {
                "copyryear": {
                    "@year": "2012"
                },
                "copyrholder": "Lexisnexis"
            },
            "critdates": {
                "created": {
                    "@date": "2012-05-03"
                },
                "revised": [
                    {
                        "@modified": "2014-04-03"
                    },
                    {
                        "@modified": "2014-08-05"
                    }
                ]
            },
            "metadata": {
                "prodinfo": {
                    "prodname": "Lexis Advance",
                    "vrmlist": {
                        "vrm": {
                            "@version": "1"
                        }
                    }
                }
            }
        },
        "refbody": {
            "section": {
                "p": {
                    "ph": {
                        "@keyref": "lpanamefirst",
                        "#tail": "automatically saves your activities for up to 90 days. The"
                    },
                    "uicontrol": [
                        {
                            "#tail": "pane displays your most recently visited content.  Activites listed in the",
                            "#text": "Recently Browsed Documents"
                        },
                        {
                            "#tail": "pane may include:",
                            "#text": "Recently Browsed Documents"
                        }
                    ]
                },
                "ul": {
                    "li": [
                        "Searches",
                        "Search terms",
                        "Results",
                        "Filters you applied or removed",
                        "Deliveries"
                    ]
                }
            },
            "properties": {
                "property": [
                    {
                        "propvalue": {
                            "i": "document title"
                        },
                        "propdesc": {
                            "uicontrol": {
                                "#tail": "pane.",
                                "#text": "Recently Browsed Documents"
                            },
                            "#text": "Select the title of any listed item to open the content directly from the"
                        }
                    },
                    {
                        "@conref": "lpawhatsnewtips.xml#lpawhatsnewtips/1001",
                        "propvalue": null,
                        "propdesc": null
                    },
                    {
                        "@conref": "lpawhatsnewtips.xml#lpawhatsnewtips/1002",
                        "propvalue": null,
                        "propdesc": null
                    },
                    {
                        "propvalue": {
                            "ph": {
                                "@audience": "lpa4.2",
                                "#tail": "history",
                                "#text": "document"
                            },
                            "#text": "View all"
                        },
                        "propdesc": "Select this link to open a new tab that shows 90 days of activity history."
                    }
                ]
            }
        }
    }
}