{
    "reference": {
        "@otherprops": "lpatopicpanetips",
        "@audience": "lpa",
        "@id": "lpatopicpanetips",
        "title": "Lexis\u00ae Practice Advisor Topic Pane",
        "prolog": {
            "author": "Robin Evans",
            "copyright": {
                "copyryear": {
                    "@year": "2012"
                },
                "copyrholder": "Lexisnexis"
            },
            "critdates": {
                "created": {
                    "@date": "2012-05-03"
                }
            },
            "metadata": {
                "prodinfo": {
                    "prodname": "Lexis Advance",
                    "vrmlist": {
                        "vrm": {
                            "@version": "1"
                        }
                    }
                }
            }
        },
        "refbody": {
            "section": {
                "p": {
                    "ph": {
                        "@keyref": "lpanamefirst",
                        "#tail": "page gives you a listing of topics associated with the practice area you are currently viewing."
                    },
                    "#text": "The Topic Pane on the left side of the main"
                },
                "note": {
                    "@type": "tip",
                    "uicontrol": [
                        {
                            "#tail": "icon",
                            "#text": "Expand this pane"
                        },
                        {
                            "#tail": "icon",
                            "#text": "Collapse this pane"
                        }
                    ],
                    "image": [
                        {
                            "@alt": "Expand this pane",
                            "@href": "IconArrowsExpand.png",
                            "@placement": "inline",
                            "#tail": ".  Select the"
                        },
                        {
                            "@alt": "Collapse this pane",
                            "@href": "IconArrowsCollapse.png",
                            "@placement": "inline",
                            "#tail": "to return to the original pane size."
                        }
                    ],
                    "#text": "To expand the topic tree, select the"
                }
            }
        }
    }
}