{
    "reference": {
        "@otherprops": "lpawhatsnewtips",
        "@audience": "lpa",
        "@id": "lpawhatsnewtips",
        "title": "Updates in... Pane",
        "prolog": {
            "author": [
                "Robin Evans",
                "Garth Lewis"
            ],
            "copyright": {
                "copyryear": {
                    "@year": "2012"
                },
                "copyrholder": "Lexisnexis"
            },
            "critdates": {
                "created": {
                    "@date": "2012-05-03"
                },
                "revised": {
                    "@modified": "2014-08-06"
                }
            },
            "metadata": {
                "prodinfo": {
                    "prodname": "Lexis Advance",
                    "vrmlist": {
                        "vrm": {
                            "@version": "1"
                        }
                    }
                }
            }
        },
        "refbody": {
            "section": {
                "p": {
                    "ph": {
                        "@keyref": "lpanamefirst",
                        "#tail": "offers an"
                    },
                    "uicontrol": {
                        "#tail": "pane to display the newest documents available through your subscription service.",
                        "#text": "Updates in..."
                    }
                },
                "note": {
                    "@type": "tip",
                    "uicontrol": [
                        {
                            "#tail": "pane, select a new practice area (such as",
                            "#text": "Updates in..."
                        },
                        {
                            "#tail": ",",
                            "#text": "Mergers & Acquisitions"
                        },
                        {
                            "#tail": ", and so forth) at the top of the page.",
                            "#text": "Securities & Capital Markets"
                        }
                    ],
                    "#text": "To change the content in the"
                }
            },
            "properties": {
                "property": [
                    {
                        "propvalue": {
                            "image": {
                                "@alt": "New Content Date",
                                "@href": "lpanewcontentdate.png",
                                "@placement": "inline"
                            }
                        },
                        "propdesc": "The date on which the new content was added to your subscription"
                    },
                    {
                        "propvalue": {
                            "i": "document title"
                        },
                        "propdesc": {
                            "uicontrol": {
                                "#tail": "pane.",
                                "#text": "Updates in..."
                            },
                            "#text": "Select the title of any listed item to open the content directly from the"
                        }
                    },
                    {
                        "@id": "1001",
                        "propvalue": {
                            "image": {
                                "@alt": "Show More Documents",
                                "@href": "lpashowmore.png",
                                "@placement": "inline"
                            }
                        },
                        "propdesc": "Select to display more documents in this pane."
                    },
                    {
                        "@id": "1002",
                        "propvalue": {
                            "image": {
                                "@alt": "Show Fewer Documents",
                                "@href": "lpashowless.png",
                                "@placement": "inline"
                            }
                        },
                        "propdesc": "Select to display fewer documents in this pane."
                    }
                ]
            }
        }
    }
}