{
    "reference": {
        "@otherprops": "medsavedashbdastips",
        "@audience": "obsolete",
        "@id": "medsavedashbdastips",
        "title": "Save to Folder",
        "prolog": {
            "author": "Robin Stubbart",
            "copyright": {
                "copyryear": {
                    "@year": "2012"
                },
                "copyrholder": "Lexisnexis"
            },
            "critdates": {
                "created": {
                    "@date": "2012-10-08"
                }
            },
            "metadata": {
                "prodinfo": {
                    "prodname": "Lexis Advance",
                    "vrmlist": {
                        "vrm": {
                            "@version": "1"
                        }
                    }
                }
            },
            "data": "medmal navigator medical malpractice litigator litigation"
        },
        "refbody": {
            "section": [
                {
                    "title": "Save In"
                },
                {
                    "title": "Notes"
                }
            ],
            "properties": [
                {
                    "property": [
                        {
                            "propvalue": "What do you want to save?",
                            "propdesc": "Lists the topic you selected for your dashboard."
                        },
                        {
                            "propvalue": "Save In",
                            "propdesc": "Allows you to browse to a folder in which to save your dashboard."
                        },
                        {
                            "propvalue": "Create new folder",
                            "propdesc": "If you haven't selected a folder, you can create a new one."
                        },
                        {
                            "propvalue": "OK",
                            "propdesc": "Select to save your dashboard to the selected folder."
                        },
                        {
                            "propvalue": "Cancel",
                            "propdesc": "Select to cancel the save."
                        }
                    ]
                },
                {
                    "property": {
                        "propvalue": "Notes",
                        "propdesc": "Enter up to 4,000 characters of information to be associated with this dashboard."
                    }
                }
            ]
        }
    }
}