{
    "reference": {
        "@otherprops": "urlapi;openpubrectips",
        "@audience": "res;urlapi",
        "@id": "openpubrectips",
        "title": "Open the Public Records Home Page",
        "prolog": {
            "author": "Barb Bruns",
            "copyright": {
                "copyryear": {
                    "@year": "2009"
                },
                "copyrholder": "LexisNexis"
            },
            "critdates": {
                "created": {
                    "@date": "2012-10-18"
                }
            },
            "metadata": {
                "prodinfo": {
                    "prodname": "Lexis Advance\u2122 URL API",
                    "vrmlist": {
                        "vrm": {
                            "@version": "1"
                        }
                    }
                }
            }
        },
        "refbody": {
            "section": {
                "note": [
                    {
                        "@conref": "urlapi_group_ref.xml#urlapi_group_ref/urlapinote"
                    },
                    {
                        "uicontrol": {
                            "#tail": "parameter works only if your",
                            "#text": "publicrecords"
                        },
                        "ph": {
                            "@keyref": "prodnamefirst",
                            "#tail": "ID is authorized for access to Public Records material. Otherwise, you will see an error message when you use this parameter."
                        },
                        "#text": "The"
                    }
                ],
                "p": [
                    "Use this URL to open the Public Records home page.",
                    {
                        "b": "URL Template"
                    },
                    {
                        "b": "publicrecords",
                        "#text": "http://advance.lexis.com/api/"
                    }
                ],
                "example": {
                    "b": "publicrecords",
                    "#text": "http://advance.lexis.com/api/"
                }
            },
            "properties": {
                "prophead": {
                    "propvaluehd": "Value",
                    "propdeschd": "Description"
                },
                "property": {
                    "propvalue": "publicrecords",
                    "propdesc": "Directs to the Public Records home page."
                }
            }
        }
    }
}