{
    "reference": {
        "@otherprops": "urlapi;practiceareatips",
        "@audience": "res;urlapi",
        "@id": "practiceareatips",
        "title": "Search in a Specific Practice Area",
        "prolog": {
            "author": "Barb Bruns",
            "copyright": {
                "copyryear": {
                    "@year": "2009"
                },
                "copyrholder": "LexisNexis"
            },
            "critdates": {
                "created": {
                    "@date": "2012-10-18"
                }
            },
            "metadata": {
                "prodinfo": {
                    "prodname": "Lexis Advance\u00ae URL API",
                    "vrmlist": {
                        "vrm": {
                            "@version": "1"
                        }
                    }
                }
            }
        },
        "refbody": {
            "section": {
                "note": {
                    "@conref": "urlapi_group_ref.xml#urlapi_group_ref/urlapinote"
                },
                "p": [
                    {
                        "uicontrol": {
                            "#tail": "parameter to indicate the practice area to search.  You can use multiple practice areas, separated by a period.  If you don't specify a practice area, all practice areas are searched.",
                            "#text": "practice area"
                        },
                        "#text": "Use the"
                    },
                    "The practice area parameter is optional. It is shown below in a URL using search terms.",
                    {
                        "xref": {
                            "@scope": "peer",
                            "@href": "practicevalues_ref.xml",
                            "#tail": ".",
                            "#text": "Values for the Practice Area Parameter"
                        },
                        "#text": "For a list of practice areas and the values to use for the parameter, see"
                    },
                    {
                        "b": "URL Template"
                    },
                    {
                        "b": "{ssa}",
                        "#text": "http://advance.lexis.com/api/search?{search-terms}&"
                    }
                ],
                "example": {
                    "b": "ssa=Z3VpZD11cm46dG9waWM6NjMxMjc0MUIzQjkzNEM4MEI4NkZGQjVCREJCRDk4OUM7cGFyZW50Z3VpZD0",
                    "#text": "http://advance.lexis.com/api/search?q=burden%20of%20proof&"
                }
            },
            "properties": {
                "prophead": {
                    "propvaluehd": "Value",
                    "propdeschd": "Description"
                },
                "property": [
                    {
                        "propvalue": "search",
                        "propdesc": "Indicates the user wants to run a search and view the results."
                    },
                    {
                        "propvalue": "{search-terms}",
                        "propdesc": {
                            "p": {
                                "userinput": {
                                    "#tail": "in the URL to replace spaces between words in the search string.",
                                    "#text": "%20"
                                },
                                "#text": "Query parameter that contains the search syntax. Use"
                            },
                            "example": {
                                "b": {
                                    "#tail": "=breach%20of%20contract",
                                    "#text": "q"
                                }
                            }
                        }
                    },
                    {
                        "propvalue": "{ssa}",
                        "propdesc": {
                            "p": "Query parameter that specifies the practice area (Optional).",
                            "example": {
                                "b": {
                                    "#tail": "=Z3VpZD11cm46dG9waWM6NjMxMjc0MUIzQjkzNEM4MEI4NkZGQjVCREJCRDk4OUM7cGFyZW50Z3VpZD0",
                                    "#text": "ssa"
                                }
                            }
                        }
                    }
                ]
            }
        }
    }
}