{
    "reference": {
        "@otherprops": "searchselectedtips",
        "@audience": "res",
        "@id": "searchselectedtips",
        "title": "Search Selected Text Page",
        "prolog": {
            "author": "Barb Bruns",
            "copyright": {
                "copyryear": {
                    "@year": "2007"
                },
                "copyrholder": "Lexisnexis"
            },
            "critdates": {
                "created": {
                    "@date": "2009-12-29"
                }
            },
            "metadata": {
                "prodinfo": {
                    "prodname": "Lexis Advance",
                    "vrmlist": {
                        "vrm": {
                            "@version": "1"
                        }
                    }
                }
            }
        },
        "refbody": {
            "section": {
                "p": {
                    "uicontrol": {
                        "#tail": "feature to find all the documents that contain text that is similar to text you have selected in a document from your results.  The search will be based on relevant terms in the passage you select, and can help you find other documents related to a topic you are researching.",
                        "#text": "Search Selected Text"
                    },
                    "#text": "Use the"
                }
            },
            "properties": {
                "property": [
                    {
                        "propvalue": "Filters",
                        "propdesc": "These are the filters you selected when you ran the original search. Click the X on a filter to remove it."
                    },
                    {
                        "propvalue": "Clear",
                        "propdesc": "Select this button to clear all the filter selections you made for the original search."
                    },
                    {
                        "propvalue": "Selected text",
                        "propdesc": "The text you selected for basing the search on is displayed here."
                    },
                    {
                        "propvalue": "Search",
                        "propdesc": {
                            "note": {
                                "@type": "note",
                                "#text": "If you select more than 1,000 characters, you'll see a notice displaying the first 1,000 characters of the text you selected, so you can review the text to ensure that it contains your relevant search terms."
                            },
                            "#text": "Select this button to begin the search."
                        }
                    },
                    {
                        "propvalue": "Cancel",
                        "propdesc": "Select this button to close this box without searching."
                    }
                ]
            }
        }
    }
}