{
    "reference": {
        "@otherprops": "setidcostrectips",
        "@id": "setidcostrectips",
        "title": "Set/Add Client ID Page",
        "prolog": {
            "author": "Robin Stubbart",
            "copyright": {
                "copyryear": {
                    "@year": "2011"
                },
                "copyrholder": "Lexisnexis"
            },
            "critdates": {
                "created": {
                    "@date": "2011-07-06"
                }
            },
            "metadata": {
                "prodinfo": {
                    "prodname": "Lexis Advance",
                    "vrmlist": {
                        "vrm": {
                            "@version": "1"
                        }
                    }
                }
            }
        },
        "refbody": {
            "section": [
                {
                    "@id": "top",
                    "p": [
                        "Use this page to set the Client ID you'd like to assign your current research session to.",
                        "Click these links to jump directly to the information you need:"
                    ],
                    "ul": {
                        "li": [
                            {
                                "xref": {
                                    "@href": "#setclientIDtips/fields",
                                    "#text": "Description of items on this page"
                                }
                            },
                            {
                                "xref": {
                                    "@href": "#setclientIDtips/details",
                                    "#text": "Masking Format Details"
                                }
                            }
                        ]
                    }
                },
                {
                    "@id": "fields",
                    "title": "Client ID"
                },
                {
                    "p": {
                        "xref": {
                            "@href": "#setclientIDtips/top",
                            "#text": "[Top]"
                        }
                    }
                },
                {
                    "@id": "details",
                    "title": "Masking Format Details",
                    "p": [
                        {
                            "uicontrol": {
                                "#tail": "box is displayed, your firm requires that you specify client information that conforms to the format displayed above the box. You must enter client information that conforms to the displayed format where:",
                                "#text": "Client ID"
                            },
                            "#text": "If the"
                        },
                        "The identifier you enter must match the displayed format character for character. For example, if the displayed format were XXXB##-##, you would have to enter a 9-character identifier consisting of 3 alphanumeric characters, followed by a blank, 2 numeric characters, a hyphen, and 2 more numeric characters.",
                        "Key any of the following special characters exactly as displayed:"
                    ],
                    "ul": {
                        "li": [
                            "N\u00a0-\u00a0means 0-9 is required",
                            "X\u00a0-\u00a0means 0-9 and A-Z are acceptable",
                            "A\u00a0-\u00a0means A-Z is required",
                            "B\u00a0-\u00a0means a blank is required"
                        ]
                    },
                    "simpletable": {
                        "strow": [
                            {
                                "stentry": [
                                    "at sign",
                                    "@"
                                ]
                            },
                            {
                                "stentry": [
                                    "ampersand",
                                    "&"
                                ]
                            },
                            {
                                "stentry": [
                                    "semicolon",
                                    ";"
                                ]
                            },
                            {
                                "stentry": [
                                    "colon",
                                    ":"
                                ]
                            },
                            {
                                "stentry": [
                                    "comma",
                                    ","
                                ]
                            },
                            {
                                "stentry": [
                                    "period",
                                    "."
                                ]
                            },
                            {
                                "stentry": [
                                    "hyphen",
                                    "-"
                                ]
                            },
                            {
                                "stentry": [
                                    "single quote",
                                    "'"
                                ]
                            },
                            {
                                "stentry": [
                                    "underscore",
                                    "_"
                                ]
                            },
                            {
                                "stentry": [
                                    "forward slash",
                                    "/"
                                ]
                            },
                            {
                                "stentry": [
                                    "pound sign",
                                    "#"
                                ]
                            }
                        ]
                    }
                },
                {
                    "p": {
                        "xref": {
                            "@href": "#setclientIDtips/top",
                            "#text": "[Top]"
                        }
                    }
                }
            ],
            "properties": {
                "property": [
                    {
                        "propvalue": "Recent Client IDs",
                        "propdesc": "(This drop-down list only appears when setting the Client ID from folders.) Choose a previously used ID from the drop-down list."
                    },
                    {
                        "@id": "clientid",
                        "propvalue": "New Client ID",
                        "propdesc": "Enter the Client ID in the format specified, where A = a letter and # equals a numeral (such as 1, 2, 3, etc.)."
                    },
                    {
                        "@id": "researchdesc",
                        "propvalue": "Research Description",
                        "propdesc": "Enter up to 1,000 characters to describe the research you are doing for this client."
                    },
                    {
                        "@id": "ok",
                        "propvalue": "Set Client ID",
                        "propdesc": "Click this button to use this client ID."
                    },
                    {
                        "@id": "cancel",
                        "propvalue": "Cancel",
                        "propdesc": "Click this button to return to the previous page."
                    },
                    {
                        "propvalue": "View a list of research activities that trigger the Access Charge",
                        "propdesc": {
                            "xref": {
                                "@scope": "peer",
                                "@href": "listofrsrchact_ref.xml",
                                "#tail": "."
                            },
                            "#text": "If available, click the linked text to open"
                        }
                    }
                ]
            }
        }
    }
}