{
    "reference": {
        "@otherprops": "shepardsprintips",
        "@audience": "hidden",
        "@id": "shepardsprintips",
        "title": "Print Page",
        "prolog": {
            "author": "Robin Stubbart",
            "copyright": {
                "copyryear": {
                    "@year": "2007"
                },
                "copyrholder": "Lexisnexis"
            },
            "critdates": {
                "created": {
                    "@date": "2006-10-25"
                }
            },
            "metadata": {
                "prodinfo": {
                    "prodname": "Lexis Advance",
                    "vrmlist": {
                        "vrm": {
                            "@version": "1"
                        }
                    }
                }
            }
        },
        "refbody": {
            "section": {
                "p": {
                    "ph": {
                        "@keyref": "shepardsfirst",
                        "#tail": "reports."
                    },
                    "#text": "You can print your"
                }
            },
            "properties": {
                "property": [
                    {
                        "@id": "title",
                        "propvalue": "Title",
                        "propdesc": "Displays the report title."
                    },
                    {
                        "propvalue": {
                            "ph": {
                                "@keyref": "shepards",
                                "#tail": "report"
                            },
                            "#text": "Select the categories you'd like to include in your"
                        },
                        "propdesc": "Select one or more of the items, as desired."
                    },
                    {
                        "@id": "printer",
                        "propvalue": "Select Printer",
                        "propdesc": {
                            "ph": {
                                "@keyref": "shepards",
                                "#tail": "report to an attached printer."
                            },
                            "#text": "You can print"
                        }
                    },
                    {
                        "propvalue": "Display first and last names",
                        "propdesc": "Select this to include both your first name and last name on the cover page and in the footer of your report."
                    },
                    {
                        "@id": "printoptions",
                        "propvalue": "Open as PDF",
                        "propdesc": "You can download the reports in .pdf format. Files downloaded in .pdf format can be opened and viewed using the Adobe\u00ae Acrobat Reader, an application that may be downloaded free if you do not already have it."
                    }
                ]
            }
        }
    }
}