{
    "reference": {
        "@otherprops": "shepardsheadnotestips",
        "@audience": "res7.6hidden",
        "@id": "shepardsheadnotestips",
        "title": "About Headnotes with Shepard's Signal Indicators",
        "prolog": {
            "author": "Christina Stommel",
            "copyright": {
                "copyryear": {
                    "@year": "2017"
                },
                "copyrholder": "Lexisnexis"
            },
            "critdates": {
                "created": {
                    "@date": "2017-07-1"
                }
            },
            "metadata": {
                "prodinfo": {
                    "prodname": "Lexis Advance",
                    "vrmlist": {
                        "vrm": {
                            "@version": "1"
                        }
                    }
                }
            }
        },
        "refbody": {
            "section": {
                "p": [
                    "You can use the Shepard's Signal indicators located at the top of each headnote to view how a specific headnote has been treated.",
                    {
                        "uicontrol": {
                            "#tail": "to narrow your view to show only those treatments associated with that headnote.",
                            "#text": "Shepardize - Narrow by this Headnote"
                        },
                        "#text": "While viewing a headnote, you can then click the signal to view the Shepard's report. You can also click"
                    },
                    "The following indicators may be used with headnotes:"
                ],
                "simpletable": {
                    "sthead": {
                        "stentry": [
                            "Indicator",
                            "Description"
                        ]
                    },
                    "strow": [
                        {
                            "stentry": [
                                {
                                    "image": {
                                        "@alt": "Red Stop Sign signal",
                                        "@href": "Iconsignalnegative.png",
                                        "@placement": "inline"
                                    }
                                },
                                {
                                    "b": "Warning: Negative treatment is indicated",
                                    "p": {
                                        "ph": [
                                            {
                                                "@keyref": "shepsignalsingular",
                                                "#tail": "indicates that citing references in the"
                                            },
                                            {
                                                "@keyref": "shepardsfirst",
                                                "#tail": "Citations Service contain strong negative history or treatment of your case (for example, overruled by or reversed)."
                                            }
                                        ],
                                        "#text": "The red"
                                    }
                                }
                            ]
                        },
                        {
                            "stentry": [
                                {
                                    "image": {
                                        "@alt": "red exclamation point icon",
                                        "@href": "iconsignalalert.png",
                                        "@placement": "inline"
                                    }
                                },
                                {
                                    "b": "Warning: Negative treatment is indicated for statute",
                                    "p": {
                                        "ph": [
                                            {
                                                "@keyref": "shepsignalsingular",
                                                "#tail": "indicates that citing references in the"
                                            },
                                            {
                                                "@keyref": "shepards",
                                                "#tail": "Citations Service contain"
                                            }
                                        ],
                                        "i": {
                                            "i": {
                                                "#tail": "\u0099 section",
                                                "#text": "Shepardized"
                                            },
                                            "#tail": "(for example, the section may have been found to be unconstitutional or void).",
                                            "#text": "strong negative  treatment of the"
                                        },
                                        "#text": "The red exclamation point"
                                    }
                                }
                            ]
                        },
                        {
                            "stentry": [
                                {
                                    "image": {
                                        "@alt": "Orange Q signal",
                                        "@href": "IconSignalQuestionedAnalysis.png",
                                        "@placement": "inline"
                                    }
                                },
                                {
                                    "b": "Questioned: Validity questioned by citing references",
                                    "p": {
                                        "ph": [
                                            {
                                                "@keyref": "shepsignalsingular",
                                                "#tail": "indicates that the citing references in the"
                                            },
                                            {
                                                "@keyref": "shepards",
                                                "#tail": "Citations Service contain treatment that questions the continuing validity or precedential value of your case because of intervening circumstances, including judicial or legislative overruling."
                                            }
                                        ],
                                        "#text": "The orange"
                                    }
                                }
                            ]
                        },
                        {
                            "stentry": [
                                {
                                    "image": {
                                        "@alt": "Yellow Triangle signal",
                                        "@href": "IconSignalPossibleNegative.png",
                                        "@placement": "inline"
                                    }
                                },
                                {
                                    "b": "Caution: Possible negative treatment indicated",
                                    "p": {
                                        "ph": [
                                            {
                                                "@keyref": "shepsignalsingular",
                                                "#tail": "indicates that citing references in the"
                                            },
                                            {
                                                "@keyref": "shepards",
                                                "#tail": "Citations Service contain history or treatment that may have a significant negative impact on your case (for example, limited or criticized by)."
                                            }
                                        ],
                                        "#text": "The yellow"
                                    }
                                }
                            ]
                        },
                        {
                            "stentry": [
                                {
                                    "image": {
                                        "@alt": "Positive Treatment (green diamond) signal",
                                        "@href": "IconSignalPositive.png",
                                        "@placement": "inline"
                                    }
                                },
                                {
                                    "b": "Positive treatment indicated",
                                    "p": {
                                        "ph": [
                                            {
                                                "@keyref": "shepsignalsingular",
                                                "#tail": "indicates that citing references in the"
                                            },
                                            {
                                                "@keyref": "shepards",
                                                "#tail": "Citations Service contain history or treatment that has a positive impact on your case (for example, affirmed or followed by)."
                                            }
                                        ],
                                        "#text": "The green"
                                    }
                                }
                            ]
                        }
                    ]
                }
            }
        }
    }
}