<?xml version="1.0"?>
<!DOCTYPE concept PUBLIC "-//IBM//DTD DITA Composite//EN" "c:/dtd/ditabase.dtd">
<concept id="bigtutorialgettingstarted_cpt">

<!--Barb: Replace the TotalPatent and author info in the prolog below, then update the 2 URLs within the object tag to point to the public records SWF files, just as you did on the main tutorial page.-->

	<title>Tutorial: Getting Started with Lexis Advance&#174;</title>
	<prolog>
		<author>Multimedia Team</author>
		<author>Mike Lloyd</author>
		<copyright>
			<copyryear year="2010"/>
			<copyrholder>Lexisnexis</copyrholder>
		</copyright>
		<critdates>
			<created date="2010-04-14"/>
		</critdates>
		<metadata>
			<prodinfo>
				<prodname>Lexis Advance</prodname>
				<vrmlist>
					<vrm version="1"/>
				</vrmlist>
			</prodinfo>
		</metadata>
	</prolog>
	<conbody>
		<section>
                <object 
                classid="clsid:D27CDB6E-AE6D-11cf-96B8-444553540000" 
                codebase="http://download.macromedia.com/pub/shockwave/cabs/flash/swflash.cab#version=6,0,0,0" 
                data="http://web.lexis.com/help/multimedia/nl/nl_gettingstarted.swf"
                type="application/x-shockwave-flash" 
                width="750" 
			height="459" 
                id="newlexis">
                     <param name="movie" value="http://web.lexis.com/help/multimedia/nl/nl_gettingstarted.swf"/>
                     <param name="quality" value="high"/>
                     <param name="bgcolor" value="#FFFFFF"/>
                     <param name="pluginspage" value="http://www.macromedia.com/shockwave/download/index.cgi?P1_Prod_Version=ShockwaveFlash"/>
                </object>
           </section>

	</conbody>
</concept>