<?xml version="1.0"?>
<!DOCTYPE reference PUBLIC "-//IBM//DTD DITA Composite//EN" "c:/dtd/ditabase.dtd">
<reference id="gdecomm">
	
	<title><ph keyref="prodnamefirst"/> Price Guide for Commercial Markets</title>
	<prolog>
		<author>Dave Montgomery</author>
		<copyright>
			<copyryear year="2013"/>
			<copyrholder>Lexisnexis</copyrholder>
		</copyright>
		<critdates>
			<created date="2013-02-12"/>
		</critdates>
		<metadata>
			<prodinfo>
				<prodname>Lexis Advance</prodname>
				<vrmlist>
					<vrm version="1"/>
				</vrmlist>
			</prodinfo>
		</metadata>
	</prolog>
	<refbody>
		<section>
			<p>Please contact Customer Support at 1-800-543-6862 for assistance.</p>
		</section>

		<!-- Information removed in 5.3.8 per Jean Patrouche.>
		<section>
			
			<p>This Price Guide provides transactional list prices for Commercial Markets and applies to documents outside the subscription plan. 
			Documents that are outside the subscription plan are identified by an on-screen notification. All other documents are inside the flat-rate 
			subscription and will not incur an additional charge. Prices shown in this list do not reflect any subscription or transactional discounts.</p>

			<p>Customers who do not have a qualifying monthly flat-rate subscription will be charged a monthly <ph keyref="prodname"/> Access Charge 
			that is calculated based on the total number of non-Public Records searches times $60. The access charge is waived for all other customers.</p>

			<simpletable>
				<sthead>
					<stentry outputclass="commentfield">Type</stentry>
					<stentry>Document Access Charge</stentry>
					<stentry>Document Delivery Charge</stentry>
				</sthead>
				<strow>
					<stentry>
							<p><b>Primary Law</b></p>
							<p>Agency and Administrative Materials, Cases, Dockets, Statutes and Legislation</p>
					</stentry>
					<stentry>$23</stentry>
					<stentry>$0</stentry>
				</strow>
				<strow>
					<stentry>
							<p><b>Secondary Materials: Tier 1</b></p>
							<p>CCH materials, select titles such as Collier on Bankruptcy, Nimmer on Copryright and Chisum on Patents</p>
					</stentry>
					<stentry>$96</stentry>
					<stentry>$0</stentry>
				</strow>
				<strow>
					<stentry>
							<p><b>Secondary Materials: Tier 2</b></p>
							<p>Company &amp; Financial, Directories, Jury Verdicts and Settlements, Scientific, Law Reviews and Journals, 
							Jury Instructions, Jurisprudence, Emerging Issues, Citators, CLE Course of Study Materials, Dictionaries, Treatises, etc.</p>
					</stentry>
					<stentry>$66</stentry>
					<stentry>$0</stentry>
				</strow>
				<strow>
					<stentry>
							<p><b>Premium Litigation</b></p>
							<p>Briefs, Pleadings, Motions, and Expert Witness Analysis</p>
					</stentry>
					<stentry>$120</stentry>
					<stentry>$0</stentry>
				</strow>
				<strow>
					<stentry>
							<p><b>News</b></p>
					</stentry>
					<stentry>$36</stentry>
					<stentry>$0</stentry>
				</strow>
				<strow>
					<stentry>
							<p><b>Jurisdictional Surveys</b></p>
					</stentry>
					<stentry>$210</stentry>
					<stentry>$0</stentry>
				</strow>
			</simpletable>

			<simpletable>
				<sthead outputclass="commentfield">
					<stentry>Content Type Group</stentry>
					<stentry>Document Search Charge</stentry>
					<stentry>Document Report Charge</stentry>
					<stentry>Document View &amp; Delivery Charge</stentry>
				</sthead>
				<strow>
					<stentry>Public Records</stentry>
					<stentry>$0 - $265</stentry>
					<stentry>$0 - $50</stentry>
					<stentry>$0</stentry>
				</strow>
			</simpletable>

			<p>Document access charges may apply if linking to a document within a report.</p>
			<p>Pricing is subject to change at any time.</p>
			<p>Charges will be based on the content category charge for the document.</p>

			<simpletable>
				<sthead  outputclass="commentfield">
					<stentry>Features Category</stentry>
					<stentry>Report Delivery Charge</stentry>
				</sthead>
				<strow>
					<stentry><b><ph keyref="shepname"/></b></stentry>
					<stentry>Complimentary during Promotional time</stentry>
				</strow>
				<strow>
					<stentry><b><ph keyref="lpsnamefirst"/></b></stentry>
					<stentry>$250</stentry>
				</strow>
				<strow>
					<stentry><b><ph keyref="vsanamefirst"/></b></stentry>
					<stentry>$125</stentry>
				</strow>
			</simpletable>

		</section-->

	</refbody>
</reference>