<?xml version="1.0"?>
<!DOCTYPE reference PUBLIC "-//IBM//DTD DITA Composite//EN" "c:/dtd/ditabase.dtd">
<reference id="gdegovt">
	
	<title><ph keyref="prodnamefirst"/> Price Guide for Government Markets</title>
	<prolog>
		<author>Dave Montgomery</author>
		<copyright>
			<copyryear year="2013"/>
			<copyrholder>Lexisnexis</copyrholder>
		</copyright>
		<critdates>
			<created date="2013-02-12"/>
		</critdates>
		<metadata>
			<prodinfo>
				<prodname>Lexis Advance</prodname>
				<vrmlist>
					<vrm version="1"/>
				</vrmlist>
			</prodinfo>
		</metadata>
	</prolog>
	<refbody>
		<section>
			<p>Please contact Customer Support at 1-800-543-6862 for assistance.</p>
		</section>

		<!-- Removed per Jean Patrouche in 5.3.8>
		<section>
			
			<p>This Price Guide provides transactional list prices for Government Markets and applies to documents outside of the subscription plan. 
			Documents that are outside of the subscription plan are identified by an on-screen notification. All other documents are inside of the flat-rate 
			subscription and will not incur an additional charge. Prices shown in this list do not reflect any subscription or transactional discounts. </p>

			<p>Customers who do not have a qualifying monthly flat-rate subscription will be charged a monthly Lexis Advance&#174; Access Charge 
			that is calculated based on the total number of non-Public Records searches times $60. The access charge is waived for all other customers.</p>
			
			<simpletable>
				<sthead outputclass="commentfield">
					<stentry>Content Category</stentry>
					<stentry>Document Access Charge</stentry>
					<stentry>Document Delivery Charge</stentry>
				</sthead>
				<strow>
					<stentry>
						<p><b>Primary Law: Tier 1</b></p>
						<p>Admin Codes, ALM Citator, Cases, Codes, Statutory &amp; Administrative Codes</p>
					</stentry>
					<stentry>$17</stentry>
					<stentry>$0</stentry>
				</strow>
				<strow>
					<stentry>
						<p><b>Primary Law: Tier 2</b></p>
						<p>Admin &amp; Agency Materials, Bill Text, Court Rules, Dockets, Legislative History, Registers, Statutes &amp; Legislation; Municipal Codes</p>
					</stentry>
					<stentry>$12</stentry>
					<stentry>$0</stentry>
				</strow>
				<strow>
					<stentry>
						<p><b>Secondary Law</b></p>
						<p>Directories, Emerging Issues Analysis, Law Review &amp; Journals, Jurisprudence, Jury Instructions, Jury Verdicts &amp; Settlements</p>
					</stentry>
					<stentry>$48</stentry>
					<stentry>$0</stentry>
				</strow>
				<strow>
					<stentry>
						<p><b>Legal News</b></p>
						<p>ALM, Legal News, Mealey's, Law360</p>
					</stentry>
					<stentry>$48</stentry>
					<stentry>$0</stentry>
				</strow>
				<strow>
					<stentry>
						<p><b>Premium Litigation: Tier 1</b></p>
						<p>U.S. Supreme Court Briefs, Select State &amp; Federal Briefs, Pleadings &amp; Motions, Expert Witness Materials, 
						Testimonies, Reports, and Challenges</p>
					</stentry>
					<stentry>$88</stentry>
					<stentry>$0</stentry>
				</strow>
				<strow>
					<stentry>
						<p><b>Premium Litigation: Tier 2</b></p>
						<p>Briefs, Pleadings &amp; Motions, Other Court Documents - PDF Versions, Expert Witness Resumes &amp; CV</p>
					</stentry>
					<stentry>$48</stentry>
					<stentry>$0</stentry>
				</strow>
				<strow>
					<stentry>
						<p><b>Treatises, Secondary Materials, Scientific, &amp; Forms: Tier 1</b></p>
						<p>CCH, Select titles such as Chisum on Patents, Collier on Bankruptcy, Nimmer on Copyright, &amp; Archie 3DMD</p>
					</stentry>
					<stentry>$70</stentry>
					<stentry>$0</stentry>
				</strow>
				<strow>
					<stentry>
						<p><b>Treatises, Secondary Materials, Scientific, &amp; Forms: Tier 2</b></p>
						<p>ALI-ABA/CLE Material, Certain Aspen Material, Reference Indices, Tax Practice Insights, US Analysts Reports, 
						Business Law Monographs, Gilson on Trademarks, Law of Liability Insurance, Medical References, Publications</p>
					</stentry>
					<stentry>$44</stentry>
					<stentry>$0</stentry>
				</strow>
				<strow>
					<stentry>
						<p><b>Treatises, Secondary Materials, Scientific, &amp; Forms: Tier 3</b></p>
						<p>Elsevier Science Materials</p>
					</stentry>
					<stentry>$26</stentry>
					<stentry>$0</stentry>
				</strow>
				<strow>
					<stentry>
						<p><b>News: Tier 1</b></p>
						<p>Top US or global publications, including top newspapers, magazines, or journals. Examples include: Associated Press; 
						Daily Telegraph (London); The Economist; Los Angeles Times; New York Times; Washington Post; Factiva: ~600 sources 
						obtained from Dow Jones Factiva( such as: Wall Street Journal; Barron's; Dow Jones News Service).</p>
					</stentry>
					<stentry>$26</stentry>
					<stentry>$0</stentry>
				</strow>
				<strow>
					<stentry>
						<p><b>News: Tier 2</b></p>
						<p>Primarily daily newspapers and newswires. Examples include: Federal News Service; Hartford Courant; 
						Japan Economic Newswire; Richmond Times Dispatch; Sacramento Bee</p>
					</stentry>
					<stentry>$17</stentry>
					<stentry>$0</stentry>
				</strow>
				<strow>
					<stentry>
						<p><b>News: Tier 3</b></p>
						<p>Primarily daily newspapers and newswires. Examples include: Agricultural Business Week; Energy &amp; Ecology Business; 
						Journal of Mathematics; Leisure &amp; Travel Week; Resource Week</p>
					</stentry>
					<stentry>$12</stentry>
					<stentry>$0</stentry>
				</strow>
				<strow>
					<stentry>
						<p><b>Company &amp; Financial</b></p>
						<p>Analyst Reports, Company Profiles, Mergers &amp; Acquisitions, SEC Filings</p>
					</stentry>
					<stentry>$44</stentry>
					<stentry>$0</stentry>
				</strow>
				<strow>
					<stentry>
						<p><b>Jurisdictional Surveys</b></p>
						<p>50 State Surveys</p>
					</stentry>
					<stentry>$154</stentry>
					<stentry>$0</stentry>
				</strow>
				<strow>
					<stentry><b>Dictionaries</b></stentry>
					<stentry>$12</stentry>
					<stentry>$0</stentry>
				</strow>
			</simpletable>

			<simpletable>
				<sthead  outputclass="commentfield">
					<stentry>Content Category</stentry>
					<stentry>Document Search Charge</stentry>
					<stentry>Document Report Charge</stentry>
					<stentry>Document View &amp; Delivery Charge</stentry>
				</sthead>
				<strow>
					<stentry><b>Public Records</b></stentry>
					<stentry>$0 - $99</stentry>
					<stentry>$0 - $50</stentry>
					<stentry>$0</stentry>
				</strow>
			</simpletable>

			<p>Document access charges may apply if linking to a document within a report. Pricing is subject to change at any time. 
			Charges will be based on the content category charge for the document.</p>

			<simpletable>
				<sthead  outputclass="commentfield">
					<stentry>Features Category</stentry>
					<stentry>Report Delivery Charge</stentry>
				</sthead>
				<strow>
					<stentry><b><ph keyref="shepname"/></b></stentry>
					<stentry>Complimentary during Promotional time</stentry>
				</strow>
				<strow>
					<stentry><b><ph keyref="lpsnamefirst"/></b></stentry>
					<stentry>$22</stentry>
				</strow>
				<strow>
					<stentry><b><ph keyref="vsanamefirst"/></b></stentry>
					<stentry>$100</stentry>
				</strow>
			</simpletable>

		</section-->

	</refbody>
</reference>