<?xml version="1.0" encoding="utf-8"?>
<!DOCTYPE reference PUBLIC "-//IBM//DTD DITA Composite//EN" "c:/dtd/ditabase.dtd">
<reference id="tutorialshepovertext_ref" audience="res">

	<!--Barb: Replace the TotalPatent and author info in the prolog below, then replicate Liz's text-only tutorial in the body, just using sections, titles and paragraph tags, much like you already see here.-->

	<title>Lexis Advance&#174; Text-only Tutorial: Overview of the <i>Shepard's</i>&#174; Citations Service</title>
	<prolog>
		<author>Robin Stubbart</author>
		<copyright>
			<copyryear year="2013"/>
			<copyrholder>Lexisnexis</copyrholder>
		</copyright>
		<critdates>
			<created date="2013-01-17"/>
		</critdates>
		<metadata>
			<prodinfo>
				<prodname>Lexis Advance</prodname>
				<vrmlist>
					<vrm version="1"/>
				</vrmlist>
			</prodinfo>
		</metadata>
	</prolog>
	<refbody>
		<section>
			<title>Introduction</title>
			<p>The <i>Shepard's</i>® Citations Service provides a comprehensive report of the cases, statutes, secondary sources, and annotations that cite your document, including more recent cases that rely on your starting case.</p>
			<p>You can use this report to quickly validate your research and ensure you have good law.</p>
			<p>This tutorial shows you how to <i>Shepardize</i>® a document, and provides an overview of the <i>Shepard's</i>® report.</p>
		</section>
		<section>
			<title>How to <i>Shepardize</i>® a Document</title>
			<p>You can <i>Shepardize</i>® a document from the search box, if you know its citation, by entering the citation and selecting <i>Shepard's</i>®.</p>
			<p>To <i>Shepardize</i>® a document from a results list, select its <i>Shepard's</i>® icon.</p>
		</section>
		<section>
			<title><i>Shepard's</i>® Report</title>
			<p>The <i>Shepard's</i>® report has 4 subtabs, each containing different types of information about the document you <i>Shepardize</i>d®.</p>
			<p>The Appellate History subtab contains direct and indirect case history treatment regarding your case. You'll find:</p>
			<ul>
				<li>Your <i>Shepardize</i>d® case, indicated by a star</li>
				<li>The <ph keyref="shepsignalsingularfirst"/> for the case that caused your case's signal</li>
				<li>Buttons that let you display your case's appellate history in List or Map format</li>
				<li>A link to its subsequent appellate history</li>
			</ul>
			<p>The Citing Decisions subtab contains citing primary authority, including agency and case law decisions. You'll find:</p>
			<ul>
				<li>A list of citing decisions, each with a link that displays the document where your <i>Shepardize</i>d® case is first cited</li>
				<li>An indicator of the type of treatment of your <i>Shepardize</i>d® case</li>
				<li>Buttons that let you display your case's appellate history in List or Grid format</li>
				<li>A link to your case's subsequent appellate history</li>
			</ul>
			<p>Options in the "Narrow By" panel provide a number of ways for you to filter the citing decisions.</p>
			<p>Note that resting the cursor on a headnote in the "Narrow By" panel displays its text.</p>
			<p>The Citing Law Reviews, Treatises... subtab contains citing law reviews, treatises, annotated statutes, court documents, restatements, and other secondary sources. You'll find:</p>
			<ul>
				<li>A list of these sources, sorted by type</li>
				<li>"Narrow By" options that let you filter them</li>
				<li>A link to your case's subsequent appellate history</li>
			</ul>
			<p>The Table of Authorities subtab provides a list of cases that are cited within the case you <i>Shepardize</i>d® to aid in validating the underpinnings of that case. You'll find:</p>
			<ul>
				<li>A list of cases cited by your case</li>
				<li>An indicator of how your <i>Shepardize</i>d® case treated each case it cited</li>
				<li>"Narrow By" options that let you filter the list</li>
			</ul>
			<p>Each subtab also provides:</p>
			<ul>
				<li>A link to the Legend, which explains the meanings of various indicators</li>
				<li>Icons that let you download, email, and print your report</li>
			</ul>
		</section>
		<section>
			<title>Saving a Copy of the Report</title>
			<p>To download a copy of the report:</p>
			<ol>
				<li>Click the Save icon.</li>
				<li>Choose your options for saving the report.</li>
				<li>Click the OK button.</li>
			</ol>
			<p>If you applied any filters, you can choose to include the full category or the filtered result.</p>
			<p>You can find more information about the <i>Shepard's</i>® Citations Service in other Help topics.</p>
			<p>This concludes the tutorial.</p>
 		</section>
	</refbody>

	<!--Barb: You can leave the related link below as-is.-->

	<related-links>
		<linklist>
			<link href="tutorialshepover_cpt.xml"/>
		</linklist>
	</related-links>
</reference>