<?xml version="1.0" encoding="utf-8"?>
<!DOCTYPE reference PUBLIC "-//IBM//DTD DITA Composite//EN" "c:/dtd/ditabase.dtd">
<reference id="tutorialshepapphisttext_ref" audience="res">

	<!--Barb: Replace the TotalPatent and author info in the prolog below, then replicate Liz's text-only tutorial in the body, just using sections, titles and paragraph tags, much like you already see here.-->

	<title>Lexis Advance&#174; Text-only Tutorial: <i>Shepard's</i>&#174; Appellate History</title>
	<prolog>
		<author>Robin Stubbart</author>
		<copyright>
			<copyryear year="2013"/>
			<copyrholder>Lexisnexis</copyrholder>
		</copyright>
		<critdates>
			<created date="2013-01-17"/>
		</critdates>
		<metadata>
			<prodinfo>
				<prodname>Lexis Advance</prodname>
				<vrmlist>
					<vrm version="1"/>
				</vrmlist>
			</prodinfo>
		</metadata>
	</prolog>
	<refbody>
		<section>
			<title>Introduction</title>
			<p>When you <i>Shepardize</i>® a citation, the results are presented in a <i>Shepard's</i>® report.</p>
			<p>The report has four categories, each appearing as a subtab in the report.</p>
			<p>This tutorial describes the Appellate History category, which contains direct and indirect case history treatment regarding your case.</p>
			<p>You can view the appellate history as a List or a Map. Map view provides a graphical representation of the relationships between the items in the appellate history.</p>
		</section>
		<section>
			<title>Appellate History List</title>
			<p>The Appellate History list highlights the citation you <i>Shepardized</i>®, and shows its prior and subsequent appellate history.</p>
			<p>The "subsequent appellate history" link lets you jump directly to that portion of the list.</p>
			<p>Prior and subsequent appellate history are presented in an "outline" format, where indentations are used to identify the direct relationships between the listed cases.</p>
			<p>Cases have <ph keyref="shepardsignalpluralfirst"/>, which you can select to <i>Shepardize</i>® the case.</p>
			<p>The "Show on map" link lets you jump to the case's location on the appellate history map.</p>
			<p>Color-coded icons tell you the signal-generating value of the editorial phrase to the right of the icon. Hover on an icon to display it's meaning. You also can select the Legend button to display descriptions of all symbols used in the report.</p>
		</section>
		<section>
			<title>Appellate History Map</title>
			<p>This is a graphical representation of your <i>Shepardized</i>® citation's appellate history.</p>
			<p>Each item on the map represents a case.  These points correspond to the cases on the Appellate History list.</p>
			<p>The levels tell you which court made each ruling.</p>
			<p>You can hover on a case to display the full editorial phrase.</p>
			<p>Click its icon to highlight a case and display more information about it.  The information box also provides links that let you open the document  or jump to the document's location in the appellate history list.</p>
		</section>
		<section>
			<title>Map Display Options and Tools</title>
			<p>Note that, when you highlight a case, a red line appears showing the direct path to your <i>Shepardized</i>® case.</p>
			<p>Click the "Reset highlight" button to return the map to its original view.</p>
			<p>Tools let you resize the map, including:</p>
			<ul>
				<li>Zoom in on the case you <i>Shepardized</i>®</li>
				<li>Expand the map to fill the page</li>
				<li>Return the page to normal</li>
				<li>Slider to zoom in or out</li>
			</ul>
			<p>You can also place your mouse pointer on the map area, and zoom in and out using the scroll wheel.</p>
			<p>Use the Legend button to display the meanings of items used on the map.</p>
			<p>Use the Show menu to display or hide items on the map.</p>
			<p>Click the "Create an alert" icon to set up an alert for the citation you <i>Shepardized</i>®. Setting up an alert is described in a separate tutorial.</p>
			<p>Click the "View a printer-friendly version of this page" icon to display a printer-friendly version of the map.</p>
			<p>You can find more information about the <i>Shepard's</i>® Citations Service in other Help topics.</p>
			<p>This concludes the tutorial. </p>
		</section>
	</refbody>

	<!--Barb: You can leave the related link below as-is.-->

	<related-links>
		<linklist>
			<link href="tutorialshepapphist_cpt.xml"/>
		</linklist>
	</related-links>
</reference>