<?xml version="1.0" encoding="utf-8"?>
<!DOCTYPE reference PUBLIC "-//IBM//DTD DITA Composite//EN" "c:/dtd/ditabase.dtd">
<reference id="tutorialshepcitingdectext_ref" audience="res">

	<!--Barb: Replace the TotalPatent and author info in the prolog below, then replicate Liz's text-only tutorial in the body, just using sections, titles and paragraph tags, much like you already see here.-->

	<title>Lexis Advance&#174; Text-only Tutorial: <i>Shepard's</i>&#174; Citing Decisions</title>
	<prolog>
		<author>Robin Stubbart</author>
		<copyright>
			<copyryear year="2013"/>
			<copyrholder>Lexisnexis</copyrholder>
		</copyright>
		<critdates>
			<created date="2013-01-17"/>
		</critdates>
		<metadata>
			<prodinfo>
				<prodname>Lexis Advance</prodname>
				<vrmlist>
					<vrm version="1"/>
				</vrmlist>
			</prodinfo>
		</metadata>
	</prolog>
	<refbody>
		<section>
			<title>Introduction</title>
			<p>When you <i>Shepardize</i>® a citation, the results are presented in a <i>Shepard's</i>® report.</p>
			<p>The report has four categories, each appearing as a subtab in the report.</p>
			<p>This tutorial describes the Citing Decisions portion of the report, which contains citing primary authority, including agency and case law decisions.</p>
			<p>You can view citing decisions as a List or a Grid. The Grid view depicts the complete set of citing decisions based on both court and date.</p>
		</section>
		<section>
			<title>Citing Decisions List</title>
			<p>The Citing Decisions list displays decisions sorted by:</p>
			<ul>
				<li>Court</li>
				<li>Analysis</li>
				<li>Discussion</li>
				<li>Date</li>
			</ul>
			<p>Use the column headings or the "Sort by" menu to change the order in which they appear.</p>
			<p>Color-coded icons indicate the signal-generating value of the editorial phrase next to each icon. Hover on an icon to display its meaning. You also can select the Legend button to display descriptions of all symbols used in the report.</p>
			<p>Use the List and Detail links to choose how much information to display about each case. Detail view displays a portion of the document where the case you <i>Shepardize</i>d® is first cited.</p>
			<p>Click a document's text link to open the document at the point where that text appears. The document is opened in a new tab</p>
			<p>Headnotes links show which headnotes from your <i>Shepardize</i>d® case are discussed in each citing decision. Click the link to open the document at that point.</p>
			<p>Use options in the left column to filter your report based on:</p>
			<ul>
				<li>Analysis</li>
				<li>Court</li>
				<li>Discussion</li>
				<li>Headnotes</li>
				<li>Searching within the results</li>
				<li>Date range</li>
			</ul>
			<p>The Headnotes category has a feature that lets you preview the headnote before applying it as a filter. Just place your cursor over a headnote to display its text.</p>
			<p>Narrowing search results is covered in other Help topics.</p>
		</section>
		<section>
			<title>Citing Decisions Grid</title>
			<p>Citing decisions are represented graphically by 2 grids. One grid shows analysis by court, the other shows analysis over time.</p>
			<p>These grids also let you filter your <i>Shepard's</i>® report. You can select a:</p>
			<ul>
				<li>Row to view decisions with only that type of analysis</li>
				<li>Column to view decisions from only that court or year</li>
				<li>Cell to view only decisions with that analysis and court or year</li>
			</ul>
			<p>When you select filters from the grid, you return to the list with the new filters applied. Any filters you previously set will be cleared.</p>
			<p>You can find more information about the <i>Shepard's</i>® Citations Service in other Help topics.</p>
			<p>This concludes the tutorial.</p>
		</section>
	</refbody>

	<!--Barb: You can leave the related link below as-is.-->

	<related-links>
		<linklist>
			<link href="tutorialshepcitingdec_cpt.xml"/>
		</linklist>
	</related-links>
</reference>