<?xml version="1.0" encoding="utf-8"?>
<!DOCTYPE reference PUBLIC "-//IBM//DTD DITA Composite//EN" "c:/dtd/ditabase.dtd">
<reference id="tutorialvsarptext_ref">

<!--Barb: Replace the TotalPatent and author info in the prolog below, then replicate Liz's text-only tutorial in the body, just using sections, titles, and paragraph tags, much like you already see here.-->

	<title>Lexis Advance&#174; Text-only Tutorial</title>
	<prolog>
		<author>Multimedia Team</author>
		<author>Barb Bruns</author>
		<copyright>
			<copyryear year="2010"/>
			<copyrholder>Lexisnexis</copyrholder>
		</copyright>
		<critdates>
			<created date="2010-07-12"/>
		</critdates>
		<metadata>
			<prodinfo>
				<prodname>Lexis Advance</prodname>
				<vrmlist>
					<vrm version="1"/>
				</vrmlist>
			</prodinfo>
		</metadata>
	</prolog>
	<refbody>
		<section>
<title>Tutorial - Viewing a Sample <ph keyref="vsanamefirst"/> Report.</title>

			<p>Introduction.</p>

			<p>Your <ph keyref="vsanamefirst"/> results appear in a series of graphs and charts, which provide a visual representation of your search results.</p>
<p>The left side of the report page shows how many cases your search found and provides some tools you can use to narrow your results.</p>
<p>We'll take a closer look at those tools later in this demo.</p>
<p>Chart and Graph Tabs.</p>
<p>Besides displaying results in a variety of graphs, you can display individual cases that may be of particular interest or relevance.</p>


<p>Click the right or left arrow to show more titles.</p>
<p>You can select a title to display it in full view below the tabs.</p>

<p>Cite List.</p>

<p>The report also includes a cite list, which you can use to view individual cases.</p>

<p>You can sort the cases a number of ways using the Sort by menu.</p>

<p>Or you can select the column headers to sort the documents.</p>

<p>Click a document title to see the full text. The document is opened in its own tab.</p>

<p>Return to your results by selecting either the Report tab or the document tab’s Close icon.</p>


 
<p>&quot;At a Glance&quot; View.</p>


<p>&quot;At a Glance&quot; shows thumbnail views of each graph. Click any of them to see it in full view.</p>

<p>&quot;Cases/Year by Resolution&quot; Graph.</p>
<p>The &quot;Number of Cases Per Year by Resolution&quot; graph shows, by year, how the cases that match your search were resolved.</p> 

<p>It can indicate trends or spikes that might warrant further exploration.</p>

<p>Rest your mouse over a bar to display information about the verdict or settlement.</p>

<p>Note that you can see more information this way on all of the graphs.</p>

<p>&quot;Award by Resolution&quot; Chart.</p>
<p>This chart shows the average and median award amount for each resolution type, based on your search criteria.</p>

<p>Types of resolutions may include plaintiff and defendant verdicts, settlements, and unknown verdicts.</p>

<p>Due to the vastness of its record repository, <ph keyref="vsaname"/> sometimes encounters incomplete data.</p>

<p>This data is listed as &quot;unknown&quot;, and you can filter it from your results.</p>

<p>&quot;Cases/Year&quot; Graph.</p>
<p>The &quot;Cases per Year&quot; graph shows the number of cases per year that match your search criteria.</p> 

<p>This graph could also indicate trends or spikes that might be worth further exploration.</p>

<p>&quot;Percent Cases by Resolution&quot; Chart.</p>
<p>The &quot;Percentage of Cases by Resolution&quot; chart groups your matched cases based on how they were resolved.</p> 

<p>Filtering Results.</p>
<p>Tools for narrowing your results are located in the left pane.</p>

<p>You can enter additional terms in the "Search within results" box to include only results with those terms.</p>

<p>Or, you can filter your search results based on:</p>

<p>Court,</p> 
<p>Practice areas and topics,</p> 
<p>Case resolution,</p> 
<p>Timeline,</p> 
<p>Award amount,</p> 
<p>Injuries, </p>
<p>Known data.</p> 

<p>To display more options in a category, select its More link.</p>

<p>To select more than 1 category for a filter, choose &quot;Select multiple&quot;. Select checkboxes for the categories you want, then select the OK button.</p>

<p>Use the Timeline to limit results to a date range. You can use the sliders to set the start and end dates, or type them in the date boxes. Then select the OK button to view the results.</p>

<p>As you add filters, the &quot;Narrow By&quot; pane shows which filters you've selected. You can remove a filter by selecting its Remove icon. You can select the &quot;Clear all&quot; link to remove all filters and return to your original results list.</p>

<p>To return to the main search page, select the logo in the upper left corner of the screen.</p>

<p>Finding More Information.</p>
<p>More information about using <ph keyref="vsanamefirst"/> is available in other Help topics.</p>


<p>This concludes the &quot;Viewing a Sample <ph keyref="vsaname"/> Report&quot; tutorial. </p>



		</section>
	</refbody>

<!--Barb: You can leave the related link below as-is.-->

	<related-links>
		<linklist>
			<link href="tutorialresults_cpt.xml"/>
		</linklist>
	</related-links>
</reference>