<?xml version="1.0" encoding="utf-8"?>
<!DOCTYPE reference PUBLIC "-//IBM//DTD DITA Composite//EN" "c:/dtd/ditabase.dtd">
<reference id="tutorialdeliverytext_ref">

	<!--Barb: Replace the TotalPatent and author info in the prolog below, then replicate Liz's text-only tutorial in the body, just using sections, titles and paragraph tags, much like you already see here.-->

	<title>Lexis Advance&#xAE; Text-only Tutorial</title>
	<prolog>
		<author>Multimedia Team</author>
		<author>Mike Lloyd</author>
		<copyright>
			<copyryear year="2012"/>
			<copyrholder>Lexisnexis</copyrholder>
		</copyright>
		<critdates>
			<created date="2012-03-24"/>
		</critdates>
		<metadata>
			<prodinfo>
				<prodname>Lexis Advance</prodname>
				<vrmlist>
					<vrm version="1"/>
				</vrmlist>
			</prodinfo>
		</metadata>
	</prolog>
	<refbody>
	<!--replace this text with the actual delivery tutorial text.-->
		<section>

<title>Delivering Your Results</title>
</section>
		<section>
	
<title>Introduction</title>
<p>Lexis Advance® offers a variety of ways for you to deliver your search results.</p>
<p>This tutorial shows you how to print, download, and email:</p>
<ul>
<li>Your results list (up to 1,000 items)</li>
<li>Selected documents</li>
<li>A document you are viewing</li>
<li>A Shepard's® report</li>
</ul>

<p>For these examples, we ran a search and selected some documents for delivery, viewed a full document, and displayed a Shepard's report for it.</p>
<p>We'll take a look at delivering a Shepard's® report later in this tutorial.</p>
<p>You can print, download, and email results using these icons, which appear on search results, work folders, history, and other pages.</p>
<p>All you need to do is:</p>
<ol>
<li>Select the appropriate icon.</li>
<li>Set your delivery options.</li>
<li>Select the Print, Download, or Email button.</li>
</ol>
<p>To deliver multiple documents, first select their checkboxes.</p>
<p>You can also deliver a document you are viewing.</p>
<p>Although the print, download, and email forms are similar, we'll review them separately.</p>
</section>
		<section>
<title>Printing Documents</title>
<p>Let's start with the Print form.</p>
<p>If you have not already done so, this link lets you install the LexisNexis® Print and Download utility.</p>
<p>This easy-to-install utility streamlines the print and download request processes.</p>
<p>Select the link if you want to install the utility, or select Dismiss to continue without installing it.</p>
<p>If you selected any documents, they appear on the &quot;Selected Documents&quot; tab.</p>
<p>You can clear the checkbox of any document you don't want to print.</p>
<p>In most situations, the &quot;Basic Options&quot; tab lets you choose to print selected documents or your results list.</p>
<p>Note that if you did not select any documents, you can print only the results list.</p>
<p>Let's take a look at printing selected documents.</p>
<p>They will print on your attached printer.</p>
<p>Use these portions of the form to set formatting and content-specific options.</p>
<p>Formatting options let you:</p>
<ul>
<li>Print a cover page</li>
<li>Include LexisNexis® branding in your printouts</li>
<li>Print your name on each page</li>
<li>Include page numbers and specify where they appear</li>
<li>Include links to embedded references</li>
</ul>

<p>You can also specify:</p>
<ul>
<li>The type of font to use</li>
<li>The font size</li>
<li>Whether to use single or double line spacing</li> 
<li>Choose how a variety of items appear</li>
</ul>
<p>You can also select content-specific options.</p>
<p>These options vary depending on the type of content you selected.</p>
<p>Select the Print button to print the documents on your attached printer.</p>
<p>Let's look at printing your results list.</p>	
<p>If you have documents selected, choose this print option.</p>
<p>Set your format options, then select the Print button.</p>
</section>

<section>
<title>Downloading Documents</title>

<p>Now let's review the Download form.</p>
<p>Selected documents appear on this tab, and you can clear the checkbox of any document you don't want to download.</p>
<p>In most situations, the &quot;Basic Options&quot; portion of the form lets you choose to download selected documents or your results list.</p>
<p>If you did not select any documents, you can download only the results list.</p>
<p>To download the documents, select this option.</p>
<p>Choose from available document types.</p>
<p>If you choose PDF or Docx, you can also choose to download documents in 1 file or separate files.</p>
<p>Select this checkbox to download in ZIP format.</p>
<p>Choose your format options by selecting that tab.</p>
<p>These format options are the same as those for printing.</p>
<p>Content-specific options vary depending on what types of items you are downloading.</p>
<p>Choose your options for each content type, then select the Download button to download your items.</p>
<p>Follow the on-screen instructions to open or save them.</p>
</section>
<section>
<title>Emailing Documents</title>
<p>Now let's review the Email form.</p>
<p>In most situations, the "Basic Options" tab lets you choose to download selected documents or your results list.</p>
<p>Enter up to 5 email addresses in the To box, separated by a semicolon (;).</p>
<p>Recent recipients' email addresses appear here. Choose an address and select Add to include that recipient.</p>
<p>Use the recommended text or enter your own for the email subject line.</p>
<p>You can enter and format up to 4,000 characters to be included in the email.</p> 
<p>Choose from available document types.</p>
<p>If you choose PDF or Docx, you can also choose to download documents in 1 file or separate files.</p>
<p>Select this checkbox to download in ZIP format.</p>
<p>Choose your format options by selecting this tab.</p>
<p>These format options are the same as those for printing and downloading.</p>
<p>Content-specific options vary depending on what types of items you selected.</p>
<p>Choose your options for each content type, then select the Email button to send your items.</p>
<p>The &quot;Document Delivery&quot; window appears while your email request is processed.</p>
<p>Closing the window will not affect your email delivery.</p>
</section>
<section>
<title>Delivering a <i>Shepard's</i>® Report</title>
<p>Next, we'll look at delivering a <i>Shepard's</i>® report.</p>
<p>As with search results, you can print, download, and email your <i>Shepard's</i> report.</p>
<p>Just select the appropriate icon and choose the options for your selected delivery method.</p>
<p>You can also choose which portions of the report you want to deliver.</p>
<p>Just select the checkboxes of those you want.</p>
<p>Select the button to print, download, or email the report.</p>
<p>Then follow the instructions that appear in any subsequent windows.</p>
<p>You can find more information about delivering search results in other Help topics.</p>
<p>This concludes the Delivering Results tutorial.</p>
</section> 



	</refbody>

	<!--Barb: You can leave the related link below as-is.-->

	<related-links>
		<linklist>
			<link href="tutorialsearch_cpt.xml"/>
		</linklist>
	</related-links>
</reference>