<?xml version="1.0" encoding="utf-8"?>
<!DOCTYPE reference PUBLIC "-//IBM//DTD DITA Composite//EN" "c:/dtd/ditabase.dtd">
<reference id="tutorialvsatext_ref">

<!--Barb: Replace the TotalPatent and author info in the prolog below, then replicate Liz's text-only tutorial in the body, just using sections, titles, and paragraph tags, much like you already see here.-->

	<title>Lexis Advance&#174; Text-only Tutorial</title>
	<prolog>
		<author>Multimedia Team</author>
		<author>Barb Bruns</author>
		<copyright>
			<copyryear year="2010"/>
			<copyrholder>Lexisnexis</copyrholder>
		</copyright>
		<critdates>
			<created date="2010-07-12"/>
		</critdates>
		<metadata>
			<prodinfo>
				<prodname>Lexis Advance</prodname>
				<vrmlist>
					<vrm version="1"/>
				</vrmlist>
			</prodinfo>
		</metadata>
	</prolog>
	<refbody>
		<section>
<title>Using <ph keyref="vsanamefirst"/></title>

			<p><ph keyref="vsanamefirst"/> aggregates jury verdicts and settlements to help you determine the likely outcome and value of litigation.</p>
<p>Results appear in a series of graphs and charts, which let you identify trends and determine the probability and profitability of various outcomes for cases like yours.</p>
<p>As you enter search terms, New Lexis analyzes them and offers suggestions.</p>
<p>Besides displaying results in a variety of graphs, you can display individual cases that may be of particular interest or relevance.</p>
<p>Searching.</p>
<p>Start by entering search terms that represent the key ideas or issues of your case, such as "dog bite".</p>
<p>You can limit results to specific:</p>

<p>Dates,</p>
<p>Jurisdictions (such as "Jury Verdicts and Settlements"),</p>
<p>Areas of law,</p>
<p>Injuries.</p>
 
<p>... by selecting the appropriate category from the lists in the Search box.</p>
<p>Select the Search button when you're ready to run your search.</p>
<p>Results appear in a tab with a portion of your search.</p>
<p>Viewing and Filtering Reports</p>
<p>To display the report, make sure the "Jury Verdicts and Settlements" results tab is selected; then select the graph icon or the "<ph keyref="vsaname"/>" link.</p>
<p><ph keyref="vsaname"/> searches for verdicts and settlements that match your search terms, and displays your results at the reports page. </p>
<p>Your report includes a series of charts and graphs, as well as a cite list.</p>
<p>These can help you evaluate the level of risk or opportunity associated with a case by looking at the outcomes of similar cases.</p>
<p>You might use this data to:</p>
 
<p>Help drive case strategy.</p>
<p>Identify the potential settlement value of a case.</p>
<p>Determine litigation reserve requirements.</p>
 
<p>The charts and graphs will be described in the "Viewing a Sample Report" tutorial (select its link on the Help page).</p>
<p>Use the tools in the left pane to narrow your search results.</p>
<p>You can enter additional terms in the "Search Within Results" box to include only results with those terms.</p>
<p>Or, you can filter your search results based on:</p>
 
<p>Court</p>
<p>Practice Areas &amp; Topics</p>
<p>Case Resolution</p>
<p>Timeline</p>
<p>Award Amount</p>
<p>Injuries</p>
<p>Known Data</p>
 
<p>To display more options in a category, select its More link.</p>
<p>To select more than 1 category for a filter, choose "Select multiple". Select checkboxes for the categories you want, then select the OK button.</p>
<p>Use the Timeline to limit results to a date range. You can use the sliders to set the start and end dates, or type them in the date boxes. Then select the OK button to view the results.</p>
<p>Removing Filters.</p>
<p>As you add filters, the &quot;Narrow By&quot; pane shows which filters you've selected. You can remove a filter by selecting its Remove icon. You can select the "Clear all" link to remove all filters to return to your original results list.</p>
<p>Due to the vastness of its record repository, <ph keyref="vsaname"/> sometimes encounters incomplete data. You can filter these records to display only known data from your results.</p>
<p>To return to the main search page, select the logo in the upper left corner of the screen.</p>
<p>Finding More Information</p>
<p>More information about using <ph keyref="vsaname"/> is available in other Help topics.</p>
<p>This concludes the "Using <ph keyref="vsanamefirst"/>" tutorial. </p>


		</section>
	</refbody>

<!--Barb: You can leave the related link below as-is.-->

	<related-links>
		<linklist>
			<link href="tutorialresults_cpt.xml"/>
		</linklist>
	</related-links>
</reference>