<?xml version="1.0" encoding="utf-8"?>
<!DOCTYPE reference PUBLIC "-//IBM//DTD DITA Composite//EN" "c:/dtd/ditabase.dtd">
<reference id="tutorialshepheadnotetext_ref" audience="res">

	<!--Barb: Replace the TotalPatent and author info in the prolog below, then replicate Liz's text-only tutorial in the body, just using sections, titles and paragraph tags, much like you already see here.-->

	<title><ph keyref="prodnamefirst"/> Text-only Tutorial: Using <ph keyref="companyfirst"/> Headnotes in <ph keyref="shepardsfirst"/> Reports</title>
	<prolog>
		<author>Robin Stubbart</author>
		<copyright>
			<copyryear year="2013"/>
			<copyrholder>Lexisnexis</copyrholder>
		</copyright>
		<critdates>
			<created date="2013-01-17"/>
		</critdates>
		<metadata>
			<prodinfo>
				<prodname>Lexis Advance</prodname>
				<vrmlist>
					<vrm version="1"/>
				</vrmlist>
			</prodinfo>
		</metadata>
	</prolog>
	<refbody>
		<section>
			<title>Introduction</title>
			<p><ph keyref="companyfirst"/> headnotes are fully integrated into the <ph keyref="shepardsfirst"/>, letting you quickly determine which citing cases discuss the issue that interests you.</p>
			<p>When you <i>Shepardize</i>&#174; your case, you may find a long list of cases that cite to your decision.</p>
			<p>They can cite to your case for any number of reasons; but you may be interested in only one or two issues discussed in your case.</p>
			<p>This tutorial shows you how to look for those issues using <ph keyref="company"/> headnotes.</p>
			<p>With <ph keyref="company"/> headnotes, you can identify when a citing case discusses an issue similar to one or more of the <ph keyref="company"/> headnotes of the case you <i>Shepardized</i>&#153;.
</p>
		</section>
		<section>
			<title>Viewing Headnotes</title>
			<p>The Citing Decisions category of your <ph keyref="shepards"/> report identifies the <ph keyref="company"/> headnotes of the case you <i>Shepardized</i> that have been matched to the language of any of the citing cases.</p>
			<p>HN links under each document in the list indicate which headnotes are referenced in each document. Click a link to open the document at the portion of the case that is likely to be of interest to you.</p>
			<p>Scroll to the Headnotes filter in the <uicontrol>Narrow By</uicontrol> pane to find a list of these headnotes. The number next to each headnote indicates how many times the <ph keyref="company"/> headnote from your <i>Shepardized</i> document is identified to a citing case within this report.</p>
			<p>Click the <uicontrol>View text of headnotes</uicontrol> link to display the text of all <ph keyref="company"/> headnotes for the case you <i>Shepardized</i>. You can use this information to decide which references might be relevant to your case. Place your cursor over an individual headnote to display its text.</p>
			<p>Click a headnote to narrow your results to only cases that reference it. To select more than one headnote:</p>
			<ol>
				<li>Click the <uicontrol>Select Multiple</uicontrol> link.</li>
				<li>Select the checkboxes of the headnotes you're interested in.</li>
				<li>Click the <uicontrol>OK</uicontrol> button.</li>
			</ol>
			<p>This displays only documents that have references to any of the selected headnotes.</p>
			<p>You can find more information about the <ph keyref="shepardsfirst"/> in other Help topics.</p>
			<p>This concludes the tutorial.</p>
 		</section>
	</refbody>

	<!--Barb: You can leave the related link below as-is.-->

	<related-links>
		<linklist>
			<link href="tutorialshepover_cpt.xml"/>
		</linklist>
	</related-links>
</reference>