<?xml version="1.0" encoding="utf-8"?>
<!DOCTYPE reference PUBLIC "-//IBM//DTD DITA Composite//EN" "c:/dtd/ditabase.dtd">
<reference id="tutorialfolderstext_ref" audience="pendingpermikelloyd">

	<!--Barb: Replace the TotalPatent and author info in the prolog below, then replicate Liz's text-only tutorial in the body, just using sections, titles and paragraph tags, much like you already see here.-->

	<title>Lexis Advance&#xAE; Text-only Tutorial</title>
	<prolog>
		<author>Multimedia Team</author>
		<author>Mike Lloyd</author>
		<copyright>
			<copyryear year="2012"/>
			<copyrholder>Lexisnexis</copyrholder>
		</copyright>
		<critdates>
			<created date="2012-03-24"/>
		</critdates>
		<metadata>
			<prodinfo>
				<prodname>Lexis Advance</prodname>
				<vrmlist>
					<vrm version="1"/>
				</vrmlist>
			</prodinfo>
		</metadata>
	</prolog>
	<refbody>
		<section>
			<title>Using Folders</title>
			<p>Folders can help you keep all your results organized in one place.</p>
			<p>This tutorial shows you how to create and manage folders, as well as how to save and use information in your folders.</p>
			<p>You can save search results, documents, notes, and more for an unlimited time.</p>
			<p>You can create as many folders and subfolders as you need, and save items such as full documents, excerpts, annotations, and searches.</p>
			<p>Items you purchase transactionally are saved for 90 days. Documents you subscribe to remain in your folder until you remove them.</p>
		</section>
		<section>
			<title>Creating Folders</title>
			<p>Let's start by creating a new folder.</p>
			<p>You can create a folder from the home page, the Folders , or a search results page.</p>
			<p>The history map appears on the right side of the screen.</p>
			<p>On the home page, select the New folder link in the Folders pod.</p>
			<p>Then type the folder name and select the Add button.</p>
			<p>If you are creating a subfolder, select the link beneath the folder you want to put it in.</p>
			<p>Now let’s try it from the Folders tab. Click the &quot;Go to all my folders&quot; link.</p>
			<p>Folders you've created appear on the left side of the screen. We'll take a detailed look at the My Folders tab later.</p>
			<p>For now, let’s create another folder by selecting the "New Folder" link.</p>
			<p>Type the folder name, and, if you're creating a top-level folder, just select the OK button.</p>
			<p>To create a subfolder, you need to select the folder it goes in. Click the -Select- menu, then select a folder name to make your selection. You can expand a folder and select 1 of its subfolders. Then select the OK button.</p>
		</section>
		<section>
			<title>Saving Searches</title>
			<p>You can save searches, documents, and selected text to folders.</p>
			<p>To save a search, select Options on the results page, then select &quot;Save search to folder&quot;.</p>
			<p>Enter a title, if you don't want to use your search terms.</p>
			<p>Choose to save filters you've selected for the current content-type tab, or for all of them, by selecting the appropriate &quot;Store Narrow By selections for&quot; option.</p>
			<p>You can create a new folder for the search by selecting the "New Folder" link; or you can use the "Save In" menu to select an existing folder.</p>
			<p>Enter any notes you want in the Notes field, then select the OK button to save your search.</p>
		</section>
		<section>
			<title>Saving Documents</title>
			<p>Save documents to a folder from the results page by selecting their boxes and selecting the folder icon. Then choose a folder, enter any notes, and select the OK button.</p>
			<p>To save a document you are viewing, select the folder icon. Then choose a folder, enter any notes, and select the OK button.</p>
		</section>
		<section>
			<title>Saving Selected Text</title>
			<p>You can also save selected text to a folder.</p>
			<p>Just highlight the text you want to save, select the plus sign that appears, then select "Save clip to folder". Choose a folder, enter any notes, then select the OK button.</p>
		</section>
		<section>
			<title>Working with Folders</title>
			<p>On the My Folders tab, your folders are listed in the left pane.</p>
			<p>Use the &quot;Search my folders&quot; box to find items in your folders that match the terms you enter. Results appear in the right pane.</p>
			<p>Folders with plus signs have subfolders. Click the icon to show them.</p>
			<p>Click a folder name to display its contents. The folder name, its contents, and some useful tools appear in the right pane.</p>
			<p>Information displayed for each item includes the:</p>
			<ul>
				<li>Title you entered when you saved it</li>
				<li>Item type, such as a document or search</li>
				<li>Client ID</li>
				<li>Date when you last modified (or saved) the item</li>
			</ul>
			<p>Various items also show you:</p>
			<ul>
				<li>The <ph keyref="shepsignalsingularfirst"/> and its effective date</li>
				<li>A link to update the <ph keyref="shepardsignalsingular"/></li>
				<li>Any notes you entered when you saved the item</li>
				<li>A link to add notes if you haven't entered any</li>
			</ul>
			<p>You can sort items by selecting one of the column headers or with the "Sort by" menu.</p>
			<p>The Actions button beside the folder name provides options for managing the folder you have open.</p>
			<p>For example, you can update the <ph keyref="shepardsignalsingular"/> for all of the documents in the folder. You can also download the folder contents.</p>
			<p>Tools above the Title column header provide options for managing items you've selected using the checkboxes. You can print, save, and email selected items. The Actions menu lets you move, copy or delete them. And you can select the "n Selected" link to display a list of selected items.</p>
		</section>
		<section>
			<title>Viewing Items</title>
			<p>To view an item, select its title. The item is opened in its own tab.</p>
			<p>Information about the item appears at the top, including the title and any notes you entered when you saved the item.</p>
			<p>Click the Edit button to change the title, client, or notes.</p>
			<p>If the item is a saved search, you can run it again. Choose "Search these terms with current settings" to run your search using the settings (such as Content Type) shown in the search box at the top of the screen. Or choose "Search and apply settings below" to run the search using the settings listed below the link. Results appear in a new tab.</p>
			<p>This concludes the "Using My Folders" tutorial.</p>
		</section>
	</refbody>

	<!--Barb: You can leave the related link below as-is.-->

	<related-links>
		<linklist>
			<link href="tutorialsearch_cpt.xml"/>
		</linklist>
	</related-links>
</reference>