<?xml version="1.0" encoding="utf-8"?>
<!DOCTYPE reference PUBLIC "-//IBM//DTD DITA Composite//EN" "c:/dtd/ditabase.dtd">
<reference id="tutorialsheptoatext_ref" audience="res">

	<!--Barb: Replace the TotalPatent and author info in the prolog below, then replicate Liz's text-only tutorial in the body, just using sections, titles and paragraph tags, much like you already see here.-->

	<title>Lexis Advance&#xAE; Text-only Tutorial: <ph keyref="shepards"/> Table of Authorities</title>
	<prolog>
		<author>Robin Stubbart</author>
		<copyright>
			<copyryear year="2013"/>
			<copyrholder>Lexisnexis</copyrholder>
		</copyright>
		<critdates>
			<created date="2013-01-17"/>
		</critdates>
		<metadata>
			<prodinfo>
				<prodname>Lexis Advance</prodname>
				<vrmlist>
					<vrm version="1"/>
				</vrmlist>
			</prodinfo>
		</metadata>
	</prolog>
	<refbody>
		<section>
			<title>Introduction</title>
			<p>
				<ph keyref="shepards"/> Table of Authorities gives you an at-a-glance analysis of the foundation of your case.</p>
			<p>The Table of Authorities lists cases that your case cited and shows which cases it relied on, with <i>their</i> current status.</p>
			<p>This tutorial shows you how to use the Table of Authorities to help validate a case as a precedent. It focuses on the <ph keyref="shepards"/> report for Juncker v Tinney.</p>
		</section>
		<section>
			<title>Is it Good Law or Not?</title>
			<p>If you <ph keyref="shepardizefirst"/> Juncker v Tinney (549 F. Supp. 574), its <ph keyref="shepsignalsingularfirst"/> indicates positive treatment.  Juncker v Tinney appears to be good law. But is it?</p>
			<p>Click the Table of Authorities category, and it shows that Juncker v Tinney relied on a case that has received negative treatment, as indicated by the <ph keyref="shepardsignalsingular"/> for Parratt v Taylor.</p>
		</section>
		<section>
			<title>Table of Authorities Features</title>
			<p>The <uicontrol>Sort by</uicontrol> menu lets you sort cited references by jurisdiction or analysis.</p>
			<p>Using options in the <uicontrol>Narrow By</uicontrol> pane, you can narrow the Table of Authorities to display only cited cases:</p>
			<ul>
				<li>With specific types of analysis</li>
				<li>From certain courts</li>
				<li>That state your specific fact or point of law</li>
			</ul>
			<p>Each cited case includes:</p>
			<ul>
				<li>A description of how your case treated the cited case</li>
				<li>The <ph keyref="shepardsignalsingular"/> for the cited case</li>
				<li>An indication of the depth of discussion of the cited case</li>
			</ul>
		</section>
		<section>
			<title>Checking Your Case's Case</title>
			<p>Each cited case has links for easy access to:</p>
			<ul>
				<li>The full text of the cited case</li>
				<li>Your <i>Shepardized</i> case, opened at its first reference to the cited case</li>
			</ul>
			<p>And you can fully <i>Shepardize</i>® a cited case by selecting its <ph keyref="shepardsignalsingular"/>. If you do that with Parratt v Talyor, then switch to its Citing Decisions category, you'll find that Parratt was overturned, which may reveal that Juncker is "bad law", since it relied on Parratt.</p>
			<p>And for further verification, it's a good idea to check the pinpoint page to see why the case was overruled.</p>
			<p>With <i>Shepard's</i> Table of Authorities, you can quickly evaluate the authorities your case relies on.</p>
			<p>You can find more information about the <ph keyref="shepardsfirst"/> in other Help topics.</p>
			<p>This concludes the tutorial.</p>
		</section>
	</refbody>

	<!--Barb: You can leave the related link below as-is.-->

	<related-links>
		<linklist>
			<link href="tutorialshepover_cpt.xml"/>
		</linklist>
	</related-links>
</reference>