<?xml version="1.0" encoding="utf-8"?>
<!DOCTYPE reference PUBLIC "-//IBM//DTD DITA Composite//EN" "c:/dtd/ditabase.dtd">
<reference id="tutorialresultstext_ref">

<!--Barb: Replace the TotalPatent and author info in the prolog below, then replicate Liz's text-only tutorial in the body, just using sections, titles and paragraph tags, much like you already see here.-->

	<title>Lexis Advance&#174; Text-only Tutorial</title>
	<prolog>
		<author>Multimedia Team</author>
		<author>Barb Bruns</author>
		<copyright>
			<copyryear year="2010"/>
			<copyrholder>Lexisnexis</copyrholder>
		</copyright>
		<critdates>
			<created date="2010-04-14"/>
		</critdates>
		<metadata>
			<prodinfo>
				<prodname>Lexis Advance</prodname>
				<vrmlist>
					<vrm version="1"/>
				</vrmlist>
			</prodinfo>
		</metadata>
	</prolog>
	<refbody>
		<section>
<title>Working with Search Results in <ph keyref="prodnamefirst"/>.</title>
			<p><ph keyref="prodname"/> provides a variety of ways to view, sort, and filter your search results.</p>

<p>This tutorial describes how to work with search results, including the Results List and Full Document pages.</p> 

<p>This example is based on a search for information about dog bites.</p>
</section>
<section>
<title>Results List.</title>
<p>Results appear in a tab with a portion of your search.</p>

<p>You can have results opened in more than one tab at a time and select the tabs to display each set of results.</p>

<p>Click the Close icon to close a tab. When you close your last tab, you return to the Search screen.</p>

<p>You can review documents from <ph keyref="companyfirst"/> sources and from related content found on the Web by selecting the appropriate tab.</p>

<p>The search box is available at the top of search results screens. Use it anytime to modify your search or enter a new one.</p>

<p>You can sort documents a number of ways using the "Sort by" menu.</p>

<p>Column headers are links you can also use to sort your documents.</p>

<p>Use the "Items per page" menu to choose whether the document list displays 10, 25, or 50 items per page.</p>

<p>Use the navigation arrows or the page numbers at the bottom of the list to display another page.</p>
<p>Click the "Create an alert" link if you'd like to save this search to run automatically on a schedule you specify.</p>
<p>Use the Term, Overview, or Both links to select what text appears for each document.</p>
<ul>
<li>Terms displays the "best paragraph", which is a short section of the document with the highest concentration of search terms. Results lists always display with Terms selected.</li>
<li>Overview displays an overview of the document written by <ph keyref="company"/> editors.</li>
<li>Both lets you display the best paragraph and the overview.</li>
</ul>


<p>Each document title is a link that displays the full text. The document is opened in its own tab. You can also select the best paragraph to open the document at that section.</p>

<p>You can also use their checkboxes to select 1 or more documents to add to a work folder, download, or email.</p>
</section>
<section>
<title>Narrowing Results.</title>

<p>The Narrow By pane, on the left of the document list, provides a variety of ways to filter your search results.</p>

<p>The number and types of options depend on the type of search you ran and the documents it retrieved. These filters include:</p>

<ul>
<li>Content Type.</li> 
<li>Jurisdiction.</li>
<li>Timeline.</li> 
<li>Practice Areas and Topics.</li>
<li>Citations.</li>
<li>and others.</li> 
</ul>
<p>To display the full list of choices in a category, select its More link.</p>

<p>Choose the "Select multiple" link to display the full list with checkboxes, so you can select more than 1 item.</p>

<p>Use the Timeline to limit the results to a date range.</p> 

<p>You can use the sliders to set the start and end dates, or type them in the date boxes. Then select the OK button to view the results.</p>

<p>As you select filters (for example, if you selected the "Civil Procedure" option), the "Narrow By" pane lists them at the top. You can remove a filter by selecting its Close icon. Remove all filters to return to your original results list.</p>
</section>
<section>
<title>Full Document.</title>
<p>Select a document title to open it in a new tab.</p>

<p>The full document page has the full text of the document, along with some useful tools.</p>

<p>The Tools pane on the right side has a "Copy citation" link, which lets you place a copy of the document citation on your clipboard, You can also highlight text in the document and use other Tools-pane links to copy that text to your clipboard or to one of your work folders.</p>

<p>The <ph keyref="litnamefirst"/> provides a map of the citations in your case and their citing references.</p>

<p>The area at the bottom of the screen shows a portion of the document list, with the current document highlighted. Place the cursor over an item to display information about the document.</p>

<p>You can close the right and bottom panels to display more of the document. Just select the expand icon.</p>

<p>Besides scrolling to the section of the document you’re interested in, there are a few ways to navigate.</p>

<p>Use the Jump to... menu to go to a specific segment of the document.</p>

<p>There are a couple ways to change pagination. You can select one of the links at the top of the document; or you can use the Reporter menu, which is on the left side below the document. Then use the arrows next to the menu to jump from page to page.</p>

<p>You can use the terms menu, which is on the right side below the document, to select a specific search term, or all terms. Then use the arrows next to the Terms menu to jump from term to term.</p>

<p>If you’d like to add the document to one of your work folders, select the checkbox on the left above the document, then select the nearby folder icon. You can also save (download) and email the document.</p>

<p>To print the document, select the print icon above the document. This opens a printer-friendly version of the document, which has a Print button.</p> 

<p>You can find more information about working with search results in other Help topics.</p>

<p>This concludes the "Working with Results in <ph keyref="prodname"/>" tutorial.</p> 
 


		</section>
	</refbody>

<!--Barb: You can leave the related link below as-is.-->

	<related-links>
		<linklist>
			<link href="tutorialsearch_cpt.xml"/>
		</linklist>
	</related-links>
</reference>