<?xml version="1.0" encoding="utf-8"?>
<!DOCTYPE reference PUBLIC "-//IBM//DTD DITA Composite//EN" "c:/dtd/ditabase.dtd">
<reference id="tutorialalertstext_ref" audience="res">

	<!--Barb: Replace the TotalPatent and author info in the prolog below, then replicate Liz's text-only tutorial in the body, just using sections, titles and paragraph tags, much like you already see here.-->

	<title>Lexis Advance&#xAE; Text-only Tutorial</title>
	<prolog>
		<author>Multimedia Team</author>
		<author>Mike Lloyd</author>
		<copyright>
			<copyryear year="2012"/>
			<copyrholder>Lexisnexis</copyrholder>
		</copyright>
		<critdates>
			<created date="2012-03-24"/>
		</critdates>
		<metadata>
			<prodinfo>
				<prodname>Lexis Advance</prodname>
				<vrmlist>
					<vrm version="1"/>
				</vrmlist>
			</prodinfo>
		</metadata>
	</prolog>
	<refbody>
		<section>
			<title>Using My Alerts</title>
			<p>Alerts are searches you set to run at scheduled intervals to stay updated on your subjects of interest.</p>
			<p>This tutorial describes how to create and manage alerts.</p>
			<p>You can create alerts for:</p>
			<ul>
				<li>Searches</li>
				<li>
					<ph keyref="shepardsfirst"/> reports</li>
				<li>Topics</li>
				<li>Compare Search Results</li>
				<li>Find Similar Documents</li>
			</ul>
		</section>
		<section>
			<title>Setting up a Search Alert</title>
			<p>To set up a search alert, run the search, then select the "Create an alert" icon on the results page.</p>
			<p>The "Create New Search Alert" box appears, where you can set options for your alert.</p>
			<p>These options differ, depending on which type of alert you’re creating</p>
			<ul>
				<li>You can use the suggested "Title" (your search terms), or enter a title of your choice.</li>
				<li>"Type" tells you the type of alert you are creating.</li>
				<li>The "Search Terms" field shows your search terms.</li>
				<li>"Client" shows the client for which you ran the search. Use the "Set Client" link if you want to save the alert with a different client.</li>
				<li>Under "Monitor for New Documents", select the boxes of the content types you want the alert to search.</li>
				<li>The alert also will apply any filters you’ve selected, which appear under "You’ve selected" in the "Narrow By" pane on your results page.</li>
				<li>Use the "How Often" menu to choose how often you’d like the alert to search for new documents. If you choose Weekly, select the day of the week; if you choose Monthly, select the day of the month</li>
				<li>Use "Alert Duration" to set the alert's "From" and "To" dates. You can either type the dates or choose them from the calendars. Alert durations can be up to 2 years.</li>
				<li>Use the "Delivery Type" menu to choose how you would like to receive updates. If you choose Email, enter your email address and choose whether you want to receive the email in HTML or text format.</li>
			</ul>
			<p>Click the "Save" button to save the alert.</p>
		</section>
		<section>
			<title>Setting up a <ph keyref="shepalert"/></title>
			<p>First, <i>Shepardize</i>&#174; the citation you want the alert to monitor. Then select the "Create an alert" icon at the top of your results list.</p>
			<p>The "Create New <ph keyref="shepalert"/>" box appears, where you can set options for the alert.</p>
			<ul>
				<li>You can use the suggested "Title" (which is the name of the report), or enter a title of your choice.</li>
				<li>Select an option under "Monitor this Citation for" to choose the of changes you would like to be notified about.</li>
				<li>Custom settings will vary depending on whether the alert is for case law or a statute.</li>
				<li>The remaining options are the same as those for search alerts.</li>
			</ul>
			<p>Click the "Save" button to save the alert.</p>
		</section>
		<section>
			<title>Setting up a Topic Alert</title>
			<p>A Topic alert notifies you when the content of a topic is updated.</p>
			<p>To select a topic for an alert, find the topic:</p>
			<ol>
				<li>Click the "Topic" link above the search box.</li>
				<li>Click the "Browse all topics..." link.</li>
				<li>Choose a practice area and navigate to the desired topic.</li>
			</ol>
			<p>To set up the alert, select the topic name (link), then select "Set up an alert for topic".</p>
			<p>The "Create New Topic Alert" box appears, where you can set options for the alert. These options are similar to those for other alerts.</p>
			<p>Click the "Save" button to save your alert.</p>
		</section>
		<section>
			<title>Setting up a Compare Search Results or Find Similar Results Alert</title>
				<p>You can set up alerts for research map search results.</p>
				<p>Note that you can set up search alerts from the research map. Just select a results icon, then select the "Create an alert" link.</p>
				<p>You can also set up alerts for the "Compare Search Results" and "Find Similar Results" features.</p>
				<p>Display the results by selecting your results or documents, then selecting the appropriate "Find" button on the research map. Then select the "Create an alert" icon at the top of your results list, and set your alert options.</p>
				<p>Click the "Save" button to save the alert.</p>
		</section>
		<section>
			<title>Managing Alerts and Viewing their Results</title>
			<p>You can display alerts from the My Workspace menu:</p>
			<ol>
				<li>Click "My Workspace" at the top of the page to open the menu.</li>
				<li>Hover on "Alerts" to display more options.</li>
			</ol>
			<p>With this menu, you can view updates for an alert by selecting the alert name, or display the Alerts page by selecting the "Alerts" or "Go to all alerts" link.</p>
			<p>On the Alerts page, you can:</p>
			<ul>
				<li>Click an alert title to view its updates.</li>
				<li>Display specific alerts using the "Search Alerts" box and "Narrow By" options.</li>
				<li>Sort your alerts using the column headers or the "Sort by" menu.</li>
				<li>Perform tasks such as pausing/resuming alerts, editing them, etc., using links under its title for an individual alert. The "Actions" menu lets you perform similar tasks for 1 or more alerts you have selected using their checkboxes.</li>
			</ul>
			<p>This concludes the "Using My Alerts" tutorial.</p>
		</section>
	</refbody>

	<!--Barb: You can leave the related link below as-is.-->

	<related-links>
		<linklist>
			<link href="tutorialalerts_cpt.xml"/>
		</linklist>
	</related-links>
</reference>