<?xml version="1.0" encoding="utf-8"?>
<!DOCTYPE reference PUBLIC "-//IBM//DTD DITA Composite//EN" "c:/dtd/ditabase.dtd">
<reference id="tutorialgettingstartedtext_ref">

	<!--Barb: Replace the TotalPatent and author info in the prolog below, then replicate Liz's text-only tutorial in the body, just using sections, titles and paragraph tags, much like you already see here.-->

	<title>Lexis Advance&#xAE; Text-only Tutorial</title>
	<prolog>
		<author>Multimedia Team</author>
		<author>Mike Lloyd</author>
		<copyright>
			<copyryear year="2012"/>
			<copyrholder>Lexisnexis</copyrholder>
		</copyright>
		<critdates>
			<created date="2012-03-24"/>
		</critdates>
		<metadata>
			<prodinfo>
				<prodname>Lexis Advance</prodname>
				<vrmlist>
					<vrm version="1"/>
				</vrmlist>
			</prodinfo>
		</metadata>
	</prolog>
	<refbody>
		<section>
			<title>Getting Started with <ph keyref="prodnamefirst"/>.</title>
			<p>Welcome to <ph keyref="prodnamefirst"/>! This tutorial will help get you started by highlighting many of the Lexis Advance&#xAE; features and functions.</p>
			<p>We'll review:</p>
			<ul>
				<li>The home page and searching</li>
				<li>Search results</li>
				<li>The <ph keyref="shepname"/></li>
				<li>Helpful tools such as alerts, folders, and search history</li>
			</ul>
		</section>
		<section>
			<title>Lexis Advance&#xAE; Home Page</title>
			<p>After signing in, you'll see the Lexis Advance home page.</p>
			<p>At the top of the page, you'll find a drop-down, which lets you choose from a variety of <ph keyref="companyfirst"/> products that are available to you. If more than 1 are available to you, they will be listed there.</p>
			<p>There are also tools that let you:</p>
			<ul>
				<li>Set up a new client ID or, after setting up client IDs, choose from a list of them</li>
				<li>Go to Alerts, My Folders, or History (more on those later)</li>
				<li>Set your preferences</li>
				<li>Find Help</li>
				<li>Provide feedback</li>
			</ul>
			<p>The My Workspace carousel gives you quick access to your work, including:</p>
			<ul>
				<li>Alerts</li>
				<li>Work folders</li>
				<li>Search History, plus</li>
				<li>Top News from Law360</li>
				<li>Customer Support Information</li>
			</ul>
		</section>
		<section>
			<title>Searching</title>
			<p>To search, enter your search terms, select which types of results you'd like, and select the Search button.</p>
			<p>As you enter search terms, Lexis Advance&#xAE; analyzes them and offers suggestions. Just select a suggestion to use it in your search.</p>
			<p>If your search terms include connectors, Lexis Advance runs a Boolean search; otherwise, it runs a natural language search.</p>
			<p>Not sure how best to construct your search? Select the Search Tips link to get started.</p>
			<p>Do you prefer searching by topic or source? Click Browse Topics to display a list of research topics that you can search or browse. Or select Browse Sources to display a list of sources that you can also search or browse. For sources with a table of contents, select its link to start browsing.</p>
			<p>Searching is described in more detail in a separate tutorial.</p>
		</section>
		<section>
			<title>Search Results</title>
			<p>Results are organized by content type, each with its own tab. Just select a content type to display its documents.</p>
			<p>Options in the “Narrow By” pane let you filter your results in a variety of ways.</p>
			<p>You can also search within your results, which lets you focus on more specific terms.</p>
			<p>Select documents to:</p>
			<ul>
				<li>Save to a work folder</li>
				<li>Print</li>
				<li>Download</li>
				<li>Email</li>
			</ul>
			<p>Click the “Create an alert” icon to set up an alert for the search.</p>
			<p>Click a document title to open it in a new tab.</p>
			<p>This new tab has the full text of the document, along with some useful tools.</p>
			<p>The Tools menu lets you:</p>
			<ul>
				<li>Place a copy of the document citation on your clipboard</li>
				<li>Do a number of things with text you have already selected in the document</li>
			</ul>
			<p>Use the Jump to... menu to go to a specific segment of the document.</p>
			<p>Use the Reporter menu or links to change pagination.</p>
			<p>The <ph keyref="litnamefirst"/> provides a map of the citations in your case and their citing references.</p>
			<p>Working with search results and using the <ph keyref="litname"/> are described in more detail in a separate tutorial.</p>
		</section>
		<section>
			<title>The <ph keyref="shepname"/></title>
			<p>The <ph keyref="shepname"/> provides a comprehensive report of the cases, statutes, secondary sources, and annotations that cite your document.</p>
			<p>You can <i>Shepardize</i>&#174; a document by entering its citation in the search box and selecting the <ph keyref="shepardsfirst"/> button, or by selecting its <ph keyref="shepsignalsingularfirst"/> in a results list.</p>
			<p>The <ph keyref="shepards"/> report has 4 categories, each containing different types of information about the document you <i>Shepardized</i>&#153;.</p>
			<p>This report also includes graphical representations.</p>
			<p>The <ph keyref="shepname"/> is described in more detail in other tutorials.</p>
		</section>
		<section>
			<title><ph keyref="companyfirst"/> Alerts</title>
			<p>Alerts let you set up a search to run automatically and notify you of the results.</p>
			<p>You can set up alerts for:</p>
			<ul>
				<li>Searches</li>
				<li>Topics</li>
				<li><ph keyref="shepards"/> reports</li>
				<li>And more</li>
			</ul>
			<p>Working with alerts is described in more detail in a separate tutorial.</p>
		</section>
		<section>
			<title>Work Folders</title>
			<p>Work folders help you keep all your research organized in one place.</p>
			<p>You can save search results, documents, notes, and more for an unlimited time.</p>
			<p>Working with folders is described in more detail in a separate tutorial.</p>
		</section>
		<section>
			<title>Research History</title>
			<p>The Lexis Advance History feature makes it easy for you to resume interrupted research, rerun a search from a previous session, and more.</p>
			<p>Searches, document views, <ph keyref="shepards"/> reports, document delivery, Web page views, topic summaries, and more are recorded.</p>
			<p>You can view your research history in a list view or as a graphical research map.</p>
			<p>Research history is described in more detail in other tutorials.</p>
			<p>This concludes the tutorial.</p>
		</section>
	</refbody>

	<!--Barb: You can leave the related link below as-is.-->

	<related-links>
		<linklist>
			<link href="tutorialgettingstarted_cpt.xml"/>
		</linklist>
	</related-links>
</reference>