<?xml version="1.0" encoding="utf-8"?>
<!DOCTYPE reference PUBLIC "-//IBM//DTD DITA Composite//EN" "c:/dtd/ditabase.dtd">
<reference id="tutorialsearchtext_ref" audience="res">

<!--Barb: Replace the TotalPatent and author info in the prolog below, then replicate Liz's text-only tutorial in the body, just using sections, titles and paragraph tags, much like you already see here.-->

	<title>Lexis Advance&#174; Text-only Tutorial</title>
	<prolog>
		<author>Multimedia Team</author>
		<author>Mike Lloyd</author>
		<copyright>
			<copyryear year="2007"/>
			<copyrholder>Lexisnexis</copyrholder>
		</copyright>
		<critdates>
			<created date="2007-09-12"/>
		</critdates>
		<metadata>
			<prodinfo>
				<prodname>Lexis Advance</prodname>
				<vrmlist>
					<vrm version="1"/>
				</vrmlist>
			</prodinfo>
		</metadata>
	</prolog>
	<refbody>
		<section>

<title>Searching with <ph keyref="prodnamefirst"/>.</title>
			<p><ph keyref="prodname"/> lets you easily search <ph keyref="companyfirst"/> sources and related Web content.</p>

<p>It's as easy as 1, 2, 3.</p>

<ol>
<li>Enter search terms in the Search box.</li> 
<li>Choose how to restrict your results.</li> 
<li>Select the Search button.</li>
</ol>
 
<p>As you enter search terms, <ph keyref="prodname"/> analyzes them, and offers suggestions.</p>

<p>Search terms can include connectors (such as "and", "or", "near"). You can use the wildcard characters * (at the end of a root word) and ? (as any single character) to find variations of words.</p>

<p>For more information about using connectors or finding variations of words, please refer to those Help topics.</p>

<p>To <ph keyref="shepardizefirst"/> a citation, select the <ph keyref="shepards"/> tab, then enter your citation. You can also enter "shep", followed by a colon, followed by the document citation, for examlpe, shep: 800 f.2d 111.</p>

<p>You can use the links at the bottom of the search box to limit search results to specific:</p>

<ul>
<li>Content types</li> 
<li>Jurisdictions</li> 
<li>Practice areas and topics</li>
</ul>
 
<p>Then select the Search button to run your search.</p>

<p>Any limitations you set remain in effect for subsequent searches.</p>

<p>You can use the Search Options form to enter or add to your search terms by selecting the "Search Options" link at the bottom of the search box. Use the drop-down list to select the relationships between terms, then enter the terms in the search field.</p> 

<p>Select the "Add to search" button to add terms. When your search terms are complete, select the Close button to return to the search screen.</p>

<p>You can also run a search you saved to a work folder or from the search history. These are listed in the "My Workspace" area of the search form. Just select the search you want to run.</p>

<p>This concludes the "Searching with <ph keyref="prodname"/>" tutorial.</p> 


		</section>
	</refbody>

<!--Barb: You can leave the related link below as-is.-->

	<related-links>
		<linklist>
			<link href="tutorialresults_cpt.xml"/>
		</linklist>
	</related-links>
</reference>